dataset_key,model_key,train_n,test_n,model_feature_count,fit_index_hash,test_index_hash,relevance_train_hash,resampling_method,synthetic_n,resampled_train_n,final_rare_ratio_train,invalid_nominal_total,invalid_binary_total,invalid_onehot_group_total,ordinal_noninteger_total,out_of_bounds_total,sample_weight_min,sample_weight_mean,sample_weight_max,n,rmse,mae,r2,wmse,sera,oiha,rare_count,normal_count,rare_ratio,rare_rmse,rare_mae,normal_rmse,normal_mae,protocol,scenario,dataset_name,repeat,fold,split_seed,model_seed,rf_n_estimators,train_index_sha256,test_index_sha256,actual_group_overlap_n,overlap_test_rows_n,test_group_n,elapsed_seconds,task_id
abalone,ekk,3759,418,10,070316c1b8ca7a5ec02d10cbe5c9d6c87ccf56ce408a2ed20a2e07f973b714e3,40be2bb82b121af192bc90ffad58dd0b50495d71c5cbe1d0a088205db9a08c4e,5474155c8a592708c3fafce74653c027d14aeead39f617eb4ae4bf0557f5afa8,none,0,3759,0.27427507315775473,0,0,0,0,0,,,,418,2.093043169153579,1.4928926475661866,0.6039927435427122,8.32430006016255,2.9751102741470263,3.318974388408241,110,308,0.2631578947368421,3.2918442141513107,2.514732106023464,1.440599399051396,1.1279499838314444,protocol_sensitivity_grouped10fold,main_10fold,Abalone,1,1,42,70100101,100,a35c41f23a39c85d5c22f8f13920e82b6fd23c0001bf392b4d80e24eb9f97efb,1ec07f0950ac0c29aef6411faee6c741e1744fdfcdd1543a181e44c94bf5d31c,0,0,418,0.025161,protocol_sensitivity_grouped10fold|abalone|r1|f1|ekk
abalone,rf,3759,418,10,070316c1b8ca7a5ec02d10cbe5c9d6c87ccf56ce408a2ed20a2e07f973b714e3,40be2bb82b121af192bc90ffad58dd0b50495d71c5cbe1d0a088205db9a08c4e,5474155c8a592708c3fafce74653c027d14aeead39f617eb4ae4bf0557f5afa8,none,0,3759,0.27427507315775473,0,0,0,0,0,,,,418,2.1006728954734637,1.4517501046243997,0.6011003674997832,8.301309369077181,2.968068586021229,3.335821321382749,110,308,0.2631578947368421,3.223434888811763,2.2422709591902295,1.5092818360710487,1.1694212279937466,protocol_sensitivity_grouped10fold,main_10fold,Abalone,1,1,42,70100102,100,a35c41f23a39c85d5c22f8f13920e82b6fd23c0001bf392b4d80e24eb9f97efb,1ec07f0950ac0c29aef6411faee6c741e1744fdfcdd1543a181e44c94bf5d31c,0,0,418,0.218378,protocol_sensitivity_grouped10fold|abalone|r1|f1|rf
abalone,smote_r_rf,3759,418,10,070316c1b8ca7a5ec02d10cbe5c9d6c87ccf56ce408a2ed20a2e07f973b714e3,40be2bb82b121af192bc90ffad58dd0b50495d71c5cbe1d0a088205db9a08c4e,5474155c8a592708c3fafce74653c027d14aeead39f617eb4ae4bf0557f5afa8,smote_r,1697,5456,0.5,0,0,0,0,0,,,,418,2.1578853442836845,1.511589233255177,0.579076179765521,7.804241649391749,2.7914509442944424,3.446572397745621,110,308,0.2631578947368421,3.042392964088613,2.034999978421578,1.7360081320319019,1.3246568242671766,protocol_sensitivity_grouped10fold,main_10fold,Abalone,1,1,42,70100103,100,a35c41f23a39c85d5c22f8f13920e82b6fd23c0001bf392b4d80e24eb9f97efb,1ec07f0950ac0c29aef6411faee6c741e1744fdfcdd1543a181e44c94bf5d31c,0,0,418,0.52795,protocol_sensitivity_grouped10fold|abalone|r1|f1|smote_r_rf
abalone,smogn_rf,3759,418,10,070316c1b8ca7a5ec02d10cbe5c9d6c87ccf56ce408a2ed20a2e07f973b714e3,40be2bb82b121af192bc90ffad58dd0b50495d71c5cbe1d0a088205db9a08c4e,5474155c8a592708c3fafce74653c027d14aeead39f617eb4ae4bf0557f5afa8,smogn,1697,5456,0.5,0,0,0,0,0,,,,418,2.1121919940626643,1.4832469065768668,0.596713618366926,7.709852761039693,2.7573377505239933,3.2960993961520777,110,308,0.2631578947368421,3.052488781499557,2.0830501018161387,1.6513480763555102,1.2690314797056979,protocol_sensitivity_grouped10fold,main_10fold,Abalone,1,1,42,70100104,100,a35c41f23a39c85d5c22f8f13920e82b6fd23c0001bf392b4d80e24eb9f97efb,1ec07f0950ac0c29aef6411faee6c741e1744fdfcdd1543a181e44c94bf5d31c,0,0,418,0.521158,protocol_sensitivity_grouped10fold|abalone|r1|f1|smogn_rf
abalone,relevance_weighted_rf,3759,418,10,070316c1b8ca7a5ec02d10cbe5c9d6c87ccf56ce408a2ed20a2e07f973b714e3,40be2bb82b121af192bc90ffad58dd0b50495d71c5cbe1d0a088205db9a08c4e,5474155c8a592708c3fafce74653c027d14aeead39f617eb4ae4bf0557f5afa8,none,0,3759,0.27427507315775473,0,0,0,0,0,0.1372414103003376,1.0000000000000002,2.7448282060067517,418,2.096860776028935,1.4495649595820357,0.602546830939136,8.338341531185167,2.981255765516531,3.312400517249106,110,308,0.2631578947368421,3.2308082151088118,2.2390922741745856,1.496402079103926,1.1675909186561253,protocol_sensitivity_grouped10fold,main_10fold,Abalone,1,1,42,70100105,100,a35c41f23a39c85d5c22f8f13920e82b6fd23c0001bf392b4d80e24eb9f97efb,1ec07f0950ac0c29aef6411faee6c741e1744fdfcdd1543a181e44c94bf5d31c,0,0,418,0.205995,protocol_sensitivity_grouped10fold|abalone|r1|f1|relevance_weighted_rf
abalone,ekk,3759,418,10,49974bac11b4a16a168ac42a98d7fa0c87245729ecb9efb24f225992e53218cf,4d07b7316f02d75c957d600197a6cfbab4f3818cb7161bd9887828c2f6eda008,05f1cea7b6acd5f740e93a7c79ea9b34d4a14a28652b64e2f2fa4915fb8e9161,none,0,3759,0.2724128757648311,0,0,0,0,0,,,,418,2.2043768251278237,1.6184515876586276,0.5285607729479416,8.439480075327445,3.001009982875013,3.60869580446735,117,301,0.2799043062200957,3.1858791306930496,2.458444832868266,1.6741619031772161,1.2919425853678381,protocol_sensitivity_grouped10fold,main_10fold,Abalone,1,2,42,70100201,100,d616cfadf6db82f65bed569cdebec68e85d86e67267ecb19dc62cee59a585b36,d6965796c4d4993960dc8ca6d156c5c1baace818c6a9edb2428860cfc9df6fba,0,0,418,0.022032,protocol_sensitivity_grouped10fold|abalone|r1|f2|ekk
abalone,rf,3759,418,10,49974bac11b4a16a168ac42a98d7fa0c87245729ecb9efb24f225992e53218cf,4d07b7316f02d75c957d600197a6cfbab4f3818cb7161bd9887828c2f6eda008,05f1cea7b6acd5f740e93a7c79ea9b34d4a14a28652b64e2f2fa4915fb8e9161,none,0,3759,0.2724128757648311,0,0,0,0,0,,,,418,2.1405553043350185,1.5774229269992306,0.5554639883263968,7.629290439521579,2.7138511491080375,3.395646612390174,117,301,0.2799043062200957,3.0375192718943063,2.3141055767327394,1.666319836736816,1.291071199361953,protocol_sensitivity_grouped10fold,main_10fold,Abalone,1,2,42,70100202,100,d616cfadf6db82f65bed569cdebec68e85d86e67267ecb19dc62cee59a585b36,d6965796c4d4993960dc8ca6d156c5c1baace818c6a9edb2428860cfc9df6fba,0,0,418,0.21511,protocol_sensitivity_grouped10fold|abalone|r1|f2|rf
abalone,smote_r_rf,3759,418,10,49974bac11b4a16a168ac42a98d7fa0c87245729ecb9efb24f225992e53218cf,4d07b7316f02d75c957d600197a6cfbab4f3818cb7161bd9887828c2f6eda008,05f1cea7b6acd5f740e93a7c79ea9b34d4a14a28652b64e2f2fa4915fb8e9161,smote_r,1711,5470,0.5,0,0,0,0,0,,,,418,2.2062365159529644,1.6601820643308014,0.5277649915588414,7.121899448502475,2.535249477578671,3.579906624187789,117,301,0.2799043062200957,2.8555553449164637,2.167851049315946,1.8947080416801814,1.4628489372767752,protocol_sensitivity_grouped10fold,main_10fold,Abalone,1,2,42,70100203,100,d616cfadf6db82f65bed569cdebec68e85d86e67267ecb19dc62cee59a585b36,d6965796c4d4993960dc8ca6d156c5c1baace818c6a9edb2428860cfc9df6fba,0,0,418,0.512461,protocol_sensitivity_grouped10fold|abalone|r1|f2|smote_r_rf
abalone,smogn_rf,3759,418,10,49974bac11b4a16a168ac42a98d7fa0c87245729ecb9efb24f225992e53218cf,4d07b7316f02d75c957d600197a6cfbab4f3818cb7161bd9887828c2f6eda008,05f1cea7b6acd5f740e93a7c79ea9b34d4a14a28652b64e2f2fa4915fb8e9161,smogn,1711,5470,0.5,0,0,0,0,0,,,,418,2.2064182772142615,1.658704244748505,0.5276871779918285,7.214883441104304,2.5682202624222814,3.5777528973076618,117,301,0.2799043062200957,2.884778975550715,2.190814111355191,1.8777182691094094,1.4518708414495607,protocol_sensitivity_grouped10fold,main_10fold,Abalone,1,2,42,70100204,100,d616cfadf6db82f65bed569cdebec68e85d86e67267ecb19dc62cee59a585b36,d6965796c4d4993960dc8ca6d156c5c1baace818c6a9edb2428860cfc9df6fba,0,0,418,0.52565,protocol_sensitivity_grouped10fold|abalone|r1|f2|smogn_rf
abalone,relevance_weighted_rf,3759,418,10,49974bac11b4a16a168ac42a98d7fa0c87245729ecb9efb24f225992e53218cf,4d07b7316f02d75c957d600197a6cfbab4f3818cb7161bd9887828c2f6eda008,05f1cea7b6acd5f740e93a7c79ea9b34d4a14a28652b64e2f2fa4915fb8e9161,none,0,3759,0.2724128757648311,0,0,0,0,0,0.13719741438322075,1.0,2.743948287664415,418,2.122539022809907,1.5668440014050864,0.5629154958551734,7.612356499680084,2.707886197039466,3.333067540262012,117,301,0.2799043062200957,3.0321603379276203,2.3235415508564237,1.6378661739728597,1.2727123958044007,protocol_sensitivity_grouped10fold,main_10fold,Abalone,1,2,42,70100205,100,d616cfadf6db82f65bed569cdebec68e85d86e67267ecb19dc62cee59a585b36,d6965796c4d4993960dc8ca6d156c5c1baace818c6a9edb2428860cfc9df6fba,0,0,418,0.196384,protocol_sensitivity_grouped10fold|abalone|r1|f2|relevance_weighted_rf
abalone,ekk,3759,418,10,e7eb44041b7292fafd7c9a6d36be962ed5bc19d6c7fd25d21cb42b80cad08451,3e4e259fbf6b12a8e41e7d9ff2dcb4cbe84955628b3241ae77ef61e796237719,0c4f70a1050909b11ad4339f7b25e56c34d8d62a7dd2e47ef0e223703397939c,none,0,3759,0.27214684756584195,0,0,0,0,0,,,,418,2.3068518774668103,1.6648030866816061,0.49403669426896435,9.145730473823361,3.2916808438640937,3.9148690635347845,118,300,0.2822966507177033,3.386810839713754,2.5352775987923053,1.7038161774859528,1.322416445251398,protocol_sensitivity_grouped10fold,main_10fold,Abalone,1,3,42,70100301,100,5a8ef9467f47f409fd6a15c4e1585a2213fb51336f3135586ad363e15a7e433b,4a850eb3e316fd643adc4b298ce1d9ee75182014599883e65dbe1a0793447912,0,0,418,0.029513,protocol_sensitivity_grouped10fold|abalone|r1|f3|ekk
abalone,rf,3759,418,10,e7eb44041b7292fafd7c9a6d36be962ed5bc19d6c7fd25d21cb42b80cad08451,3e4e259fbf6b12a8e41e7d9ff2dcb4cbe84955628b3241ae77ef61e796237719,0c4f70a1050909b11ad4339f7b25e56c34d8d62a7dd2e47ef0e223703397939c,none,0,3759,0.27214684756584195,0,0,0,0,0,,,,418,2.1203408043990017,1.5174021080623805,0.5725444652970331,7.694195288668756,2.7700500609066285,3.3008348669972456,118,300,0.2822966507177033,3.0566524115704183,2.2736642488937995,1.609114285472352,1.2199389993353562,protocol_sensitivity_grouped10fold,main_10fold,Abalone,1,3,42,70100302,100,5a8ef9467f47f409fd6a15c4e1585a2213fb51336f3135586ad363e15a7e433b,4a850eb3e316fd643adc4b298ce1d9ee75182014599883e65dbe1a0793447912,0,0,418,0.209093,protocol_sensitivity_grouped10fold|abalone|r1|f3|rf
abalone,smote_r_rf,3759,418,10,e7eb44041b7292fafd7c9a6d36be962ed5bc19d6c7fd25d21cb42b80cad08451,3e4e259fbf6b12a8e41e7d9ff2dcb4cbe84955628b3241ae77ef61e796237719,0c4f70a1050909b11ad4339f7b25e56c34d8d62a7dd2e47ef0e223703397939c,smote_r,1713,5472,0.5,0,0,0,0,0,,,,418,2.2174908159079876,1.6168458721689125,0.532476697425411,7.116516392182149,2.5640524241933225,3.5832333569186514,118,300,0.2822966507177033,2.852331088750239,2.0632250580988414,1.9108405264765287,1.4412700590364738,protocol_sensitivity_grouped10fold,main_10fold,Abalone,1,3,42,70100303,100,5a8ef9467f47f409fd6a15c4e1585a2213fb51336f3135586ad363e15a7e433b,4a850eb3e316fd643adc4b298ce1d9ee75182014599883e65dbe1a0793447912,0,0,418,0.521389,protocol_sensitivity_grouped10fold|abalone|r1|f3|smote_r_rf
abalone,smogn_rf,3759,418,10,e7eb44041b7292fafd7c9a6d36be962ed5bc19d6c7fd25d21cb42b80cad08451,3e4e259fbf6b12a8e41e7d9ff2dcb4cbe84955628b3241ae77ef61e796237719,0c4f70a1050909b11ad4339f7b25e56c34d8d62a7dd2e47ef0e223703397939c,smogn,1713,5472,0.5,0,0,0,0,0,,,,418,2.1722274892913407,1.5760977494407375,0.5513680356454729,7.236833156600242,2.606613824725897,3.3977042100493993,118,300,0.2822966507177033,2.922223301396058,2.140487034555481,1.793242223950028,1.3541046306289386,protocol_sensitivity_grouped10fold,main_10fold,Abalone,1,3,42,70100304,100,5a8ef9467f47f409fd6a15c4e1585a2213fb51336f3135586ad363e15a7e433b,4a850eb3e316fd643adc4b298ce1d9ee75182014599883e65dbe1a0793447912,0,0,418,0.515576,protocol_sensitivity_grouped10fold|abalone|r1|f3|smogn_rf
abalone,relevance_weighted_rf,3759,418,10,e7eb44041b7292fafd7c9a6d36be962ed5bc19d6c7fd25d21cb42b80cad08451,3e4e259fbf6b12a8e41e7d9ff2dcb4cbe84955628b3241ae77ef61e796237719,0c4f70a1050909b11ad4339f7b25e56c34d8d62a7dd2e47ef0e223703397939c,none,0,3759,0.27214684756584195,0,0,0,0,0,0.13733036396556225,1.0000000000000002,2.746607279311245,418,2.1540172366067964,1.5314121413708182,0.558858464052858,8.118054141971816,2.922455006484968,3.4513807489406165,118,300,0.2822966507177033,3.1375396715302966,2.3054309569431215,1.610198760371047,1.2269647405790458,protocol_sensitivity_grouped10fold,main_10fold,Abalone,1,3,42,70100305,100,5a8ef9467f47f409fd6a15c4e1585a2213fb51336f3135586ad363e15a7e433b,4a850eb3e316fd643adc4b298ce1d9ee75182014599883e65dbe1a0793447912,0,0,418,0.183023,protocol_sensitivity_grouped10fold|abalone|r1|f3|relevance_weighted_rf
abalone,ekk,3759,418,10,f899fb0fdfc0a9dfeb34033f37f00c4867232d51b6065c2146ddf73c923270d2,c13460ffb9dc45d56331917d36c11ae06db14fef7cb977f6fe3bc00051d710c1,d8778fdc7956f86e0569c6a32c3c7f8f65059b6f2dc5216799bb751be9dafd63,none,0,3759,0.27347698856078745,0,0,0,0,0,,,,418,2.1310883193269183,1.5641748725757396,0.5915181661426441,8.162175323473473,2.9618689614706653,3.3035331598369306,113,305,0.2703349282296651,3.219609778453367,2.5241539275261085,1.5439117854393236,1.2085105013974067,protocol_sensitivity_grouped10fold,main_10fold,Abalone,1,4,42,70100401,100,d26f28c19b3befafa106f113c94459fb96861adb63c220ab99b9c3b783000416,058f4686b9b9b3208682331dd4982966998710cd98f4954fe6728490a46a12d9,0,0,418,0.022492,protocol_sensitivity_grouped10fold|abalone|r1|f4|ekk
abalone,rf,3759,418,10,f899fb0fdfc0a9dfeb34033f37f00c4867232d51b6065c2146ddf73c923270d2,c13460ffb9dc45d56331917d36c11ae06db14fef7cb977f6fe3bc00051d710c1,d8778fdc7956f86e0569c6a32c3c7f8f65059b6f2dc5216799bb751be9dafd63,none,0,3759,0.27347698856078745,0,0,0,0,0,,,,418,2.1519306787854506,1.5022009308645503,0.5834890686314385,8.442568313243015,3.0638668335473263,3.4499679781054438,113,305,0.2703349282296651,3.2836237215752355,2.4044686607558248,1.5335482096788602,1.1679181325769634,protocol_sensitivity_grouped10fold,main_10fold,Abalone,1,4,42,70100402,100,d26f28c19b3befafa106f113c94459fb96861adb63c220ab99b9c3b783000416,058f4686b9b9b3208682331dd4982966998710cd98f4954fe6728490a46a12d9,0,0,418,0.213351,protocol_sensitivity_grouped10fold|abalone|r1|f4|rf
abalone,smote_r_rf,3759,418,10,f899fb0fdfc0a9dfeb34033f37f00c4867232d51b6065c2146ddf73c923270d2,c13460ffb9dc45d56331917d36c11ae06db14fef7cb977f6fe3bc00051d710c1,d8778fdc7956f86e0569c6a32c3c7f8f65059b6f2dc5216799bb751be9dafd63,smote_r,1703,5462,0.5,0,0,0,0,0,,,,418,2.1622436801338245,1.5463392201789559,0.579487294083818,7.762746274147399,2.8186214993308374,3.4363368913622,113,305,0.2703349282296651,3.0961319020814138,2.218856645281735,1.6899439808037606,1.297177026616287,protocol_sensitivity_grouped10fold,main_10fold,Abalone,1,4,42,70100403,100,d26f28c19b3befafa106f113c94459fb96861adb63c220ab99b9c3b783000416,058f4686b9b9b3208682331dd4982966998710cd98f4954fe6728490a46a12d9,0,0,418,0.581506,protocol_sensitivity_grouped10fold|abalone|r1|f4|smote_r_rf
abalone,smogn_rf,3759,418,10,f899fb0fdfc0a9dfeb34033f37f00c4867232d51b6065c2146ddf73c923270d2,c13460ffb9dc45d56331917d36c11ae06db14fef7cb977f6fe3bc00051d710c1,d8778fdc7956f86e0569c6a32c3c7f8f65059b6f2dc5216799bb751be9dafd63,smogn,1703,5462,0.5,0,0,0,0,0,,,,418,2.165439491778718,1.5393681846949763,0.5782433338896553,7.881027185648618,2.8611977666524115,3.422673591912867,113,305,0.2703349282296651,3.130640175586924,2.261445961191894,1.6719018235070173,1.2718442871731674,protocol_sensitivity_grouped10fold,main_10fold,Abalone,1,4,42,70100404,100,d26f28c19b3befafa106f113c94459fb96861adb63c220ab99b9c3b783000416,058f4686b9b9b3208682331dd4982966998710cd98f4954fe6728490a46a12d9,0,0,418,0.593175,protocol_sensitivity_grouped10fold|abalone|r1|f4|smogn_rf
abalone,relevance_weighted_rf,3759,418,10,f899fb0fdfc0a9dfeb34033f37f00c4867232d51b6065c2146ddf73c923270d2,c13460ffb9dc45d56331917d36c11ae06db14fef7cb977f6fe3bc00051d710c1,d8778fdc7956f86e0569c6a32c3c7f8f65059b6f2dc5216799bb751be9dafd63,none,0,3759,0.27347698856078745,0,0,0,0,0,0.1374574902015538,1.0,2.749149804031076,418,2.1463693706437383,1.4922407035090044,0.5856390937701366,8.688942512945292,3.152953485136378,3.4632833856633085,113,305,0.2703349282296651,3.3460940903608973,2.466240062909878,1.4715863603768358,1.1313819244522871,protocol_sensitivity_grouped10fold,main_10fold,Abalone,1,4,42,70100405,100,d26f28c19b3befafa106f113c94459fb96861adb63c220ab99b9c3b783000416,058f4686b9b9b3208682331dd4982966998710cd98f4954fe6728490a46a12d9,0,0,418,0.249425,protocol_sensitivity_grouped10fold|abalone|r1|f4|relevance_weighted_rf
abalone,ekk,3759,418,10,f6ff67aa668a279e4a5fa1088b6a5bf84b14d9bbce97c5922b631f1e3f2b14eb,f2b29a8713de1649168c35d0e07f4a790781088b679baf402f2d19484ec2bbfc,14773435e831d8edcb57f957c6f2213dc954858f576fcbb938113446a2f367af,none,0,3759,0.27294493216280924,0,0,0,0,0,,,,418,2.3501511176437413,1.60357718654622,0.46742600558918246,8.50465246402889,3.073649584097639,4.315343500647428,115,303,0.2751196172248804,3.215473469278149,2.5504994665349634,1.9223248847367893,1.2441842419960372,protocol_sensitivity_grouped10fold,main_10fold,Abalone,1,5,42,70100501,100,b0ba64eeebee3bc80ff999a667094918351578043614157c9315d7ac42c93a80,2267b43fb93b3c8ea95cad03e3b1fca011d292a569ee07e5bcbf288c25aae4ea,0,0,418,0.031653,protocol_sensitivity_grouped10fold|abalone|r1|f5|ekk
abalone,rf,3759,418,10,f6ff67aa668a279e4a5fa1088b6a5bf84b14d9bbce97c5922b631f1e3f2b14eb,f2b29a8713de1649168c35d0e07f4a790781088b679baf402f2d19484ec2bbfc,14773435e831d8edcb57f957c6f2213dc954858f576fcbb938113446a2f367af,none,0,3759,0.27294493216280924,0,0,0,0,0,,,,418,2.0717924319276,1.48349339707437,0.5861138793435356,7.595557886246126,2.742348665102078,3.208554195213042,115,303,0.2751196172248804,3.084782774839026,2.295686131781736,1.5197974438830613,1.1752354284560624,protocol_sensitivity_grouped10fold,main_10fold,Abalone,1,5,42,70100502,100,b0ba64eeebee3bc80ff999a667094918351578043614157c9315d7ac42c93a80,2267b43fb93b3c8ea95cad03e3b1fca011d292a569ee07e5bcbf288c25aae4ea,0,0,418,0.298226,protocol_sensitivity_grouped10fold|abalone|r1|f5|rf
abalone,smote_r_rf,3759,418,10,f6ff67aa668a279e4a5fa1088b6a5bf84b14d9bbce97c5922b631f1e3f2b14eb,f2b29a8713de1649168c35d0e07f4a790781088b679baf402f2d19484ec2bbfc,14773435e831d8edcb57f957c6f2213dc954858f576fcbb938113446a2f367af,smote_r,1707,5466,0.5,0,0,0,0,0,,,,418,2.110588914820175,1.5291287598538545,0.5704678419603901,7.125671300928412,2.5737845131047794,3.255549291292512,115,303,0.2751196172248804,2.914723692281975,2.0738838639348374,1.7090529038066375,1.3223735223313693,protocol_sensitivity_grouped10fold,main_10fold,Abalone,1,5,42,70100503,100,b0ba64eeebee3bc80ff999a667094918351578043614157c9315d7ac42c93a80,2267b43fb93b3c8ea95cad03e3b1fca011d292a569ee07e5bcbf288c25aae4ea,0,0,418,0.607465,protocol_sensitivity_grouped10fold|abalone|r1|f5|smote_r_rf
abalone,smogn_rf,3759,418,10,f6ff67aa668a279e4a5fa1088b6a5bf84b14d9bbce97c5922b631f1e3f2b14eb,f2b29a8713de1649168c35d0e07f4a790781088b679baf402f2d19484ec2bbfc,14773435e831d8edcb57f957c6f2213dc954858f576fcbb938113446a2f367af,smogn,1707,5466,0.5,0,0,0,0,0,,,,418,2.1181925254432326,1.5346605875938468,0.5673674008498946,7.107381811828518,2.567200044614073,3.310697685391646,115,303,0.2751196172248804,2.9074855910028297,2.085059982730214,1.726619208639095,1.3257631273935755,protocol_sensitivity_grouped10fold,main_10fold,Abalone,1,5,42,70100504,100,b0ba64eeebee3bc80ff999a667094918351578043614157c9315d7ac42c93a80,2267b43fb93b3c8ea95cad03e3b1fca011d292a569ee07e5bcbf288c25aae4ea,0,0,418,0.579063,protocol_sensitivity_grouped10fold|abalone|r1|f5|smogn_rf
abalone,relevance_weighted_rf,3759,418,10,f6ff67aa668a279e4a5fa1088b6a5bf84b14d9bbce97c5922b631f1e3f2b14eb,f2b29a8713de1649168c35d0e07f4a790781088b679baf402f2d19484ec2bbfc,14773435e831d8edcb57f957c6f2213dc954858f576fcbb938113446a2f367af,none,0,3759,0.27294493216280924,0,0,0,0,0,0.13740028940260424,1.0000000000000002,2.7480057880520845,418,2.072104963279761,1.4931524699367067,0.5859889998977132,7.652188791704479,2.762812357280108,3.158708463217353,115,303,0.2751196172248804,3.1068093530028396,2.2909038030980233,1.5032663361245135,1.1903755613111247,protocol_sensitivity_grouped10fold,main_10fold,Abalone,1,5,42,70100505,100,b0ba64eeebee3bc80ff999a667094918351578043614157c9315d7ac42c93a80,2267b43fb93b3c8ea95cad03e3b1fca011d292a569ee07e5bcbf288c25aae4ea,0,0,418,0.226246,protocol_sensitivity_grouped10fold|abalone|r1|f5|relevance_weighted_rf
abalone,ekk,3759,418,10,d9e29ca546e56e2a79bb5ec6bdc8bde7b97a8b74bff396d829f4d3ffddd6fe66,180486ffee455fee3e5b98c893eabb86ed43f835b73387ba72995b17d501c3a2,e5575418913c3131ee81479f3808be6b585bbf809c7751b91fc83f2087043957,none,0,3759,0.27321096036179837,0,0,0,0,0,,,,418,2.286142952144856,1.6606292157973064,0.5125451700575162,9.472283398616717,3.3636450338995463,3.995505897967531,114,304,0.2727272727272727,3.4052974537890472,2.700234862278258,1.68459169117145,1.2707770983669497,protocol_sensitivity_grouped10fold,main_10fold,Abalone,1,6,42,70100601,100,c23a4fb35bdfe6967a554483b0a4ac3bcfc1aba9434683af2bf4b6bbf031e6c2,87ba71d1c1e6c2ef48035239a77b31400a15417ace11f8d40f388ae43353784c,0,0,418,0.024693,protocol_sensitivity_grouped10fold|abalone|r1|f6|ekk
abalone,rf,3759,418,10,d9e29ca546e56e2a79bb5ec6bdc8bde7b97a8b74bff396d829f4d3ffddd6fe66,180486ffee455fee3e5b98c893eabb86ed43f835b73387ba72995b17d501c3a2,e5575418913c3131ee81479f3808be6b585bbf809c7751b91fc83f2087043957,none,0,3759,0.27321096036179837,0,0,0,0,0,,,,418,2.2841138108925185,1.6086209454936355,0.5134100991229024,9.589444886477839,3.4059557553056363,4.009496076527444,114,304,0.2727272727272727,3.467072135634164,2.6162580861269933,1.6327571516891624,1.230757017756126,protocol_sensitivity_grouped10fold,main_10fold,Abalone,1,6,42,70100602,100,c23a4fb35bdfe6967a554483b0a4ac3bcfc1aba9434683af2bf4b6bbf031e6c2,87ba71d1c1e6c2ef48035239a77b31400a15417ace11f8d40f388ae43353784c,0,0,418,0.227957,protocol_sensitivity_grouped10fold|abalone|r1|f6|rf
abalone,smote_r_rf,3759,418,10,d9e29ca546e56e2a79bb5ec6bdc8bde7b97a8b74bff396d829f4d3ffddd6fe66,180486ffee455fee3e5b98c893eabb86ed43f835b73387ba72995b17d501c3a2,e5575418913c3131ee81479f3808be6b585bbf809c7751b91fc83f2087043957,smote_r,1705,5464,0.5,0,0,0,0,0,,,,418,2.343526177580723,1.7111712954305407,0.4877673827084108,8.79642998053597,3.1259045670596777,4.104425282199721,114,304,0.2727272727272727,3.247226000941377,2.4287957049381084,1.8967022134318443,1.4420621418652029,protocol_sensitivity_grouped10fold,main_10fold,Abalone,1,6,42,70100603,100,c23a4fb35bdfe6967a554483b0a4ac3bcfc1aba9434683af2bf4b6bbf031e6c2,87ba71d1c1e6c2ef48035239a77b31400a15417ace11f8d40f388ae43353784c,0,0,418,0.606056,protocol_sensitivity_grouped10fold|abalone|r1|f6|smote_r_rf
abalone,smogn_rf,3759,418,10,d9e29ca546e56e2a79bb5ec6bdc8bde7b97a8b74bff396d829f4d3ffddd6fe66,180486ffee455fee3e5b98c893eabb86ed43f835b73387ba72995b17d501c3a2,e5575418913c3131ee81479f3808be6b585bbf809c7751b91fc83f2087043957,smogn,1705,5464,0.5,0,0,0,0,0,,,,418,2.312588073258521,1.6927080171814919,0.5012026075660105,8.745957872244954,3.1080847627956336,3.9923333990920895,114,304,0.2727272727272727,3.2428046752743986,2.4178839109772805,1.8466643264413491,1.4207670570080708,protocol_sensitivity_grouped10fold,main_10fold,Abalone,1,6,42,70100604,100,c23a4fb35bdfe6967a554483b0a4ac3bcfc1aba9434683af2bf4b6bbf031e6c2,87ba71d1c1e6c2ef48035239a77b31400a15417ace11f8d40f388ae43353784c,0,0,418,0.544189,protocol_sensitivity_grouped10fold|abalone|r1|f6|smogn_rf
abalone,relevance_weighted_rf,3759,418,10,d9e29ca546e56e2a79bb5ec6bdc8bde7b97a8b74bff396d829f4d3ffddd6fe66,180486ffee455fee3e5b98c893eabb86ed43f835b73387ba72995b17d501c3a2,e5575418913c3131ee81479f3808be6b585bbf809c7751b91fc83f2087043957,none,0,3759,0.27321096036179837,0,0,0,0,0,0.13712496670962532,1.0000000000000002,2.742499334192506,418,2.2662857173959408,1.6081190677357442,0.5209763727677985,9.455819051721475,3.3583722335073314,3.933121095718806,114,304,0.2727272727272727,3.445789251408787,2.6191304378535305,1.6154012576689796,1.2289898039415743,protocol_sensitivity_grouped10fold,main_10fold,Abalone,1,6,42,70100605,100,c23a4fb35bdfe6967a554483b0a4ac3bcfc1aba9434683af2bf4b6bbf031e6c2,87ba71d1c1e6c2ef48035239a77b31400a15417ace11f8d40f388ae43353784c,0,0,418,0.220964,protocol_sensitivity_grouped10fold|abalone|r1|f6|relevance_weighted_rf
abalone,ekk,3759,418,10,65f24961f6fd11da8549fe0ea83c844e1e0da28786f6cb0d0a200dd56857cc32,0f410e496230841e626531afcec9acec21c18a514bd1f8e58545c4b1fd71803d,4447a2d1a76dfa36466835abcd7756933854a26f53ac44ae05ad5c911fe3369d,none,0,3759,0.2718808193668529,0,0,0,0,0,,,,418,2.1315227372493215,1.547429076438516,0.5347282995366387,8.095659399253545,2.89304388110424,3.3871229502418974,119,299,0.284688995215311,3.159499151739599,2.4359387486875375,1.5422987285981278,1.1938081700919156,protocol_sensitivity_grouped10fold,main_10fold,Abalone,1,7,42,70100701,100,e56b53658033034e7ebf9a16c8e03ef51f8f42a85e0babc443cf58ad025f3d31,20643ef12384b2e178c5c025291d19398fc2e77ff2e6a7e038889cecada4a197,0,0,418,0.03058,protocol_sensitivity_grouped10fold|abalone|r1|f7|ekk
abalone,rf,3759,418,10,65f24961f6fd11da8549fe0ea83c844e1e0da28786f6cb0d0a200dd56857cc32,0f410e496230841e626531afcec9acec21c18a514bd1f8e58545c4b1fd71803d,4447a2d1a76dfa36466835abcd7756933854a26f53ac44ae05ad5c911fe3369d,none,0,3759,0.2718808193668529,0,0,0,0,0,,,,418,2.040819708220937,1.473618266956891,0.5734833614583541,7.332003036640354,2.6205588166374967,3.0880615023724305,119,299,0.284688995215311,3.0248660504777094,2.324236476652774,1.476821027547974,1.1350779092518402,protocol_sensitivity_grouped10fold,main_10fold,Abalone,1,7,42,70100702,100,e56b53658033034e7ebf9a16c8e03ef51f8f42a85e0babc443cf58ad025f3d31,20643ef12384b2e178c5c025291d19398fc2e77ff2e6a7e038889cecada4a197,0,0,418,0.217542,protocol_sensitivity_grouped10fold|abalone|r1|f7|rf
abalone,smote_r_rf,3759,418,10,65f24961f6fd11da8549fe0ea83c844e1e0da28786f6cb0d0a200dd56857cc32,0f410e496230841e626531afcec9acec21c18a514bd1f8e58545c4b1fd71803d,4447a2d1a76dfa36466835abcd7756933854a26f53ac44ae05ad5c911fe3369d,smote_r,1715,5474,0.5,0,0,0,0,0,,,,418,2.079626963087863,1.5393644099569117,0.5571082630314128,6.571564506982776,2.350529972222849,3.1200442273533864,119,299,0.284688995215311,2.802522988639599,2.1127112747455676,1.7088638822222024,1.311176192867112,protocol_sensitivity_grouped10fold,main_10fold,Abalone,1,7,42,70100703,100,e56b53658033034e7ebf9a16c8e03ef51f8f42a85e0babc443cf58ad025f3d31,20643ef12384b2e178c5c025291d19398fc2e77ff2e6a7e038889cecada4a197,0,0,418,0.51121,protocol_sensitivity_grouped10fold|abalone|r1|f7|smote_r_rf
abalone,smogn_rf,3759,418,10,65f24961f6fd11da8549fe0ea83c844e1e0da28786f6cb0d0a200dd56857cc32,0f410e496230841e626531afcec9acec21c18a514bd1f8e58545c4b1fd71803d,4447a2d1a76dfa36466835abcd7756933854a26f53ac44ae05ad5c911fe3369d,smogn,1715,5474,0.5,0,0,0,0,0,,,,418,2.050349032980774,1.5086843097590266,0.5694909414907392,6.499869834600523,2.324854009124487,3.0455158268442255,119,299,0.284688995215311,2.790591804867013,2.0776645425516906,1.6666533784636755,1.282233982995391,protocol_sensitivity_grouped10fold,main_10fold,Abalone,1,7,42,70100704,100,e56b53658033034e7ebf9a16c8e03ef51f8f42a85e0babc443cf58ad025f3d31,20643ef12384b2e178c5c025291d19398fc2e77ff2e6a7e038889cecada4a197,0,0,418,0.509424,protocol_sensitivity_grouped10fold|abalone|r1|f7|smogn_rf
abalone,relevance_weighted_rf,3759,418,10,65f24961f6fd11da8549fe0ea83c844e1e0da28786f6cb0d0a200dd56857cc32,0f410e496230841e626531afcec9acec21c18a514bd1f8e58545c4b1fd71803d,4447a2d1a76dfa36466835abcd7756933854a26f53ac44ae05ad5c911fe3369d,none,0,3759,0.2718808193668529,0,0,0,0,0,0.13723741587606336,1.0,2.744748317521267,418,2.035209162636334,1.4744271070325086,0.575825265226284,7.329445663141204,2.6197388854320964,3.0710744586396843,119,299,0.284688995215311,3.0267738629947805,2.353258722372857,1.4643889524423002,1.1246580025993933,protocol_sensitivity_grouped10fold,main_10fold,Abalone,1,7,42,70100705,100,e56b53658033034e7ebf9a16c8e03ef51f8f42a85e0babc443cf58ad025f3d31,20643ef12384b2e178c5c025291d19398fc2e77ff2e6a7e038889cecada4a197,0,0,418,0.194172,protocol_sensitivity_grouped10fold|abalone|r1|f7|relevance_weighted_rf
abalone,ekk,3760,417,10,75daa03e63dbd383d42057237bef221874b389adeca2dff0abed12a000f8d9fd,69e18afd3db6a8f4392df56da21a380553c2df7b7cbbde1bd89db9b33cd80d8d,8dda3cedb24a9a09b8d4b891d99b1d622fd04755446d6894e1aaedd2a8d699be,none,0,3760,0.27420212765957447,0,0,0,0,0,,,,417,2.2350715924133056,1.5687383611926902,0.48836014707042663,9.683016989175549,3.352905231885461,3.7010350840679616,110,307,0.2637889688249401,3.495873173634173,2.5793271600068133,1.5513134684971093,1.2066381401192263,protocol_sensitivity_grouped10fold,main_10fold,Abalone,1,8,42,70100801,100,eaf4a7fa91c32f49b53f1c4e85396971887d42467c7d71cec91c8f8a52720f83,ac9d8dd6f7a2dd5cffca4421c314bae0e37d8278fa34b6e2ba7a4b1fa944144a,0,0,417,0.022727,protocol_sensitivity_grouped10fold|abalone|r1|f8|ekk
abalone,rf,3760,417,10,75daa03e63dbd383d42057237bef221874b389adeca2dff0abed12a000f8d9fd,69e18afd3db6a8f4392df56da21a380553c2df7b7cbbde1bd89db9b33cd80d8d,8dda3cedb24a9a09b8d4b891d99b1d622fd04755446d6894e1aaedd2a8d699be,none,0,3760,0.27420212765957447,0,0,0,0,0,,,,417,2.121356240035688,1.5096716661151082,0.5390978864629086,8.176410003829105,2.831939252324685,3.2410373653582267,110,307,0.2637889688249401,3.1922440558678487,2.3201246312226975,1.5688509826429413,1.2192813528843756,protocol_sensitivity_grouped10fold,main_10fold,Abalone,1,8,42,70100802,100,eaf4a7fa91c32f49b53f1c4e85396971887d42467c7d71cec91c8f8a52720f83,ac9d8dd6f7a2dd5cffca4421c314bae0e37d8278fa34b6e2ba7a4b1fa944144a,0,0,417,0.201667,protocol_sensitivity_grouped10fold|abalone|r1|f8|rf
abalone,smote_r_rf,3760,417,10,75daa03e63dbd383d42057237bef221874b389adeca2dff0abed12a000f8d9fd,69e18afd3db6a8f4392df56da21a380553c2df7b7cbbde1bd89db9b33cd80d8d,8dda3cedb24a9a09b8d4b891d99b1d622fd04755446d6894e1aaedd2a8d699be,smote_r,1698,5458,0.5,0,0,0,0,0,,,,417,2.1586258716687428,1.5724196873799265,0.5227606519904553,7.342360365276259,2.5449805621190533,3.3081928811132832,110,307,0.2637889688249401,2.9368757402945302,2.0984188716090206,1.7996600069038875,1.3839509243010981,protocol_sensitivity_grouped10fold,main_10fold,Abalone,1,8,42,70100803,100,eaf4a7fa91c32f49b53f1c4e85396971887d42467c7d71cec91c8f8a52720f83,ac9d8dd6f7a2dd5cffca4421c314bae0e37d8278fa34b6e2ba7a4b1fa944144a,0,0,417,0.504119,protocol_sensitivity_grouped10fold|abalone|r1|f8|smote_r_rf
abalone,smogn_rf,3760,417,10,75daa03e63dbd383d42057237bef221874b389adeca2dff0abed12a000f8d9fd,69e18afd3db6a8f4392df56da21a380553c2df7b7cbbde1bd89db9b33cd80d8d,8dda3cedb24a9a09b8d4b891d99b1d622fd04755446d6894e1aaedd2a8d699be,smogn,1698,5458,0.5,0,0,0,0,0,,,,417,2.134814629224987,1.5626893601206069,0.5332311899039723,7.171001425663911,2.485504850490173,3.223156981516011,110,307,0.2637889688249401,2.9242357423007976,2.106455543430585,1.768179427311411,1.3678545713124715,protocol_sensitivity_grouped10fold,main_10fold,Abalone,1,8,42,70100804,100,eaf4a7fa91c32f49b53f1c4e85396971887d42467c7d71cec91c8f8a52720f83,ac9d8dd6f7a2dd5cffca4421c314bae0e37d8278fa34b6e2ba7a4b1fa944144a,0,0,417,0.503252,protocol_sensitivity_grouped10fold|abalone|r1|f8|smogn_rf
abalone,relevance_weighted_rf,3760,417,10,75daa03e63dbd383d42057237bef221874b389adeca2dff0abed12a000f8d9fd,69e18afd3db6a8f4392df56da21a380553c2df7b7cbbde1bd89db9b33cd80d8d,8dda3cedb24a9a09b8d4b891d99b1d622fd04755446d6894e1aaedd2a8d699be,none,0,3760,0.27420212765957447,0,0,0,0,0,0.1367956618617216,1.0,2.7359132372344317,417,2.1085676243458544,1.5088708221558402,0.544638241231004,8.014519570863632,2.776247428736451,3.1811214318131777,110,307,0.2637889688249401,3.148265073224614,2.296470526425339,1.5772537465654644,1.226668973720515,protocol_sensitivity_grouped10fold,main_10fold,Abalone,1,8,42,70100805,100,eaf4a7fa91c32f49b53f1c4e85396971887d42467c7d71cec91c8f8a52720f83,ac9d8dd6f7a2dd5cffca4421c314bae0e37d8278fa34b6e2ba7a4b1fa944144a,0,0,417,0.194597,protocol_sensitivity_grouped10fold|abalone|r1|f8|relevance_weighted_rf
abalone,ekk,3760,417,10,da08d478f35020a0916b7e5f4d8492943807aaa01616147b2f10d4ff9ce2d821,4a4d64947566e055f7ff5ca8eefea2bb1c400c42ec26e65360452fbd01e4b73b,6f9e7ab8a79e17c067d5ccf62245774c5c8a128b2513ca117d6fdd33041152d3,none,0,3760,0.27313829787234045,0,0,0,0,0,,,,417,2.1183679444553905,1.5364903903224105,0.5390058429893032,8.262216687164015,2.927278354594137,3.2658338447967457,114,303,0.2733812949640288,3.1903614002528213,2.4437282011984744,1.5317778422049861,1.1951533921710207,protocol_sensitivity_grouped10fold,main_10fold,Abalone,1,9,42,70100901,100,e8178a694a7a92c6aecf4c0bf0defc55b8b77b9e4d8fd98959859465cf49c370,f30f026328b726804fb43689cfafbc1f4e4a6fedfaa4c405e2087fc6805b4e03,0,0,417,0.026955,protocol_sensitivity_grouped10fold|abalone|r1|f9|ekk
abalone,rf,3760,417,10,da08d478f35020a0916b7e5f4d8492943807aaa01616147b2f10d4ff9ce2d821,4a4d64947566e055f7ff5ca8eefea2bb1c400c42ec26e65360452fbd01e4b73b,6f9e7ab8a79e17c067d5ccf62245774c5c8a128b2513ca117d6fdd33041152d3,none,0,3760,0.27313829787234045,0,0,0,0,0,,,,417,2.135153343565021,1.5179940769653122,0.5316713024794979,8.320413362246995,2.948852622333791,3.406461004227285,114,303,0.2733812949640288,3.2413885076026725,2.445573101753091,1.5235235115029089,1.169003948827336,protocol_sensitivity_grouped10fold,main_10fold,Abalone,1,9,42,70100902,100,e8178a694a7a92c6aecf4c0bf0defc55b8b77b9e4d8fd98959859465cf49c370,f30f026328b726804fb43689cfafbc1f4e4a6fedfaa4c405e2087fc6805b4e03,0,0,417,0.207944,protocol_sensitivity_grouped10fold|abalone|r1|f9|rf
abalone,smote_r_rf,3760,417,10,da08d478f35020a0916b7e5f4d8492943807aaa01616147b2f10d4ff9ce2d821,4a4d64947566e055f7ff5ca8eefea2bb1c400c42ec26e65360452fbd01e4b73b,6f9e7ab8a79e17c067d5ccf62245774c5c8a128b2513ca117d6fdd33041152d3,smote_r,1706,5466,0.5,0,0,0,0,0,,,,417,2.1802679090359876,1.584847584630304,0.5116711823758691,7.550826182366534,2.6777275794823017,3.438021118181264,114,303,0.2733812949640288,3.023765763208731,2.22448115445306,1.7612605654499174,1.344193370241544,protocol_sensitivity_grouped10fold,main_10fold,Abalone,1,9,42,70100903,100,e8178a694a7a92c6aecf4c0bf0defc55b8b77b9e4d8fd98959859465cf49c370,f30f026328b726804fb43689cfafbc1f4e4a6fedfaa4c405e2087fc6805b4e03,0,0,417,0.510711,protocol_sensitivity_grouped10fold|abalone|r1|f9|smote_r_rf
abalone,smogn_rf,3760,417,10,da08d478f35020a0916b7e5f4d8492943807aaa01616147b2f10d4ff9ce2d821,4a4d64947566e055f7ff5ca8eefea2bb1c400c42ec26e65360452fbd01e4b73b,6f9e7ab8a79e17c067d5ccf62245774c5c8a128b2513ca117d6fdd33041152d3,smogn,1706,5466,0.5,0,0,0,0,0,,,,417,2.167393111843779,1.572623631754025,0.5174214585185505,7.594483351200375,2.6928401495012846,3.431859614937222,114,303,0.2733812949640288,3.0423025991910926,2.248309771374604,1.727048702451347,1.3184050841740051,protocol_sensitivity_grouped10fold,main_10fold,Abalone,1,9,42,70100904,100,e8178a694a7a92c6aecf4c0bf0defc55b8b77b9e4d8fd98959859465cf49c370,f30f026328b726804fb43689cfafbc1f4e4a6fedfaa4c405e2087fc6805b4e03,0,0,417,0.514814,protocol_sensitivity_grouped10fold|abalone|r1|f9|smogn_rf
abalone,relevance_weighted_rf,3760,417,10,da08d478f35020a0916b7e5f4d8492943807aaa01616147b2f10d4ff9ce2d821,4a4d64947566e055f7ff5ca8eefea2bb1c400c42ec26e65360452fbd01e4b73b,6f9e7ab8a79e17c067d5ccf62245774c5c8a128b2513ca117d6fdd33041152d3,none,0,3760,0.27313829787234045,0,0,0,0,0,0.13710489080031996,1.0,2.742097816006399,417,2.1213680692725654,1.5121930399141035,0.5376991584019055,8.151907410082185,2.889030263647881,3.346560022251551,114,303,0.2733812949640288,3.214435063788489,2.4052839511009076,1.5184985414105738,1.1761786376854046,protocol_sensitivity_grouped10fold,main_10fold,Abalone,1,9,42,70100905,100,e8178a694a7a92c6aecf4c0bf0defc55b8b77b9e4d8fd98959859465cf49c370,f30f026328b726804fb43689cfafbc1f4e4a6fedfaa4c405e2087fc6805b4e03,0,0,417,0.194448,protocol_sensitivity_grouped10fold|abalone|r1|f9|relevance_weighted_rf
abalone,ekk,3760,417,10,ecc45af949e751b1bb8f8986944f98868162633341c08d5dc8b2c33544d15f4b,5a437156c58b674fd4dcb2b60533764dcd9cc0001642b84597fc67b88cb25796,e5184c702e095b5d7610fdc279186eff74b93b1540ac0fac8398487f61ed8063,none,0,3760,0.27393617021276595,0,0,0,0,0,,,,417,2.2623250006084037,1.586901731430413,0.5152551458191302,9.6003113677547,3.407211460183125,3.8970232014838353,111,306,0.26618705035971224,3.5283805164224606,2.573830832941753,1.568024694757707,1.228898037744927,protocol_sensitivity_grouped10fold,main_10fold,Abalone,1,10,42,70101001,100,588c876a0ff3e5c604813b5e826608d82ef019b8b3e2837bf317073afd086cc8,869c2358a51ec8b5499ed646cb52154fa121e06304f92444e126efea4e6d1034,0,0,417,0.020929,protocol_sensitivity_grouped10fold|abalone|r1|f10|ekk
abalone,rf,3760,417,10,ecc45af949e751b1bb8f8986944f98868162633341c08d5dc8b2c33544d15f4b,5a437156c58b674fd4dcb2b60533764dcd9cc0001642b84597fc67b88cb25796,e5184c702e095b5d7610fdc279186eff74b93b1540ac0fac8398487f61ed8063,none,0,3760,0.27393617021276595,0,0,0,0,0,,,,417,2.3245847123350227,1.5650854796905196,0.4882074349691714,10.428727924456558,3.7015569232044996,4.197551539293438,111,306,0.26618705035971224,3.659192902797944,2.454069454245557,1.5832915821979392,1.242610900685261,protocol_sensitivity_grouped10fold,main_10fold,Abalone,1,10,42,70101002,100,588c876a0ff3e5c604813b5e826608d82ef019b8b3e2837bf317073afd086cc8,869c2358a51ec8b5499ed646cb52154fa121e06304f92444e126efea4e6d1034,0,0,417,0.211235,protocol_sensitivity_grouped10fold|abalone|r1|f10|rf
abalone,smote_r_rf,3760,417,10,ecc45af949e751b1bb8f8986944f98868162633341c08d5dc8b2c33544d15f4b,5a437156c58b674fd4dcb2b60533764dcd9cc0001642b84597fc67b88cb25796,e5184c702e095b5d7610fdc279186eff74b93b1540ac0fac8398487f61ed8063,smote_r,1700,5460,0.5,0,0,0,0,0,,,,417,2.391800533320476,1.6727046546348185,0.458182367122695,9.7553866887506,3.464678155102104,4.353448506139212,111,306,0.26618705035971224,3.464094651669423,2.267603199160691,1.8555175960242967,1.4569081237773942,protocol_sensitivity_grouped10fold,main_10fold,Abalone,1,10,42,70101003,100,588c876a0ff3e5c604813b5e826608d82ef019b8b3e2837bf317073afd086cc8,869c2358a51ec8b5499ed646cb52154fa121e06304f92444e126efea4e6d1034,0,0,417,0.507914,protocol_sensitivity_grouped10fold|abalone|r1|f10|smote_r_rf
abalone,smogn_rf,3760,417,10,ecc45af949e751b1bb8f8986944f98868162633341c08d5dc8b2c33544d15f4b,5a437156c58b674fd4dcb2b60533764dcd9cc0001642b84597fc67b88cb25796,e5184c702e095b5d7610fdc279186eff74b93b1540ac0fac8398487f61ed8063,smogn,1700,5460,0.5,0,0,0,0,0,,,,417,2.3533439195406927,1.6143512967089448,0.4754655488450834,9.886445411452975,3.5102883417789594,4.2264714717443885,111,306,0.26618705035971224,3.532386768823987,2.3131376478549397,1.7380873372565493,1.3608699732540255,protocol_sensitivity_grouped10fold,main_10fold,Abalone,1,10,42,70101004,100,588c876a0ff3e5c604813b5e826608d82ef019b8b3e2837bf317073afd086cc8,869c2358a51ec8b5499ed646cb52154fa121e06304f92444e126efea4e6d1034,0,0,417,0.502007,protocol_sensitivity_grouped10fold|abalone|r1|f10|smogn_rf
abalone,relevance_weighted_rf,3760,417,10,ecc45af949e751b1bb8f8986944f98868162633341c08d5dc8b2c33544d15f4b,5a437156c58b674fd4dcb2b60533764dcd9cc0001642b84597fc67b88cb25796,e5184c702e095b5d7610fdc279186eff74b93b1540ac0fac8398487f61ed8063,none,0,3760,0.27393617021276595,0,0,0,0,0,0.13716658949642915,1.0000000000000002,2.7433317899285825,417,2.3323391578664143,1.5843224868935322,0.4847872223434363,10.53212091547011,3.7382213906950663,4.217262252438868,111,306,0.26618705035971224,3.6921069690970665,2.5349503352782987,1.571067557117051,1.2394868948323916,protocol_sensitivity_grouped10fold,main_10fold,Abalone,1,10,42,70101005,100,588c876a0ff3e5c604813b5e826608d82ef019b8b3e2837bf317073afd086cc8,869c2358a51ec8b5499ed646cb52154fa121e06304f92444e126efea4e6d1034,0,0,417,0.206439,protocol_sensitivity_grouped10fold|abalone|r1|f10|relevance_weighted_rf
california_housing,ekk,18576,2064,8,d69077220ceeae2590c52cb151f5a92006c989289e744d9ba0b22190483a09af,0d1ab8c5ba0381b10864de94bed731873b550fe60999a50d8c013a959bc3469a,8bd79d982b2cafd5c8d9a47ca4041da4a0c15610914f6028ca04132278cc8a3f,none,0,18576,0.15261627906976744,0,0,0,0,0,,,,2064,0.729447038601092,0.5305130416719909,0.6020386786209442,1.019427665016072,0.3022378808529573,0.332310370736371,312,1752,0.1511627906976744,1.365488910109689,1.1126248766576465,0.5429588765102453,0.4268492902361893,protocol_sensitivity_grouped10fold,main_10fold,California Housing,1,1,42,70200101,100,e7782ea74ac52c73ef10fc997b307b6006444c225aa0a287fafdae5d6eb10233,334f9a7f496cc36245caf34adb1bd73c9f37cc3430985bddf1c5ed1f58c9a490,0,0,2064,0.030688,protocol_sensitivity_grouped10fold|california_housing|r1|f1|ekk
california_housing,rf,18576,2064,8,d69077220ceeae2590c52cb151f5a92006c989289e744d9ba0b22190483a09af,0d1ab8c5ba0381b10864de94bed731873b550fe60999a50d8c013a959bc3469a,8bd79d982b2cafd5c8d9a47ca4041da4a0c15610914f6028ca04132278cc8a3f,none,0,18576,0.15261627906976744,0,0,0,0,0,,,,2064,0.48985837470234167,0.3262253921770931,0.8205289483402955,0.44082144582308475,0.13064487514877932,0.14347911644716824,312,1752,0.1511627906976744,0.912822452043024,0.6566376076860495,0.36648053581306717,0.2673848606481009,protocol_sensitivity_grouped10fold,main_10fold,California Housing,1,1,42,70200102,100,e7782ea74ac52c73ef10fc997b307b6006444c225aa0a287fafdae5d6eb10233,334f9a7f496cc36245caf34adb1bd73c9f37cc3430985bddf1c5ed1f58c9a490,0,0,2064,0.836901,protocol_sensitivity_grouped10fold|california_housing|r1|f1|rf
california_housing,smote_r_rf,18576,2064,8,d69077220ceeae2590c52cb151f5a92006c989289e744d9ba0b22190483a09af,0d1ab8c5ba0381b10864de94bed731873b550fe60999a50d8c013a959bc3469a,8bd79d982b2cafd5c8d9a47ca4041da4a0c15610914f6028ca04132278cc8a3f,smote_r,12906,31482,0.5,0,0,0,0,0,,,,2064,0.5205390100510723,0.3566053981434577,0.797343799106022,0.39986390172053177,0.11850262550772402,0.1493888129958852,312,1752,0.1511627906976744,0.8162762220633337,0.5655693649807864,0.44783565854231133,0.3193926369258513,protocol_sensitivity_grouped10fold,main_10fold,California Housing,1,1,42,70200103,100,e7782ea74ac52c73ef10fc997b307b6006444c225aa0a287fafdae5d6eb10233,334f9a7f496cc36245caf34adb1bd73c9f37cc3430985bddf1c5ed1f58c9a490,0,0,2064,3.63477,protocol_sensitivity_grouped10fold|california_housing|r1|f1|smote_r_rf
california_housing,smogn_rf,18576,2064,8,d69077220ceeae2590c52cb151f5a92006c989289e744d9ba0b22190483a09af,0d1ab8c5ba0381b10864de94bed731873b550fe60999a50d8c013a959bc3469a,8bd79d982b2cafd5c8d9a47ca4041da4a0c15610914f6028ca04132278cc8a3f,smogn,12906,31482,0.5,0,0,0,0,0,,,,2064,0.5162567348115181,0.3561891037559377,0.8006644339226324,0.39569267919128304,0.11726810749132989,0.14667793793214057,312,1752,0.1511627906976744,0.8156629791583004,0.5743223568885559,0.44215890272782143,0.31734345593780017,protocol_sensitivity_grouped10fold,main_10fold,California Housing,1,1,42,70200104,100,e7782ea74ac52c73ef10fc997b307b6006444c225aa0a287fafdae5d6eb10233,334f9a7f496cc36245caf34adb1bd73c9f37cc3430985bddf1c5ed1f58c9a490,0,0,2064,3.552383,protocol_sensitivity_grouped10fold|california_housing|r1|f1|smogn_rf
california_housing,relevance_weighted_rf,18576,2064,8,d69077220ceeae2590c52cb151f5a92006c989289e744d9ba0b22190483a09af,0d1ab8c5ba0381b10864de94bed731873b550fe60999a50d8c013a959bc3469a,8bd79d982b2cafd5c8d9a47ca4041da4a0c15610914f6028ca04132278cc8a3f,none,0,18576,0.15261627906976744,0,0,0,0,0,0.16675056764240892,1.0000000000000002,3.3350113528481784,2064,0.5062602894126232,0.33921243253734035,0.8083092929066706,0.46366725152579924,0.137412613170444,0.15162814432800578,312,1752,0.1511627906976744,0.9364964534027457,0.6822478381942545,0.3817842473382663,0.2781239356395337,protocol_sensitivity_grouped10fold,main_10fold,California Housing,1,1,42,70200105,100,e7782ea74ac52c73ef10fc997b307b6006444c225aa0a287fafdae5d6eb10233,334f9a7f496cc36245caf34adb1bd73c9f37cc3430985bddf1c5ed1f58c9a490,0,0,2064,0.832679,protocol_sensitivity_grouped10fold|california_housing|r1|f1|relevance_weighted_rf
california_housing,ekk,18576,2064,8,e06d7c646a53e7ba2935bd2dadf26f1c27dc41b2daac5122e1ca064b5e8812e4,cdbe4a87256dd4930b9162740beb0da3235f0f4ac8fbb820928fa4921d680e4f,1bc076cb56271d8dc152af898f8fb72412a5b967dbf7259bd855eafe7306924c,none,0,18576,0.15358527131782945,0,0,0,0,0,,,,2064,0.7085999799687034,0.5244243010579253,0.6230296008747485,0.9577028904464634,0.28731841543190206,0.31648549561011124,329,1735,0.15939922480620156,1.3055055071248505,1.087400312049133,0.5235842840592891,0.4176697721725607,protocol_sensitivity_grouped10fold,main_10fold,California Housing,1,2,42,70200201,100,03f7176e58ecf67ab6010c8863cddd10e604c889098ef6c39e127b53d4521a11,83aefde0aee7bf09b4b238a0ce1f696906eaf9ad5ce83b58aebd5e921bd79457,0,0,2064,0.030307,protocol_sensitivity_grouped10fold|california_housing|r1|f2|ekk
california_housing,rf,18576,2064,8,e06d7c646a53e7ba2935bd2dadf26f1c27dc41b2daac5122e1ca064b5e8812e4,cdbe4a87256dd4930b9162740beb0da3235f0f4ac8fbb820928fa4921d680e4f,1bc076cb56271d8dc152af898f8fb72412a5b967dbf7259bd855eafe7306924c,none,0,18576,0.15358527131782945,0,0,0,0,0,,,,2064,0.46277316153930015,0.31585900123123156,0.8392165636877394,0.3776008012884646,0.11324865913717998,0.1264265255010151,329,1735,0.15939922480620156,0.8125443434319126,0.6134136645323343,0.35996242200333955,0.25943509101448065,protocol_sensitivity_grouped10fold,main_10fold,California Housing,1,2,42,70200202,100,03f7176e58ecf67ab6010c8863cddd10e604c889098ef6c39e127b53d4521a11,83aefde0aee7bf09b4b238a0ce1f696906eaf9ad5ce83b58aebd5e921bd79457,0,0,2064,0.792441,protocol_sensitivity_grouped10fold|california_housing|r1|f2|rf
california_housing,smote_r_rf,18576,2064,8,e06d7c646a53e7ba2935bd2dadf26f1c27dc41b2daac5122e1ca064b5e8812e4,cdbe4a87256dd4930b9162740beb0da3235f0f4ac8fbb820928fa4921d680e4f,1bc076cb56271d8dc152af898f8fb72412a5b967dbf7259bd855eafe7306924c,smote_r,12870,31446,0.5,0,0,0,0,0,,,,2064,0.49013922822502576,0.3425233256702932,0.8196384731492268,0.3331909015107628,0.09993846647045353,0.1288473724604298,329,1735,0.15939922480620156,0.6990351795192579,0.505280847594977,0.43946663361739363,0.31166037194509383,protocol_sensitivity_grouped10fold,main_10fold,California Housing,1,2,42,70200203,100,03f7176e58ecf67ab6010c8863cddd10e604c889098ef6c39e127b53d4521a11,83aefde0aee7bf09b4b238a0ce1f696906eaf9ad5ce83b58aebd5e921bd79457,0,0,2064,3.612338,protocol_sensitivity_grouped10fold|california_housing|r1|f2|smote_r_rf
california_housing,smogn_rf,18576,2064,8,e06d7c646a53e7ba2935bd2dadf26f1c27dc41b2daac5122e1ca064b5e8812e4,cdbe4a87256dd4930b9162740beb0da3235f0f4ac8fbb820928fa4921d680e4f,1bc076cb56271d8dc152af898f8fb72412a5b967dbf7259bd855eafe7306924c,smogn,12870,31446,0.5,0,0,0,0,0,,,,2064,0.49293637875877466,0.34650481798728777,0.8175740071368184,0.3305065515470298,0.09912613155136976,0.12956042532023665,329,1735,0.15939922480620156,0.6925128059237537,0.5058283969405946,0.44511037195930125,0.3162930269350469,protocol_sensitivity_grouped10fold,main_10fold,California Housing,1,2,42,70200204,100,03f7176e58ecf67ab6010c8863cddd10e604c889098ef6c39e127b53d4521a11,83aefde0aee7bf09b4b238a0ce1f696906eaf9ad5ce83b58aebd5e921bd79457,0,0,2064,3.55391,protocol_sensitivity_grouped10fold|california_housing|r1|f2|smogn_rf
california_housing,relevance_weighted_rf,18576,2064,8,e06d7c646a53e7ba2935bd2dadf26f1c27dc41b2daac5122e1ca064b5e8812e4,cdbe4a87256dd4930b9162740beb0da3235f0f4ac8fbb820928fa4921d680e4f,1bc076cb56271d8dc152af898f8fb72412a5b967dbf7259bd855eafe7306924c,none,0,18576,0.15358527131782945,0,0,0,0,0,0.1659418963383289,1.0,3.318837926766578,2064,0.47749883300561635,0.3270467717163885,0.8288213460551624,0.3971930072032108,0.11913191788395633,0.13286895327528586,329,1735,0.15939922480620156,0.8314469607006251,0.6247579580593876,0.374368684937329,0.2705931807614337,protocol_sensitivity_grouped10fold,main_10fold,California Housing,1,2,42,70200205,100,03f7176e58ecf67ab6010c8863cddd10e604c889098ef6c39e127b53d4521a11,83aefde0aee7bf09b4b238a0ce1f696906eaf9ad5ce83b58aebd5e921bd79457,0,0,2064,0.981421,protocol_sensitivity_grouped10fold|california_housing|r1|f2|relevance_weighted_rf
california_housing,ekk,18576,2064,8,f101469ceee5331c6d61c07555a7d8159ae3f1166877b90677a198fdc5f754e9,95aa26659afecaf8ab6a5ab71cfc544c04b5833d504012b8fcf7f4370d06c8fd,3dd4b8ac0c0dc17d562b74b209516f5c1863970a9ba7472c02413873a5bcc1bc,none,0,18576,0.15406976744186046,0,0,0,0,0,,,,2064,0.7182780838597554,0.5360935915485797,0.6192986149126225,1.0017289111033518,0.3010407131109249,0.3239484584553193,320,1744,0.15503875968992248,1.336726799550638,1.1132720101471816,0.5317217024852914,0.43018929455801064,protocol_sensitivity_grouped10fold,main_10fold,California Housing,1,3,42,70200301,100,9bf1560c3b4c7c34bd4543bfac4343c65cc630fba66aa4e51e2c261c5b9d6254,c92de138aec408a9fd55f463d97ce17e4fdb8511129d889989c51e6901d23097,0,0,2064,0.029598,protocol_sensitivity_grouped10fold|california_housing|r1|f3|ekk
california_housing,rf,18576,2064,8,f101469ceee5331c6d61c07555a7d8159ae3f1166877b90677a198fdc5f754e9,95aa26659afecaf8ab6a5ab71cfc544c04b5833d504012b8fcf7f4370d06c8fd,3dd4b8ac0c0dc17d562b74b209516f5c1863970a9ba7472c02413873a5bcc1bc,none,0,18576,0.15406976744186046,0,0,0,0,0,,,,2064,0.479855926229938,0.32623244731600354,0.8300892129947128,0.41740274755686496,0.12545310099389212,0.1343023651879622,320,1744,0.15503875968992248,0.8479561840307203,0.6336649587406651,0.3749393441009916,0.26982281219221244,protocol_sensitivity_grouped10fold,main_10fold,California Housing,1,3,42,70200302,100,9bf1560c3b4c7c34bd4543bfac4343c65cc630fba66aa4e51e2c261c5b9d6254,c92de138aec408a9fd55f463d97ce17e4fdb8511129d889989c51e6901d23097,0,0,2064,0.803145,protocol_sensitivity_grouped10fold|california_housing|r1|f3|rf
california_housing,smote_r_rf,18576,2064,8,f101469ceee5331c6d61c07555a7d8159ae3f1166877b90677a198fdc5f754e9,95aa26659afecaf8ab6a5ab71cfc544c04b5833d504012b8fcf7f4370d06c8fd,3dd4b8ac0c0dc17d562b74b209516f5c1863970a9ba7472c02413873a5bcc1bc,smote_r,12852,31428,0.5,0,0,0,0,0,,,,2064,0.5033696929902423,0.35282503303528207,0.8130293861749766,0.36413452717861905,0.10946291247828059,0.13294718947626674,320,1744,0.15503875968992248,0.7288002775239893,0.5357330117152633,0.44990476340375957,0.31926393602978087,protocol_sensitivity_grouped10fold,main_10fold,California Housing,1,3,42,70200303,100,9bf1560c3b4c7c34bd4543bfac4343c65cc630fba66aa4e51e2c261c5b9d6254,c92de138aec408a9fd55f463d97ce17e4fdb8511129d889989c51e6901d23097,0,0,2064,3.641798,protocol_sensitivity_grouped10fold|california_housing|r1|f3|smote_r_rf
california_housing,smogn_rf,18576,2064,8,f101469ceee5331c6d61c07555a7d8159ae3f1166877b90677a198fdc5f754e9,95aa26659afecaf8ab6a5ab71cfc544c04b5833d504012b8fcf7f4370d06c8fd,3dd4b8ac0c0dc17d562b74b209516f5c1863970a9ba7472c02413873a5bcc1bc,smogn,12852,31428,0.5,0,0,0,0,0,,,,2064,0.5041314272991405,0.3537924796550974,0.8124630839334364,0.3650452818367476,0.10973992322733955,0.1337237367796175,320,1744,0.15503875968992248,0.7297622600994802,0.526841498961741,0.4506274611963604,0.3220403660208509,protocol_sensitivity_grouped10fold,main_10fold,California Housing,1,3,42,70200304,100,9bf1560c3b4c7c34bd4543bfac4343c65cc630fba66aa4e51e2c261c5b9d6254,c92de138aec408a9fd55f463d97ce17e4fdb8511129d889989c51e6901d23097,0,0,2064,3.530414,protocol_sensitivity_grouped10fold|california_housing|r1|f3|smogn_rf
california_housing,relevance_weighted_rf,18576,2064,8,f101469ceee5331c6d61c07555a7d8159ae3f1166877b90677a198fdc5f754e9,95aa26659afecaf8ab6a5ab71cfc544c04b5833d504012b8fcf7f4370d06c8fd,3dd4b8ac0c0dc17d562b74b209516f5c1863970a9ba7472c02413873a5bcc1bc,none,0,18576,0.15406976744186046,0,0,0,0,0,0.16596237491538024,1.0,3.3192474983076043,2064,0.4936027781152083,0.3359664303514215,0.8202146016264782,0.43234941536433186,0.12994932766649547,0.13986721968273924,320,1744,0.15503875968992248,0.8567428420030755,0.6381396389649648,0.39200580041771466,0.2805218049177438,protocol_sensitivity_grouped10fold,main_10fold,California Housing,1,3,42,70200305,100,9bf1560c3b4c7c34bd4543bfac4343c65cc630fba66aa4e51e2c261c5b9d6254,c92de138aec408a9fd55f463d97ce17e4fdb8511129d889989c51e6901d23097,0,0,2064,0.865455,protocol_sensitivity_grouped10fold|california_housing|r1|f3|relevance_weighted_rf
california_housing,ekk,18576,2064,8,7a6ce4a99957a5fdaceb8aef4d0e759421958d86f07bebfbe3567d0c68ced226,18d4dbc90c434437c2cb23ffc615645429f99b256c30daef3eb484ee788e6d39,50ceaa123060e5919ab6b2368cdbc0b1c2e65a3fd21ddce4e9993a9984053f41,none,0,18576,0.15433893195521103,0,0,0,0,0,,,,2064,0.7119382682171519,0.524792273294324,0.6193874818275187,0.9998896530704742,0.2972557166670059,0.32219436205788293,303,1761,0.14680232558139536,1.3449525890903522,1.0898047127017987,0.5318130589183987,0.42757548218673463,protocol_sensitivity_grouped10fold,main_10fold,California Housing,1,4,42,70200401,100,e7cd08402da16cf53ff104c6d2fdefb8034e929b738272d40065970c7bf31bf9,71307e50bf48947aaceac4566b0467b6551fc1bc4c76e462998f880b027a56db,0,0,2064,0.030317,protocol_sensitivity_grouped10fold|california_housing|r1|f4|ekk
california_housing,rf,18576,2064,8,7a6ce4a99957a5fdaceb8aef4d0e759421958d86f07bebfbe3567d0c68ced226,18d4dbc90c434437c2cb23ffc615645429f99b256c30daef3eb484ee788e6d39,50ceaa123060e5919ab6b2368cdbc0b1c2e65a3fd21ddce4e9993a9984053f41,none,0,18576,0.15433893195521103,0,0,0,0,0,,,,2064,0.47783136466424425,0.315872908177412,0.8285459695183083,0.44494969786514255,0.13229468629355579,0.1418614755823423,303,1761,0.14680232558139536,0.9061244222963097,0.6606692580491512,0.355436931599121,0.25654679005638015,protocol_sensitivity_grouped10fold,main_10fold,California Housing,1,4,42,70200402,100,e7cd08402da16cf53ff104c6d2fdefb8034e929b738272d40065970c7bf31bf9,71307e50bf48947aaceac4566b0467b6551fc1bc4c76e462998f880b027a56db,0,0,2064,0.821016,protocol_sensitivity_grouped10fold|california_housing|r1|f4|rf
california_housing,smote_r_rf,18576,2064,8,7a6ce4a99957a5fdaceb8aef4d0e759421958d86f07bebfbe3567d0c68ced226,18d4dbc90c434437c2cb23ffc615645429f99b256c30daef3eb484ee788e6d39,50ceaa123060e5919ab6b2368cdbc0b1c2e65a3fd21ddce4e9993a9984053f41,smote_r,12842,31418,0.5,0,0,0,0,0,,,,2064,0.4967940658842176,0.3424214815148483,0.8146676675224814,0.38769584039342075,0.11528007510667418,0.14053747307552766,303,1761,0.14680232558139536,0.7857177051808353,0.5552024731678894,0.4278403535024787,0.3058101013496743,protocol_sensitivity_grouped10fold,main_10fold,California Housing,1,4,42,70200403,100,e7cd08402da16cf53ff104c6d2fdefb8034e929b738272d40065970c7bf31bf9,71307e50bf48947aaceac4566b0467b6551fc1bc4c76e462998f880b027a56db,0,0,2064,3.679956,protocol_sensitivity_grouped10fold|california_housing|r1|f4|smote_r_rf
california_housing,smogn_rf,18576,2064,8,7a6ce4a99957a5fdaceb8aef4d0e759421958d86f07bebfbe3567d0c68ced226,18d4dbc90c434437c2cb23ffc615645429f99b256c30daef3eb484ee788e6d39,50ceaa123060e5919ab6b2368cdbc0b1c2e65a3fd21ddce4e9993a9984053f41,smogn,12842,31418,0.5,0,0,0,0,0,,,,2064,0.49311477728240133,0.33802894016521445,0.8174026682819937,0.38259501185241146,0.1137693228179941,0.13876487365408802,303,1761,0.14680232558139536,0.7807993159335735,0.5447268536870853,0.42438687621125426,0.3024642225064259,protocol_sensitivity_grouped10fold,main_10fold,California Housing,1,4,42,70200404,100,e7cd08402da16cf53ff104c6d2fdefb8034e929b738272d40065970c7bf31bf9,71307e50bf48947aaceac4566b0467b6551fc1bc4c76e462998f880b027a56db,0,0,2064,3.489133,protocol_sensitivity_grouped10fold|california_housing|r1|f4|smogn_rf
california_housing,relevance_weighted_rf,18576,2064,8,7a6ce4a99957a5fdaceb8aef4d0e759421958d86f07bebfbe3567d0c68ced226,18d4dbc90c434437c2cb23ffc615645429f99b256c30daef3eb484ee788e6d39,50ceaa123060e5919ab6b2368cdbc0b1c2e65a3fd21ddce4e9993a9984053f41,none,0,18576,0.15433893195521103,0,0,0,0,0,0.1660983132262235,1.0,3.3219662645244696,2064,0.48122648215211,0.32006300859247877,0.8261008617644053,0.44269321264644934,0.13162438313608316,0.14202330737797356,303,1761,0.14680232558139536,0.900343659508007,0.6566395209665294,0.36324726218306336,0.26215120663374086,protocol_sensitivity_grouped10fold,main_10fold,California Housing,1,4,42,70200405,100,e7cd08402da16cf53ff104c6d2fdefb8034e929b738272d40065970c7bf31bf9,71307e50bf48947aaceac4566b0467b6551fc1bc4c76e462998f880b027a56db,0,0,2064,0.801965,protocol_sensitivity_grouped10fold|california_housing|r1|f4|relevance_weighted_rf
california_housing,ekk,18576,2064,8,e6ca46d3f8a225b51a8a46ce4263cd1923f1ecdc75af083c77f7df6d9e625e27,f16ea1bb6c86e659459625fabd44bb46bb2d89a9b6debceec3af5770745c7c57,cf077ba73e6b5a89f75b0f8198e6c377588bc29bcef902fbf3b9e7cc581c536c,none,0,18576,0.1527777777777778,0,0,0,0,0,,,,2064,0.7451500072907876,0.5384641273940569,0.586081058390023,1.141931184455015,0.34082660263758374,0.363197979083477,326,1738,0.15794573643410853,1.4319806740350993,1.178179236242493,0.5241836179300534,0.41847153505539736,protocol_sensitivity_grouped10fold,main_10fold,California Housing,1,5,42,70200501,100,198f4ebb47390194e42ff9abe23e0ee8f630963d41f750cef7cc5d7b964f9dbc,426571e94a64b86eb5f127c4c10049f9ff4fcd21f5f9193f6d9d34de68e099de,0,0,2064,0.038017,protocol_sensitivity_grouped10fold|california_housing|r1|f5|ekk
california_housing,rf,18576,2064,8,e6ca46d3f8a225b51a8a46ce4263cd1923f1ecdc75af083c77f7df6d9e625e27,f16ea1bb6c86e659459625fabd44bb46bb2d89a9b6debceec3af5770745c7c57,cf077ba73e6b5a89f75b0f8198e6c377588bc29bcef902fbf3b9e7cc581c536c,none,0,18576,0.1527777777777778,0,0,0,0,0,,,,2064,0.5017856888684427,0.33123997829441104,0.8122999351762747,0.48841209613104153,0.14576171075634925,0.15741299027375044,326,1738,0.15794573643410853,0.9236356596293185,0.6811076393639989,0.3728260500447784,0.26561462874971276,protocol_sensitivity_grouped10fold,main_10fold,California Housing,1,5,42,70200502,100,198f4ebb47390194e42ff9abe23e0ee8f630963d41f750cef7cc5d7b964f9dbc,426571e94a64b86eb5f127c4c10049f9ff4fcd21f5f9193f6d9d34de68e099de,0,0,2064,0.867334,protocol_sensitivity_grouped10fold|california_housing|r1|f5|rf
california_housing,smote_r_rf,18576,2064,8,e6ca46d3f8a225b51a8a46ce4263cd1923f1ecdc75af083c77f7df6d9e625e27,f16ea1bb6c86e659459625fabd44bb46bb2d89a9b6debceec3af5770745c7c57,cf077ba73e6b5a89f75b0f8198e6c377588bc29bcef902fbf3b9e7cc581c536c,smote_r,12900,31476,0.5,0,0,0,0,0,,,,2064,0.5187496738888937,0.35307919450910424,0.7993941682023787,0.4297817005126523,0.1282460052124637,0.15353350695397236,326,1738,0.15794573643410853,0.807709511766624,0.5759490475889355,0.44407897796294965,0.31127506786697257,protocol_sensitivity_grouped10fold,main_10fold,California Housing,1,5,42,70200503,100,198f4ebb47390194e42ff9abe23e0ee8f630963d41f750cef7cc5d7b964f9dbc,426571e94a64b86eb5f127c4c10049f9ff4fcd21f5f9193f6d9d34de68e099de,0,0,2064,3.703595,protocol_sensitivity_grouped10fold|california_housing|r1|f5|smote_r_rf
california_housing,smogn_rf,18576,2064,8,e6ca46d3f8a225b51a8a46ce4263cd1923f1ecdc75af083c77f7df6d9e625e27,f16ea1bb6c86e659459625fabd44bb46bb2d89a9b6debceec3af5770745c7c57,cf077ba73e6b5a89f75b0f8198e6c377588bc29bcef902fbf3b9e7cc581c536c,smogn,12900,31476,0.5,0,0,0,0,0,,,,2064,0.516486178094231,0.35417825291811467,0.801140983058116,0.42998678358163717,0.12832320694673707,0.15249972857647343,326,1738,0.15794573643410853,0.8149505217085539,0.5779592770000145,0.4384283807682348,0.31220321618008284,protocol_sensitivity_grouped10fold,main_10fold,California Housing,1,5,42,70200504,100,198f4ebb47390194e42ff9abe23e0ee8f630963d41f750cef7cc5d7b964f9dbc,426571e94a64b86eb5f127c4c10049f9ff4fcd21f5f9193f6d9d34de68e099de,0,0,2064,3.640838,protocol_sensitivity_grouped10fold|california_housing|r1|f5|smogn_rf
california_housing,relevance_weighted_rf,18576,2064,8,e6ca46d3f8a225b51a8a46ce4263cd1923f1ecdc75af083c77f7df6d9e625e27,f16ea1bb6c86e659459625fabd44bb46bb2d89a9b6debceec3af5770745c7c57,cf077ba73e6b5a89f75b0f8198e6c377588bc29bcef902fbf3b9e7cc581c536c,none,0,18576,0.1527777777777778,0,0,0,0,0,0.16626161330747036,1.0000000000000002,3.325232266149407,2064,0.5166217987202814,0.34141367411179774,0.8010365352476154,0.5202688715066084,0.1552773196807183,0.1667632634306746,326,1738,0.15794573643410853,0.9549231154287485,0.7092652118237242,0.3819920562562037,0.27241505426479656,protocol_sensitivity_grouped10fold,main_10fold,California Housing,1,5,42,70200505,100,198f4ebb47390194e42ff9abe23e0ee8f630963d41f750cef7cc5d7b964f9dbc,426571e94a64b86eb5f127c4c10049f9ff4fcd21f5f9193f6d9d34de68e099de,0,0,2064,0.812577,protocol_sensitivity_grouped10fold|california_housing|r1|f5|relevance_weighted_rf
california_housing,ekk,18576,2064,8,09c55ffb2ff5b28f09c58cff9a2e40948801747c65f421a207b2441aba9837e6,a372c1238d83033a0c9663b3577d102a20d8126f6200ac4c77030bc7ff8bee86,eba38cdd9f4ca344fed877248e43e83d66d5db4fc9dcea9bc4dca82b2220f776,none,0,18576,0.1523471145564169,0,0,0,0,0,,,,2064,0.7381882745112156,0.5272207997985742,0.5863333499487893,0.976501737072809,0.29047394101930335,0.35591602475945083,328,1736,0.15891472868217055,1.327356297499892,1.1056914194752236,0.5612403693484717,0.4179245076016035,protocol_sensitivity_grouped10fold,main_10fold,California Housing,1,6,42,70200601,100,b1f32032100f56c6b2fdcb6ff8d948fea1f3c060505ffea3618caacb4953ec0d,f39bbd183d3ad042ba6d68a4c7d806f3fe8425a5e9cba5c5fb843bd940858285,0,0,2064,0.033741,protocol_sensitivity_grouped10fold|california_housing|r1|f6|ekk
california_housing,rf,18576,2064,8,09c55ffb2ff5b28f09c58cff9a2e40948801747c65f421a207b2441aba9837e6,a372c1238d83033a0c9663b3577d102a20d8126f6200ac4c77030bc7ff8bee86,eba38cdd9f4ca344fed877248e43e83d66d5db4fc9dcea9bc4dca82b2220f776,none,0,18576,0.1523471145564169,0,0,0,0,0,,,,2064,0.4811326166318105,0.3226779937872418,0.8242700348432128,0.42319826372731567,0.12584693744269243,0.13727295016531157,328,1736,0.15891472868217055,0.8680936743300087,0.6499856506330275,0.36447680911576286,0.2608364549361948,protocol_sensitivity_grouped10fold,main_10fold,California Housing,1,6,42,70200602,100,b1f32032100f56c6b2fdcb6ff8d948fea1f3c060505ffea3618caacb4953ec0d,f39bbd183d3ad042ba6d68a4c7d806f3fe8425a5e9cba5c5fb843bd940858285,0,0,2064,0.857667,protocol_sensitivity_grouped10fold|california_housing|r1|f6|rf
california_housing,smote_r_rf,18576,2064,8,09c55ffb2ff5b28f09c58cff9a2e40948801747c65f421a207b2441aba9837e6,a372c1238d83033a0c9663b3577d102a20d8126f6200ac4c77030bc7ff8bee86,eba38cdd9f4ca344fed877248e43e83d66d5db4fc9dcea9bc4dca82b2220f776,smote_r,12916,31492,0.5,0,0,0,0,0,,,,2064,0.50642207993952,0.35325937462265616,0.8053109663346835,0.37018554403975035,0.11008972866424749,0.13710028672157304,328,1736,0.15891472868217055,0.7507778289958155,0.5418169040778577,0.44544378564063236,0.31763329762881626,protocol_sensitivity_grouped10fold,main_10fold,California Housing,1,6,42,70200603,100,b1f32032100f56c6b2fdcb6ff8d948fea1f3c060505ffea3618caacb4953ec0d,f39bbd183d3ad042ba6d68a4c7d806f3fe8425a5e9cba5c5fb843bd940858285,0,0,2064,3.556086,protocol_sensitivity_grouped10fold|california_housing|r1|f6|smote_r_rf
california_housing,smogn_rf,18576,2064,8,09c55ffb2ff5b28f09c58cff9a2e40948801747c65f421a207b2441aba9837e6,a372c1238d83033a0c9663b3577d102a20d8126f6200ac4c77030bc7ff8bee86,eba38cdd9f4ca344fed877248e43e83d66d5db4fc9dcea9bc4dca82b2220f776,smogn,12916,31492,0.5,0,0,0,0,0,,,,2064,0.5064464601759566,0.35528667910052675,0.8052922203948232,0.3701859742586709,0.11009201847513994,0.13690860698157378,328,1736,0.15891472868217055,0.7489076783468819,0.5450615969019237,0.44607110907484376,0.31943058864035506,protocol_sensitivity_grouped10fold,main_10fold,California Housing,1,6,42,70200604,100,b1f32032100f56c6b2fdcb6ff8d948fea1f3c060505ffea3618caacb4953ec0d,f39bbd183d3ad042ba6d68a4c7d806f3fe8425a5e9cba5c5fb843bd940858285,0,0,2064,3.517576,protocol_sensitivity_grouped10fold|california_housing|r1|f6|smogn_rf
california_housing,relevance_weighted_rf,18576,2064,8,09c55ffb2ff5b28f09c58cff9a2e40948801747c65f421a207b2441aba9837e6,a372c1238d83033a0c9663b3577d102a20d8126f6200ac4c77030bc7ff8bee86,eba38cdd9f4ca344fed877248e43e83d66d5db4fc9dcea9bc4dca82b2220f776,none,0,18576,0.1523471145564169,0,0,0,0,0,0.16640451548522167,1.0,3.3280903097044336,2064,0.4869582653304656,0.32867514241559775,0.8199887251313168,0.4284324780328401,0.12740170669728787,0.13927543782825902,328,1736,0.15891472868217055,0.8744339567452152,0.6497596198826078,0.37075766445201097,0.2680094116499415,protocol_sensitivity_grouped10fold,main_10fold,California Housing,1,6,42,70200605,100,b1f32032100f56c6b2fdcb6ff8d948fea1f3c060505ffea3618caacb4953ec0d,f39bbd183d3ad042ba6d68a4c7d806f3fe8425a5e9cba5c5fb843bd940858285,0,0,2064,0.773664,protocol_sensitivity_grouped10fold|california_housing|r1|f6|relevance_weighted_rf
california_housing,ekk,18576,2064,8,11237369d831ebd2829758eb4a48c1d951ab4864e84d1424daf688b560210760,9a038d5f71eb3ec9c9e1499c35a55d704a87a68f87c1dec11493addc4f5d2811,c7587a4ea9ecf815d5e3f912c5038c72e749516d8af0911d59cc3576d4b4173a,none,0,18576,0.1533161068044789,0,0,0,0,0,,,,2064,0.7359831732552164,0.5411682397802194,0.5982574460850999,1.0791195816466908,0.32181230329775756,0.34331374233031975,321,1743,0.1555232558139535,1.391881463309269,1.1399125184020655,0.5335153903786317,0.43090036058480213,protocol_sensitivity_grouped10fold,main_10fold,California Housing,1,7,42,70200701,100,c1394059674ec15ce5b16ed1e40f223d6c78368f8c8882187da5552296d5651d,75d5ab046afd2ee1ddb71c9bcd09c5414d0a4fc196493127dd8837aaaa2efbfa,0,0,2064,0.029637,protocol_sensitivity_grouped10fold|california_housing|r1|f7|ekk
california_housing,rf,18576,2064,8,11237369d831ebd2829758eb4a48c1d951ab4864e84d1424daf688b560210760,9a038d5f71eb3ec9c9e1499c35a55d704a87a68f87c1dec11493addc4f5d2811,c7587a4ea9ecf815d5e3f912c5038c72e749516d8af0911d59cc3576d4b4173a,none,0,18576,0.1533161068044789,0,0,0,0,0,,,,2064,0.49248743654834426,0.32918025616977753,0.8201119236001232,0.44671362380882995,0.13322060070432548,0.1470868578554368,321,1743,0.1555232558139535,0.8854507572320776,0.6542422475100899,0.3779182958079507,0.2693151390038335,protocol_sensitivity_grouped10fold,main_10fold,California Housing,1,7,42,70200702,100,c1394059674ec15ce5b16ed1e40f223d6c78368f8c8882187da5552296d5651d,75d5ab046afd2ee1ddb71c9bcd09c5414d0a4fc196493127dd8837aaaa2efbfa,0,0,2064,0.806358,protocol_sensitivity_grouped10fold|california_housing|r1|f7|rf
california_housing,smote_r_rf,18576,2064,8,11237369d831ebd2829758eb4a48c1d951ab4864e84d1424daf688b560210760,9a038d5f71eb3ec9c9e1499c35a55d704a87a68f87c1dec11493addc4f5d2811,c7587a4ea9ecf815d5e3f912c5038c72e749516d8af0911d59cc3576d4b4173a,smote_r,12880,31456,0.5,0,0,0,0,0,,,,2064,0.519800702118619,0.3600194687141372,0.799605503923979,0.3865806957556165,0.11528971401295346,0.14777350959763752,321,1743,0.1555232558139535,0.7586046271539132,0.5485561061320733,0.4625681525089345,0.3252975750760664,protocol_sensitivity_grouped10fold,main_10fold,California Housing,1,7,42,70200703,100,c1394059674ec15ce5b16ed1e40f223d6c78368f8c8882187da5552296d5651d,75d5ab046afd2ee1ddb71c9bcd09c5414d0a4fc196493127dd8837aaaa2efbfa,0,0,2064,3.974854,protocol_sensitivity_grouped10fold|california_housing|r1|f7|smote_r_rf
california_housing,smogn_rf,18576,2064,8,11237369d831ebd2829758eb4a48c1d951ab4864e84d1424daf688b560210760,9a038d5f71eb3ec9c9e1499c35a55d704a87a68f87c1dec11493addc4f5d2811,c7587a4ea9ecf815d5e3f912c5038c72e749516d8af0911d59cc3576d4b4173a,smogn,12880,31456,0.5,0,0,0,0,0,,,,2064,0.5152715403347009,0.35672211784935043,0.8030824708705758,0.3730748933653845,0.11127364977646266,0.1444182659388748,321,1743,0.1555232558139535,0.7453399567828951,0.5393857455241343,0.4605343532534278,0.323081828415268,protocol_sensitivity_grouped10fold,main_10fold,California Housing,1,7,42,70200704,100,c1394059674ec15ce5b16ed1e40f223d6c78368f8c8882187da5552296d5651d,75d5ab046afd2ee1ddb71c9bcd09c5414d0a4fc196493127dd8837aaaa2efbfa,0,0,2064,3.531715,protocol_sensitivity_grouped10fold|california_housing|r1|f7|smogn_rf
california_housing,relevance_weighted_rf,18576,2064,8,11237369d831ebd2829758eb4a48c1d951ab4864e84d1424daf688b560210760,9a038d5f71eb3ec9c9e1499c35a55d704a87a68f87c1dec11493addc4f5d2811,c7587a4ea9ecf815d5e3f912c5038c72e749516d8af0911d59cc3576d4b4173a,none,0,18576,0.1533161068044789,0,0,0,0,0,0.16627105476854848,1.0,3.3254210953709693,2064,0.4985527990380509,0.3357557690423004,0.8156537177880022,0.4464139778750868,0.13313399198147452,0.14847353191257348,321,1743,0.1555232558139535,0.8801894415348542,0.6547970179095016,0.38942405773830613,0.2769994633128847,protocol_sensitivity_grouped10fold,main_10fold,California Housing,1,7,42,70200705,100,c1394059674ec15ce5b16ed1e40f223d6c78368f8c8882187da5552296d5651d,75d5ab046afd2ee1ddb71c9bcd09c5414d0a4fc196493127dd8837aaaa2efbfa,0,0,2064,0.795141,protocol_sensitivity_grouped10fold|california_housing|r1|f7|relevance_weighted_rf
california_housing,ekk,18576,2064,8,c02935ac37ff20612a33ede3476c33b8d421487025f9813f54835ac372d9a3d3,8f8faa76aae73c029b5ddc89bf12c7482a1e814ef90f9465bf03c56d10ba055c,6cde22329f9a04c444680e5f53ff3aa3d69f0f7da34d4765e12c7a2daeeac26d,none,0,18576,0.15455426356589147,0,0,0,0,0,,,,2064,0.7331793536506471,0.5419858063877687,0.5943800095592051,1.0022179734855579,0.2988623697477371,0.3335681634086094,308,1756,0.14922480620155038,1.3583985114328874,1.1427119827985985,0.5551433397000426,0.4366192560833635,protocol_sensitivity_grouped10fold,main_10fold,California Housing,1,8,42,70200801,100,c5c7ea23a1d98ad0c66c81d1b720454e972b7c895c1007066c10338d8239314d,79915257e31319d11f193fa0b6d5bbee7a7b207a5a5f295cf3420b4aaa68b470,0,0,2064,0.02994,protocol_sensitivity_grouped10fold|california_housing|r1|f8|ekk
california_housing,rf,18576,2064,8,c02935ac37ff20612a33ede3476c33b8d421487025f9813f54835ac372d9a3d3,8f8faa76aae73c029b5ddc89bf12c7482a1e814ef90f9465bf03c56d10ba055c,6cde22329f9a04c444680e5f53ff3aa3d69f0f7da34d4765e12c7a2daeeac26d,none,0,18576,0.15455426356589147,0,0,0,0,0,,,,2064,0.48524466015133977,0.32419369235125595,0.8223274126145798,0.41107347284078616,0.12260516501843531,0.13706591855970288,308,1756,0.14922480620155038,0.8755926828861699,0.6483101497934071,0.37721425885312754,0.26734410869967135,protocol_sensitivity_grouped10fold,main_10fold,California Housing,1,8,42,70200802,100,c5c7ea23a1d98ad0c66c81d1b720454e972b7c895c1007066c10338d8239314d,79915257e31319d11f193fa0b6d5bbee7a7b207a5a5f295cf3420b4aaa68b470,0,0,2064,0.769355,protocol_sensitivity_grouped10fold|california_housing|r1|f8|rf
california_housing,smote_r_rf,18576,2064,8,c02935ac37ff20612a33ede3476c33b8d421487025f9813f54835ac372d9a3d3,8f8faa76aae73c029b5ddc89bf12c7482a1e814ef90f9465bf03c56d10ba055c,6cde22329f9a04c444680e5f53ff3aa3d69f0f7da34d4765e12c7a2daeeac26d,smote_r,12834,31410,0.5,0,0,0,0,0,,,,2064,0.524819056180967,0.35900288833183003,0.7921652856893135,0.3868797408574712,0.11541134448029294,0.15152031558842324,308,1756,0.14922480620155038,0.7959347863519752,0.5674149049220278,0.4611169053005671,0.3224477054674901,protocol_sensitivity_grouped10fold,main_10fold,California Housing,1,8,42,70200803,100,c5c7ea23a1d98ad0c66c81d1b720454e972b7c895c1007066c10338d8239314d,79915257e31319d11f193fa0b6d5bbee7a7b207a5a5f295cf3420b4aaa68b470,0,0,2064,3.508073,protocol_sensitivity_grouped10fold|california_housing|r1|f8|smote_r_rf
california_housing,smogn_rf,18576,2064,8,c02935ac37ff20612a33ede3476c33b8d421487025f9813f54835ac372d9a3d3,8f8faa76aae73c029b5ddc89bf12c7482a1e814ef90f9465bf03c56d10ba055c,6cde22329f9a04c444680e5f53ff3aa3d69f0f7da34d4765e12c7a2daeeac26d,smogn,12834,31410,0.5,0,0,0,0,0,,,,2064,0.5268919074271321,0.36350553012569636,0.790520295033687,0.38473737862802965,0.11476367759391412,0.15054414594576568,308,1756,0.14922480620155038,0.7864670039094475,0.5653778314545854,0.46671084236077,0.32809740438008256,protocol_sensitivity_grouped10fold,main_10fold,California Housing,1,8,42,70200804,100,c5c7ea23a1d98ad0c66c81d1b720454e972b7c895c1007066c10338d8239314d,79915257e31319d11f193fa0b6d5bbee7a7b207a5a5f295cf3420b4aaa68b470,0,0,2064,3.831975,protocol_sensitivity_grouped10fold|california_housing|r1|f8|smogn_rf
california_housing,relevance_weighted_rf,18576,2064,8,c02935ac37ff20612a33ede3476c33b8d421487025f9813f54835ac372d9a3d3,8f8faa76aae73c029b5ddc89bf12c7482a1e814ef90f9465bf03c56d10ba055c,6cde22329f9a04c444680e5f53ff3aa3d69f0f7da34d4765e12c7a2daeeac26d,none,0,18576,0.15455426356589147,0,0,0,0,0,0.16593213800213966,0.9999999999999998,3.318642760042793,2064,0.5036203956653749,0.33711850384747893,0.8086160486701999,0.45142627629517124,0.13464852847959832,0.14978508662194565,308,1756,0.14922480620155038,0.9192793727671685,0.6774934613551301,0.38716346542068275,0.27741720150559024,protocol_sensitivity_grouped10fold,main_10fold,California Housing,1,8,42,70200805,100,c5c7ea23a1d98ad0c66c81d1b720454e972b7c895c1007066c10338d8239314d,79915257e31319d11f193fa0b6d5bbee7a7b207a5a5f295cf3420b4aaa68b470,0,0,2064,0.824041,protocol_sensitivity_grouped10fold|california_housing|r1|f8|relevance_weighted_rf
california_housing,ekk,18576,2064,8,88998d04017b6df048d89d593466de3bdcfb8eb2bf7adf8ace1cc975f31ce175,cd9c5be459864bb0fd9c4aa96c3e51aaf359e190573d9a79937277d79f2c2a9d,7e809f650b0d4e4fbf2a3812cf52a22aadd0acd284b59c29484ff8467489db9c,none,0,18576,0.15444659776055125,0,0,0,0,0,,,,2064,0.7255380703534228,0.5236453530906217,0.5961162660914171,1.021497104107049,0.30293832955314237,0.334776234996485,301,1763,0.14583333333333334,1.380490671505523,1.1237611095655258,0.5393578416369874,0.42118656539978433,protocol_sensitivity_grouped10fold,main_10fold,California Housing,1,9,42,70200901,100,c763d8314aa2ec6c0df5567ab8638afa57f5c1a580fa45dcd6f388ef40279366,ce059a68dbe4479efaf34ca94201ec919771bb8acbc0babfbec10e6a0e221340,0,0,2064,0.029293,protocol_sensitivity_grouped10fold|california_housing|r1|f9|ekk
california_housing,rf,18576,2064,8,88998d04017b6df048d89d593466de3bdcfb8eb2bf7adf8ace1cc975f31ce175,cd9c5be459864bb0fd9c4aa96c3e51aaf359e190573d9a79937277d79f2c2a9d,7e809f650b0d4e4fbf2a3812cf52a22aadd0acd284b59c29484ff8467489db9c,none,0,18576,0.15444659776055125,0,0,0,0,0,,,,2064,0.5137383472539834,0.33625214717264695,0.7975023815726349,0.49182889440243777,0.14586208439273998,0.16338311686211662,301,1763,0.14583333333333334,0.9508511064299943,0.6942553295583737,0.39322542119676185,0.27512965261898625,protocol_sensitivity_grouped10fold,main_10fold,California Housing,1,9,42,70200902,100,c763d8314aa2ec6c0df5567ab8638afa57f5c1a580fa45dcd6f388ef40279366,ce059a68dbe4479efaf34ca94201ec919771bb8acbc0babfbec10e6a0e221340,0,0,2064,0.777552,protocol_sensitivity_grouped10fold|california_housing|r1|f9|rf
california_housing,smote_r_rf,18576,2064,8,88998d04017b6df048d89d593466de3bdcfb8eb2bf7adf8ace1cc975f31ce175,cd9c5be459864bb0fd9c4aa96c3e51aaf359e190573d9a79937277d79f2c2a9d,7e809f650b0d4e4fbf2a3812cf52a22aadd0acd284b59c29484ff8467489db9c,smote_r,12838,31414,0.5,0,0,0,0,0,,,,2064,0.5339551966778338,0.3612186109338222,0.7812512466647874,0.4338790077023846,0.12867565770099743,0.16319854969060374,301,1763,0.14583333333333334,0.8386726065744414,0.5897135151871115,0.4622740479496008,0.32220728581740704,protocol_sensitivity_grouped10fold,main_10fold,California Housing,1,9,42,70200903,100,c763d8314aa2ec6c0df5567ab8638afa57f5c1a580fa45dcd6f388ef40279366,ce059a68dbe4479efaf34ca94201ec919771bb8acbc0babfbec10e6a0e221340,0,0,2064,3.53915,protocol_sensitivity_grouped10fold|california_housing|r1|f9|smote_r_rf
california_housing,smogn_rf,18576,2064,8,88998d04017b6df048d89d593466de3bdcfb8eb2bf7adf8ace1cc975f31ce175,cd9c5be459864bb0fd9c4aa96c3e51aaf359e190573d9a79937277d79f2c2a9d,7e809f650b0d4e4fbf2a3812cf52a22aadd0acd284b59c29484ff8467489db9c,smogn,12838,31414,0.5,0,0,0,0,0,,,,2064,0.5333502504073644,0.3621028329559051,0.7817466301005807,0.4344720772027537,0.12885721458382682,0.16209293194350768,301,1763,0.14583333333333334,0.839404278548261,0.5869931842044723,0.46122854768924737,0.32370691932810103,protocol_sensitivity_grouped10fold,main_10fold,California Housing,1,9,42,70200904,100,c763d8314aa2ec6c0df5567ab8638afa57f5c1a580fa45dcd6f388ef40279366,ce059a68dbe4479efaf34ca94201ec919771bb8acbc0babfbec10e6a0e221340,0,0,2064,3.493011,protocol_sensitivity_grouped10fold|california_housing|r1|f9|smogn_rf
california_housing,relevance_weighted_rf,18576,2064,8,88998d04017b6df048d89d593466de3bdcfb8eb2bf7adf8ace1cc975f31ce175,cd9c5be459864bb0fd9c4aa96c3e51aaf359e190573d9a79937277d79f2c2a9d,7e809f650b0d4e4fbf2a3812cf52a22aadd0acd284b59c29484ff8467489db9c,none,0,18576,0.15444659776055125,0,0,0,0,0,0.16601256915464643,1.0,3.3202513830929288,2064,0.5212879564614161,0.3440941178876986,0.7915070692823263,0.5025335797965893,0.14902987393625186,0.16624220988397545,301,1763,0.14583333333333334,0.9609486528136884,0.7133443075321836,0.40059766986254824,0.28105140258254263,protocol_sensitivity_grouped10fold,main_10fold,California Housing,1,9,42,70200905,100,c763d8314aa2ec6c0df5567ab8638afa57f5c1a580fa45dcd6f388ef40279366,ce059a68dbe4479efaf34ca94201ec919771bb8acbc0babfbec10e6a0e221340,0,0,2064,0.959624,protocol_sensitivity_grouped10fold|california_housing|r1|f9|relevance_weighted_rf
california_housing,ekk,18576,2064,8,41d76b416fb36ac08fae55a104cd06d3b121787c205bcdae00e988778d0acf3e,0d2973b5abf44bdbdd02b19b29a9ed4c0421640adff629b514c4c1390fd779ff,b03040c1ab2b56f4bc1c8c43b8323179cc1217fcc42f2007fcfbe93ff6b104ed,none,0,18576,0.15261627906976744,0,0,0,0,0,,,,2064,0.7149909328675603,0.5271418156420054,0.6138226773506552,0.9935883529560751,0.29475081338587755,0.318693737961436,320,1744,0.15503875968992248,1.3238888202498287,1.0839066267730675,0.5323715353421142,0.4249831347005262,protocol_sensitivity_grouped10fold,main_10fold,California Housing,1,10,42,70201001,100,e082b7f6a378fb791dfa4573cc2a2af159bd464951fb8d1f1a0540207cdebff8,d280c79cbdbc340aa756ba66fd83959d77d69592b36cfa41ef23a152906e8439,0,0,2064,0.030952,protocol_sensitivity_grouped10fold|california_housing|r1|f10|ekk
california_housing,rf,18576,2064,8,41d76b416fb36ac08fae55a104cd06d3b121787c205bcdae00e988778d0acf3e,0d2973b5abf44bdbdd02b19b29a9ed4c0421640adff629b514c4c1390fd779ff,b03040c1ab2b56f4bc1c8c43b8323179cc1217fcc42f2007fcfbe93ff6b104ed,none,0,18576,0.15261627906976744,0,0,0,0,0,,,,2064,0.47893177786820407,0.32356304640815153,0.8267261573226334,0.4170685408934679,0.12369051241721452,0.1343853491560264,320,1744,0.15503875968992248,0.849750064134736,0.6204104052082262,0.37278957272410024,0.26909564112373424,protocol_sensitivity_grouped10fold,main_10fold,California Housing,1,10,42,70201002,100,e082b7f6a378fb791dfa4573cc2a2af159bd464951fb8d1f1a0540207cdebff8,d280c79cbdbc340aa756ba66fd83959d77d69592b36cfa41ef23a152906e8439,0,0,2064,0.769908,protocol_sensitivity_grouped10fold|california_housing|r1|f10|rf
california_housing,smote_r_rf,18576,2064,8,41d76b416fb36ac08fae55a104cd06d3b121787c205bcdae00e988778d0acf3e,0d2973b5abf44bdbdd02b19b29a9ed4c0421640adff629b514c4c1390fd779ff,b03040c1ab2b56f4bc1c8c43b8323179cc1217fcc42f2007fcfbe93ff6b104ed,smote_r,12906,31482,0.5,0,0,0,0,0,,,,2064,0.5112320093701731,0.35637786465313354,0.8025660770643744,0.38139547015451897,0.11311745223124532,0.1415014520720128,320,1744,0.15503875968992248,0.7691752726075036,0.5493532210118875,0.44805995252709196,0.3209695423854723,protocol_sensitivity_grouped10fold,main_10fold,California Housing,1,10,42,70201003,100,e082b7f6a378fb791dfa4573cc2a2af159bd464951fb8d1f1a0540207cdebff8,d280c79cbdbc340aa756ba66fd83959d77d69592b36cfa41ef23a152906e8439,0,0,2064,3.471704,protocol_sensitivity_grouped10fold|california_housing|r1|f10|smote_r_rf
california_housing,smogn_rf,18576,2064,8,41d76b416fb36ac08fae55a104cd06d3b121787c205bcdae00e988778d0acf3e,0d2973b5abf44bdbdd02b19b29a9ed4c0421640adff629b514c4c1390fd779ff,b03040c1ab2b56f4bc1c8c43b8323179cc1217fcc42f2007fcfbe93ff6b104ed,smogn,12906,31482,0.5,0,0,0,0,0,,,,2064,0.511506163469747,0.3569347530724339,0.8023542678209112,0.3816531172182872,0.11319029004898239,0.1405139033351451,320,1744,0.15503875968992248,0.7634703889019653,0.5371755368853597,0.4502153708357714,0.32386304962052087,protocol_sensitivity_grouped10fold,main_10fold,California Housing,1,10,42,70201004,100,e082b7f6a378fb791dfa4573cc2a2af159bd464951fb8d1f1a0540207cdebff8,d280c79cbdbc340aa756ba66fd83959d77d69592b36cfa41ef23a152906e8439,0,0,2064,3.413137,protocol_sensitivity_grouped10fold|california_housing|r1|f10|smogn_rf
california_housing,relevance_weighted_rf,18576,2064,8,41d76b416fb36ac08fae55a104cd06d3b121787c205bcdae00e988778d0acf3e,0d2973b5abf44bdbdd02b19b29a9ed4c0421640adff629b514c4c1390fd779ff,b03040c1ab2b56f4bc1c8c43b8323179cc1217fcc42f2007fcfbe93ff6b104ed,none,0,18576,0.15261627906976744,0,0,0,0,0,0.16645531417773232,1.0,3.329106283554646,2064,0.4918006155826893,0.3322166055617837,0.8172893617950316,0.447661474097748,0.13276314505789688,0.14268094799588543,320,1744,0.15503875968992248,0.8854584991050249,0.64200222196166,0.3773424331850874,0.2753752080572192,protocol_sensitivity_grouped10fold,main_10fold,California Housing,1,10,42,70201005,100,e082b7f6a378fb791dfa4573cc2a2af159bd464951fb8d1f1a0540207cdebff8,d280c79cbdbc340aa756ba66fd83959d77d69592b36cfa41ef23a152906e8439,0,0,2064,0.801282,protocol_sensitivity_grouped10fold|california_housing|r1|f10|relevance_weighted_rf
concrete,ekk,924,106,8,ae565125b2441f6d22ecee475660926065d5cd0f3ebe4410479a2a0fc450daf8,836f3fb9adc1b47fbb21ae0edbdf7d8884c708771c2ca39b97774b15bf4769aa,787428145c4e74cfae2bbb9ff9b3d292d321290b6082b124475299f94aba328a,none,0,924,0.17424242424242425,0,0,0,0,0,,,,106,10.151857840447608,7.855706020974903,0.6207925998933561,113.23811446962709,33.43632990317563,42.88898447871976,17,89,0.16037735849056603,10.797559983521346,8.665789363591486,10.023791327726194,7.700971000475108,protocol_sensitivity_grouped10fold,main_10fold,Concrete Compressive Strength,1,1,42,70300101,100,575ecdef129a13209668692ac14fa97e7e8e5537a40ab57f3c30e39bef3335b3,7b4f5645a3f932e2eac73e778b0d0d68b1a0d24e7ea09012337ddac64c1a7c63,0,0,100,0.01315,protocol_sensitivity_grouped10fold|concrete|r1|f1|ekk
concrete,rf,924,106,8,ae565125b2441f6d22ecee475660926065d5cd0f3ebe4410479a2a0fc450daf8,836f3fb9adc1b47fbb21ae0edbdf7d8884c708771c2ca39b97774b15bf4769aa,787428145c4e74cfae2bbb9ff9b3d292d321290b6082b124475299f94aba328a,none,0,924,0.17424242424242425,0,0,0,0,0,,,,106,4.281706852399679,3.21481384420042,0.9325441516329322,24.698521777766324,7.279781053348864,7.734207588430272,17,89,0.16037735849056603,5.95395228184355,4.571978432433021,3.8811806472002615,2.955580158807676,protocol_sensitivity_grouped10fold,main_10fold,Concrete Compressive Strength,1,1,42,70300102,100,575ecdef129a13209668692ac14fa97e7e8e5537a40ab57f3c30e39bef3335b3,7b4f5645a3f932e2eac73e778b0d0d68b1a0d24e7ea09012337ddac64c1a7c63,0,0,100,0.126413,protocol_sensitivity_grouped10fold|concrete|r1|f1|rf
concrete,smote_r_rf,924,106,8,ae565125b2441f6d22ecee475660926065d5cd0f3ebe4410479a2a0fc450daf8,836f3fb9adc1b47fbb21ae0edbdf7d8884c708771c2ca39b97774b15bf4769aa,787428145c4e74cfae2bbb9ff9b3d292d321290b6082b124475299f94aba328a,smote_r,602,1526,0.5,0,0,0,0,0,,,,106,4.230605312240988,3.288881469791877,0.9341446943887309,20.380830383904907,6.004278768383762,6.779082982261614,17,89,0.16037735849056603,4.959514085590911,4.070545153897553,4.07657738028886,3.1395749233896697,protocol_sensitivity_grouped10fold,main_10fold,Concrete Compressive Strength,1,1,42,70300103,100,575ecdef129a13209668692ac14fa97e7e8e5537a40ab57f3c30e39bef3335b3,7b4f5645a3f932e2eac73e778b0d0d68b1a0d24e7ea09012337ddac64c1a7c63,0,0,100,0.192558,protocol_sensitivity_grouped10fold|concrete|r1|f1|smote_r_rf
concrete,smogn_rf,924,106,8,ae565125b2441f6d22ecee475660926065d5cd0f3ebe4410479a2a0fc450daf8,836f3fb9adc1b47fbb21ae0edbdf7d8884c708771c2ca39b97774b15bf4769aa,787428145c4e74cfae2bbb9ff9b3d292d321290b6082b124475299f94aba328a,smogn,602,1526,0.5,0,0,0,0,0,,,,106,3.8750506096827593,3.0399708340301848,0.9447489537210481,16.29031104742503,4.80026909082275,5.294190697028873,17,89,0.16037735849056603,4.109852514005851,3.3398909096905207,3.828563164415667,2.9826827296905702,protocol_sensitivity_grouped10fold,main_10fold,Concrete Compressive Strength,1,1,42,70300104,100,575ecdef129a13209668692ac14fa97e7e8e5537a40ab57f3c30e39bef3335b3,7b4f5645a3f932e2eac73e778b0d0d68b1a0d24e7ea09012337ddac64c1a7c63,0,0,100,0.190037,protocol_sensitivity_grouped10fold|concrete|r1|f1|smogn_rf
concrete,relevance_weighted_rf,924,106,8,ae565125b2441f6d22ecee475660926065d5cd0f3ebe4410479a2a0fc450daf8,836f3fb9adc1b47fbb21ae0edbdf7d8884c708771c2ca39b97774b15bf4769aa,787428145c4e74cfae2bbb9ff9b3d292d321290b6082b124475299f94aba328a,none,0,924,0.17424242424242425,0,0,0,0,0,0.16602265133165087,1.0,3.3204530266330172,106,4.32305637722101,3.1913476750833922,0.9312349841899452,25.72423351592367,7.579200166453846,7.952574927934695,17,89,0.16037735849056603,6.0215785458705025,4.439096316940505,3.915690998438447,2.9530136648410217,protocol_sensitivity_grouped10fold,main_10fold,Concrete Compressive Strength,1,1,42,70300105,100,575ecdef129a13209668692ac14fa97e7e8e5537a40ab57f3c30e39bef3335b3,7b4f5645a3f932e2eac73e778b0d0d68b1a0d24e7ea09012337ddac64c1a7c63,0,0,100,0.117158,protocol_sensitivity_grouped10fold|concrete|r1|f1|relevance_weighted_rf
concrete,ekk,925,105,8,f0450277f24af901c11f2162b5f99a9a0a7f02370ebb8845c2ef71842f823f2d,8ab013892beba7aa3027f6771a5c0f49a91b7e3d989fbbfee9a9004f09d361b8,e84b03fe5677a3f464c3ffd3f1bc5d14d7d180edbc93f4b6220878e6db6270ae,none,0,925,0.17297297297297298,0,0,0,0,0,,,,105,10.780359280801981,8.626361912406336,0.6363649509090921,149.13129290822397,47.87947068557295,58.03457023827057,23,82,0.21904761904761905,13.220998007684154,11.877133674683787,9.989271819753696,7.714560076645586,protocol_sensitivity_grouped10fold,main_10fold,Concrete Compressive Strength,1,2,42,70300201,100,a970610ea836eab953f879c900f8b02ffdc86d7de3b37c8dc82f2b62ddd98ccc,1e254105cb1425711cf6f5ad5b9d81622a69f396281b38849fa44510cba3759e,0,0,100,0.013308,protocol_sensitivity_grouped10fold|concrete|r1|f2|ekk
concrete,rf,925,105,8,f0450277f24af901c11f2162b5f99a9a0a7f02370ebb8845c2ef71842f823f2d,8ab013892beba7aa3027f6771a5c0f49a91b7e3d989fbbfee9a9004f09d361b8,e84b03fe5677a3f464c3ffd3f1bc5d14d7d180edbc93f4b6220878e6db6270ae,none,0,925,0.17297297297297298,0,0,0,0,0,,,,105,4.5562347955349525,3.473601257457073,0.9350451687202104,22.707074277844534,7.295245531456856,7.728393925242896,23,82,0.21904761904761905,4.853710266740343,4.010591389080001,4.469242244435941,3.322982074196983,protocol_sensitivity_grouped10fold,main_10fold,Concrete Compressive Strength,1,2,42,70300202,100,a970610ea836eab953f879c900f8b02ffdc86d7de3b37c8dc82f2b62ddd98ccc,1e254105cb1425711cf6f5ad5b9d81622a69f396281b38849fa44510cba3759e,0,0,100,0.11573,protocol_sensitivity_grouped10fold|concrete|r1|f2|rf
concrete,smote_r_rf,925,105,8,f0450277f24af901c11f2162b5f99a9a0a7f02370ebb8845c2ef71842f823f2d,8ab013892beba7aa3027f6771a5c0f49a91b7e3d989fbbfee9a9004f09d361b8,e84b03fe5677a3f464c3ffd3f1bc5d14d7d180edbc93f4b6220878e6db6270ae,smote_r,605,1530,0.5,0,0,0,0,0,,,,105,4.309316765646198,3.2869937017565483,0.9418946523075881,18.506759989450792,5.950951068236704,6.411015467060795,23,82,0.21904761904761905,3.8675691602225744,3.1028152926899533,4.4253097670160795,3.3386534994215697,protocol_sensitivity_grouped10fold,main_10fold,Concrete Compressive Strength,1,2,42,70300203,100,a970610ea836eab953f879c900f8b02ffdc86d7de3b37c8dc82f2b62ddd98ccc,1e254105cb1425711cf6f5ad5b9d81622a69f396281b38849fa44510cba3759e,0,0,100,0.192054,protocol_sensitivity_grouped10fold|concrete|r1|f2|smote_r_rf
concrete,smogn_rf,925,105,8,f0450277f24af901c11f2162b5f99a9a0a7f02370ebb8845c2ef71842f823f2d,8ab013892beba7aa3027f6771a5c0f49a91b7e3d989fbbfee9a9004f09d361b8,e84b03fe5677a3f464c3ffd3f1bc5d14d7d180edbc93f4b6220878e6db6270ae,smogn,605,1530,0.5,0,0,0,0,0,,,,105,4.428813039941836,3.3343814337583804,0.9386274793706259,19.374781991058835,6.229827214784853,6.754586356919061,23,82,0.21904761904761905,3.8689339824438256,3.1348201796487176,4.573560636296167,3.39035593186231,protocol_sensitivity_grouped10fold,main_10fold,Concrete Compressive Strength,1,2,42,70300204,100,a970610ea836eab953f879c900f8b02ffdc86d7de3b37c8dc82f2b62ddd98ccc,1e254105cb1425711cf6f5ad5b9d81622a69f396281b38849fa44510cba3759e,0,0,100,0.197766,protocol_sensitivity_grouped10fold|concrete|r1|f2|smogn_rf
concrete,relevance_weighted_rf,925,105,8,f0450277f24af901c11f2162b5f99a9a0a7f02370ebb8845c2ef71842f823f2d,8ab013892beba7aa3027f6771a5c0f49a91b7e3d989fbbfee9a9004f09d361b8,e84b03fe5677a3f464c3ffd3f1bc5d14d7d180edbc93f4b6220878e6db6270ae,none,0,925,0.17297297297297298,0,0,0,0,0,0.1654022810557214,1.0000000000000002,3.3080456211144282,105,4.367833630501762,3.373502268641717,0.9403058954390274,22.013542161806036,7.071425729308276,7.335106843376986,23,82,0.21904761904761905,4.809331047389532,3.9427140984502658,4.235743113964887,3.2138452919880995,protocol_sensitivity_grouped10fold,main_10fold,Concrete Compressive Strength,1,2,42,70300205,100,a970610ea836eab953f879c900f8b02ffdc86d7de3b37c8dc82f2b62ddd98ccc,1e254105cb1425711cf6f5ad5b9d81622a69f396281b38849fa44510cba3759e,0,0,100,0.128542,protocol_sensitivity_grouped10fold|concrete|r1|f2|relevance_weighted_rf
concrete,ekk,928,102,8,db66ae853ba424330f7281ff82c8a9947bbc0accd35816aafa9f83fa11e17979,0d8055f2576e418f94abf92293dfb69850883481499121de08fc82dc75e05ac2,43f8dec035af1d2fa847b428718c1a759fcad3bb341f3e933e0ea36bf54e9e9f,none,0,928,0.16918103448275862,0,0,0,0,0,,,,102,10.331787073372,8.15133415472664,0.5686267316917455,154.60350664456007,44.01630062851651,56.400389824279,17,85,0.16666666666666666,15.196606933213546,12.2622087358524,9.050282675081332,7.329159238501489,protocol_sensitivity_grouped10fold,main_10fold,Concrete Compressive Strength,1,3,42,70300301,100,1206974574075e748ff7426ced2c75a9c6948a32eeef9af7660138e07b4fb7ae,139a31911ccd2a2bcd3f4f8b828c0109d97aeae717733e4d61e7e41c48924b31,0,0,100,0.013308,protocol_sensitivity_grouped10fold|concrete|r1|f3|ekk
concrete,rf,928,102,8,db66ae853ba424330f7281ff82c8a9947bbc0accd35816aafa9f83fa11e17979,0d8055f2576e418f94abf92293dfb69850883481499121de08fc82dc75e05ac2,43f8dec035af1d2fa847b428718c1a759fcad3bb341f3e933e0ea36bf54e9e9f,none,0,928,0.16918103448275862,0,0,0,0,0,,,,102,5.441528630755505,3.973696486477402,0.8803413299695091,49.48535999478772,14.082640328028882,14.676219839081979,17,85,0.16666666666666666,8.821299386103782,6.576817808778022,4.468692877715279,3.453072222017277,protocol_sensitivity_grouped10fold,main_10fold,Concrete Compressive Strength,1,3,42,70300302,100,1206974574075e748ff7426ced2c75a9c6948a32eeef9af7660138e07b4fb7ae,139a31911ccd2a2bcd3f4f8b828c0109d97aeae717733e4d61e7e41c48924b31,0,0,100,0.122785,protocol_sensitivity_grouped10fold|concrete|r1|f3|rf
concrete,smote_r_rf,928,102,8,db66ae853ba424330f7281ff82c8a9947bbc0accd35816aafa9f83fa11e17979,0d8055f2576e418f94abf92293dfb69850883481499121de08fc82dc75e05ac2,43f8dec035af1d2fa847b428718c1a759fcad3bb341f3e933e0ea36bf54e9e9f,smote_r,614,1542,0.5,0,0,0,0,0,,,,102,5.00354679499511,3.682643030840425,0.8988284820709662,38.22834811719615,10.88939639369591,12.168966690236603,17,85,0.16666666666666666,7.225640442310341,4.734511616926157,4.427256563080216,3.4722693136232787,protocol_sensitivity_grouped10fold,main_10fold,Concrete Compressive Strength,1,3,42,70300303,100,1206974574075e748ff7426ced2c75a9c6948a32eeef9af7660138e07b4fb7ae,139a31911ccd2a2bcd3f4f8b828c0109d97aeae717733e4d61e7e41c48924b31,0,0,100,0.205014,protocol_sensitivity_grouped10fold|concrete|r1|f3|smote_r_rf
concrete,smogn_rf,928,102,8,db66ae853ba424330f7281ff82c8a9947bbc0accd35816aafa9f83fa11e17979,0d8055f2576e418f94abf92293dfb69850883481499121de08fc82dc75e05ac2,43f8dec035af1d2fa847b428718c1a759fcad3bb341f3e933e0ea36bf54e9e9f,smogn,614,1542,0.5,0,0,0,0,0,,,,102,4.928571118477796,3.5832586612733315,0.9018377758984953,40.0215323178618,11.398133007758336,12.123157352137365,17,85,0.16666666666666666,7.75825459412305,5.508463546986519,4.136529107165316,3.1982176841306935,protocol_sensitivity_grouped10fold,main_10fold,Concrete Compressive Strength,1,3,42,70300304,100,1206974574075e748ff7426ced2c75a9c6948a32eeef9af7660138e07b4fb7ae,139a31911ccd2a2bcd3f4f8b828c0109d97aeae717733e4d61e7e41c48924b31,0,0,100,0.211269,protocol_sensitivity_grouped10fold|concrete|r1|f3|smogn_rf
concrete,relevance_weighted_rf,928,102,8,db66ae853ba424330f7281ff82c8a9947bbc0accd35816aafa9f83fa11e17979,0d8055f2576e418f94abf92293dfb69850883481499121de08fc82dc75e05ac2,43f8dec035af1d2fa847b428718c1a759fcad3bb341f3e933e0ea36bf54e9e9f,none,0,928,0.16918103448275862,0,0,0,0,0,0.16580724980482242,1.0,3.3161449960964484,102,5.351521969135662,4.011887115776151,0.884267066970619,46.51260242735155,13.239336648128091,13.745526336787627,17,85,0.16666666666666666,8.33051106791311,6.366788509534408,4.526263573063923,3.5409068370245,protocol_sensitivity_grouped10fold,main_10fold,Concrete Compressive Strength,1,3,42,70300305,100,1206974574075e748ff7426ced2c75a9c6948a32eeef9af7660138e07b4fb7ae,139a31911ccd2a2bcd3f4f8b828c0109d97aeae717733e4d61e7e41c48924b31,0,0,100,0.13147,protocol_sensitivity_grouped10fold|concrete|r1|f3|relevance_weighted_rf
concrete,ekk,929,101,8,347e83a582a654d882198c3264ef5abc59dbb84755351939237b3f257fe7626e,a6d549b2928802aba7d571d940e1f062d0cf002aa7cf7b77493010bcaa0a1944,5eea6bb3a9071bd1f667c06d82ad785a0a99d9eb75bd5f3e63718d0386ed9f6b,none,0,929,0.17761033369214208,0,0,0,0,0,,,,101,9.875657700483675,7.865797078780364,0.6311852245431826,125.5127989413207,36.18253981559192,44.26960375077018,16,85,0.15841584158415842,11.251550239959442,9.589720491671404,9.594625941819517,7.541293848118521,protocol_sensitivity_grouped10fold,main_10fold,Concrete Compressive Strength,1,4,42,70300401,100,36390ae783b242ff7cf6b584576f1b1b9c0dc4d15133ac1f8afe6a3882136dce,8d86bc8b1b18a8f284a3c62345211019577516862a7530857596d0fcf5fbe816,0,0,100,0.021933,protocol_sensitivity_grouped10fold|concrete|r1|f4|ekk
concrete,rf,929,101,8,347e83a582a654d882198c3264ef5abc59dbb84755351939237b3f257fe7626e,a6d549b2928802aba7d571d940e1f062d0cf002aa7cf7b77493010bcaa0a1944,5eea6bb3a9071bd1f667c06d82ad785a0a99d9eb75bd5f3e63718d0386ed9f6b,none,0,929,0.17761033369214208,0,0,0,0,0,,,,101,5.120766864896894,3.765850967363179,0.900837775093564,41.78260824905726,12.034955919836388,12.625004512452673,16,85,0.15841584158415842,8.390825864749862,6.68698763837969,4.231467889746643,3.2159899469365407,protocol_sensitivity_grouped10fold,main_10fold,Concrete Compressive Strength,1,4,42,70300402,100,36390ae783b242ff7cf6b584576f1b1b9c0dc4d15133ac1f8afe6a3882136dce,8d86bc8b1b18a8f284a3c62345211019577516862a7530857596d0fcf5fbe816,0,0,100,0.136708,protocol_sensitivity_grouped10fold|concrete|r1|f4|rf
concrete,smote_r_rf,929,101,8,347e83a582a654d882198c3264ef5abc59dbb84755351939237b3f257fe7626e,a6d549b2928802aba7d571d940e1f062d0cf002aa7cf7b77493010bcaa0a1944,5eea6bb3a9071bd1f667c06d82ad785a0a99d9eb75bd5f3e63718d0386ed9f6b,smote_r,599,1528,0.5,0,0,0,0,0,,,,101,4.807168605972156,3.5792486249289746,0.9126113633325208,32.070476054355254,9.231509713476122,9.880968047142657,16,85,0.15841584158415842,7.217790592895643,5.42297858649534,4.201472926520758,3.232193573340011,protocol_sensitivity_grouped10fold,main_10fold,Concrete Compressive Strength,1,4,42,70300403,100,36390ae783b242ff7cf6b584576f1b1b9c0dc4d15133ac1f8afe6a3882136dce,8d86bc8b1b18a8f284a3c62345211019577516862a7530857596d0fcf5fbe816,0,0,100,0.201625,protocol_sensitivity_grouped10fold|concrete|r1|f4|smote_r_rf
concrete,smogn_rf,929,101,8,347e83a582a654d882198c3264ef5abc59dbb84755351939237b3f257fe7626e,a6d549b2928802aba7d571d940e1f062d0cf002aa7cf7b77493010bcaa0a1944,5eea6bb3a9071bd1f667c06d82ad785a0a99d9eb75bd5f3e63718d0386ed9f6b,smogn,599,1528,0.5,0,0,0,0,0,,,,101,4.463917390529773,3.390073696889594,0.9246456110726479,25.70039907973475,7.397613096252322,7.888631131124826,16,85,0.15841584158415842,5.994947109769046,4.846419753989432,4.112466201304397,3.11593796849433,protocol_sensitivity_grouped10fold,main_10fold,Concrete Compressive Strength,1,4,42,70300404,100,36390ae783b242ff7cf6b584576f1b1b9c0dc4d15133ac1f8afe6a3882136dce,8d86bc8b1b18a8f284a3c62345211019577516862a7530857596d0fcf5fbe816,0,0,100,0.197413,protocol_sensitivity_grouped10fold|concrete|r1|f4|smogn_rf
concrete,relevance_weighted_rf,929,101,8,347e83a582a654d882198c3264ef5abc59dbb84755351939237b3f257fe7626e,a6d549b2928802aba7d571d940e1f062d0cf002aa7cf7b77493010bcaa0a1944,5eea6bb3a9071bd1f667c06d82ad785a0a99d9eb75bd5f3e63718d0386ed9f6b,none,0,929,0.17761033369214208,0,0,0,0,0,0.16527805158959807,0.9999999999999999,3.3055610317919615,101,5.0622355133630075,3.80114672440228,0.903091706276981,38.43032590861444,11.067676641849303,11.418669662468465,16,85,0.15841584158415842,7.8664118406013195,6.280593422591849,4.336116592383061,3.334427345919539,protocol_sensitivity_grouped10fold,main_10fold,Concrete Compressive Strength,1,4,42,70300405,100,36390ae783b242ff7cf6b584576f1b1b9c0dc4d15133ac1f8afe6a3882136dce,8d86bc8b1b18a8f284a3c62345211019577516862a7530857596d0fcf5fbe816,0,0,100,0.127015,protocol_sensitivity_grouped10fold|concrete|r1|f4|relevance_weighted_rf
concrete,ekk,930,100,8,a960f9510c1fcfdfa1b6e415c2b50bf95131c03fe03ee92f8a68f9e9e36527e5,d77475cafb705d7c5ba5227bb98ec90ca130be52e14667a853ab20826c06fea6,04ed25fe78abd3ce61ca324f75779a92174feda92da198341cf5315cdace0a08,none,0,930,0.17956989247311828,0,0,0,0,0,,,,100,9.906262565259013,8.206304446563953,0.6068783922239337,114.28398768159997,33.02420540485424,41.37635733114016,14,86,0.14,11.14723251461226,10.161372560085765,9.689212836063119,7.888037544362728,protocol_sensitivity_grouped10fold,main_10fold,Concrete Compressive Strength,1,5,42,70300501,100,db0fa67b61a1529467905acd5b111b47a4d590cf58dbc0b7f9b3e70b21c32f42,12f08afbc55f093c97c907d657c28b59c7cc4033aa5cee358eba66cfa7914f2a,0,0,100,0.013735,protocol_sensitivity_grouped10fold|concrete|r1|f5|ekk
concrete,rf,930,100,8,a960f9510c1fcfdfa1b6e415c2b50bf95131c03fe03ee92f8a68f9e9e36527e5,d77475cafb705d7c5ba5227bb98ec90ca130be52e14667a853ab20826c06fea6,04ed25fe78abd3ce61ca324f75779a92174feda92da198341cf5315cdace0a08,none,0,930,0.17956989247311828,0,0,0,0,0,,,,100,4.359281299796485,3.4214755003643957,0.9238732946221638,23.445862438788527,6.775872213907494,7.241174602541505,14,86,0.14,6.356715908394822,5.5780876984934835,3.939400888688791,3.0703990960177996,protocol_sensitivity_grouped10fold,main_10fold,Concrete Compressive Strength,1,5,42,70300502,100,db0fa67b61a1529467905acd5b111b47a4d590cf58dbc0b7f9b3e70b21c32f42,12f08afbc55f093c97c907d657c28b59c7cc4033aa5cee358eba66cfa7914f2a,0,0,100,0.123304,protocol_sensitivity_grouped10fold|concrete|r1|f5|rf
concrete,smote_r_rf,930,100,8,a960f9510c1fcfdfa1b6e415c2b50bf95131c03fe03ee92f8a68f9e9e36527e5,d77475cafb705d7c5ba5227bb98ec90ca130be52e14667a853ab20826c06fea6,04ed25fe78abd3ce61ca324f75779a92174feda92da198341cf5315cdace0a08,smote_r,596,1526,0.5,0,0,0,0,0,,,,100,4.117864921589086,3.1731394299293254,0.9320715916762083,18.95453779169885,5.480782553224738,5.874029580930028,14,86,0.14,5.273467278245488,4.243637105540794,3.897448108697665,2.9988723664576904,protocol_sensitivity_grouped10fold,main_10fold,Concrete Compressive Strength,1,5,42,70300503,100,db0fa67b61a1529467905acd5b111b47a4d590cf58dbc0b7f9b3e70b21c32f42,12f08afbc55f093c97c907d657c28b59c7cc4033aa5cee358eba66cfa7914f2a,0,0,100,0.215359,protocol_sensitivity_grouped10fold|concrete|r1|f5|smote_r_rf
concrete,smogn_rf,930,100,8,a960f9510c1fcfdfa1b6e415c2b50bf95131c03fe03ee92f8a68f9e9e36527e5,d77475cafb705d7c5ba5227bb98ec90ca130be52e14667a853ab20826c06fea6,04ed25fe78abd3ce61ca324f75779a92174feda92da198341cf5315cdace0a08,smogn,596,1526,0.5,0,0,0,0,0,,,,100,3.729492045981059,2.9473944273147805,0.9442805762527278,14.6661209426317,4.240877787568465,4.573222450061607,14,86,0.14,4.382564055059906,3.666632045692668,3.612019573509501,2.8303092336253575,protocol_sensitivity_grouped10fold,main_10fold,Concrete Compressive Strength,1,5,42,70300504,100,db0fa67b61a1529467905acd5b111b47a4d590cf58dbc0b7f9b3e70b21c32f42,12f08afbc55f093c97c907d657c28b59c7cc4033aa5cee358eba66cfa7914f2a,0,0,100,0.235269,protocol_sensitivity_grouped10fold|concrete|r1|f5|smogn_rf
concrete,relevance_weighted_rf,930,100,8,a960f9510c1fcfdfa1b6e415c2b50bf95131c03fe03ee92f8a68f9e9e36527e5,d77475cafb705d7c5ba5227bb98ec90ca130be52e14667a853ab20826c06fea6,04ed25fe78abd3ce61ca324f75779a92174feda92da198341cf5315cdace0a08,none,0,930,0.17956989247311828,0,0,0,0,0,0.16520120635998545,1.0,3.3040241271997086,100,4.489907770163982,3.539066927846924,0.9192426450994383,24.97073345169593,7.211840292253647,7.640794410869752,14,86,0.14,6.4932834515833635,5.5109328538246825,4.071524711121389,3.2180654980365913,protocol_sensitivity_grouped10fold,main_10fold,Concrete Compressive Strength,1,5,42,70300505,100,db0fa67b61a1529467905acd5b111b47a4d590cf58dbc0b7f9b3e70b21c32f42,12f08afbc55f093c97c907d657c28b59c7cc4033aa5cee358eba66cfa7914f2a,0,0,100,0.14547,protocol_sensitivity_grouped10fold|concrete|r1|f5|relevance_weighted_rf
concrete,ekk,929,101,8,6a793942ee0be50b4469b9a7ce8a417d2a50636f0f68b6e6093cae9c73c957ec,b10d4375591b5b4af35bfff114823ff6d2f79659518051fac3dcda58acb89f54,ba6e38bdbe60e400e2351fdf7c10ccad7372c10d0549bd40bec7a1f33141fcdd,none,0,929,0.17868675995694294,0,0,0,0,0,,,,101,10.419994619061587,8.350658480619908,0.5936204573928874,144.88865726377398,43.28549163177871,54.53425442413837,17,84,0.16831683168316833,13.963533837387594,12.903227629798247,9.544095881944347,7.429305200429051,protocol_sensitivity_grouped10fold,main_10fold,Concrete Compressive Strength,1,6,42,70300601,100,5f1d06bebd929516ae55db1cdbc99d8380b56637e94aaa19c04b14d460254d67,1c1f14c5fa9c76dab5d4ff8fe813dd26c47e0063c1e61bd6ca272fc9d99aff47,0,0,100,0.019856,protocol_sensitivity_grouped10fold|concrete|r1|f6|ekk
concrete,rf,929,101,8,6a793942ee0be50b4469b9a7ce8a417d2a50636f0f68b6e6093cae9c73c957ec,b10d4375591b5b4af35bfff114823ff6d2f79659518051fac3dcda58acb89f54,ba6e38bdbe60e400e2351fdf7c10ccad7372c10d0549bd40bec7a1f33141fcdd,none,0,929,0.17868675995694294,0,0,0,0,0,,,,101,4.960314285322457,3.4512519613777695,0.9079094140513928,45.308551035185914,13.534606170399272,13.897694741368099,17,84,0.16831683168316833,9.464102946506321,7.513025685085331,3.3848389932015284,2.6292263268179075,protocol_sensitivity_grouped10fold,main_10fold,Concrete Compressive Strength,1,6,42,70300602,100,5f1d06bebd929516ae55db1cdbc99d8380b56637e94aaa19c04b14d460254d67,1c1f14c5fa9c76dab5d4ff8fe813dd26c47e0063c1e61bd6ca272fc9d99aff47,0,0,100,0.145392,protocol_sensitivity_grouped10fold|concrete|r1|f6|rf
concrete,smote_r_rf,929,101,8,6a793942ee0be50b4469b9a7ce8a417d2a50636f0f68b6e6093cae9c73c957ec,b10d4375591b5b4af35bfff114823ff6d2f79659518051fac3dcda58acb89f54,ba6e38bdbe60e400e2351fdf7c10ccad7372c10d0549bd40bec7a1f33141fcdd,smote_r,597,1526,0.5,0,0,0,0,0,,,,101,4.893259300288853,3.4944402780753197,0.9103824001889975,41.337843657279564,12.351818018204497,12.914322822797427,17,84,0.16831683168316833,9.044707721930228,7.32772821854812,3.4976660626166556,2.7186558139320147,protocol_sensitivity_grouped10fold,main_10fold,Concrete Compressive Strength,1,6,42,70300603,100,5f1d06bebd929516ae55db1cdbc99d8380b56637e94aaa19c04b14d460254d67,1c1f14c5fa9c76dab5d4ff8fe813dd26c47e0063c1e61bd6ca272fc9d99aff47,0,0,100,0.250634,protocol_sensitivity_grouped10fold|concrete|r1|f6|smote_r_rf
concrete,smogn_rf,929,101,8,6a793942ee0be50b4469b9a7ce8a417d2a50636f0f68b6e6093cae9c73c957ec,b10d4375591b5b4af35bfff114823ff6d2f79659518051fac3dcda58acb89f54,ba6e38bdbe60e400e2351fdf7c10ccad7372c10d0549bd40bec7a1f33141fcdd,smogn,597,1526,0.5,0,0,0,0,0,,,,101,4.671421425273986,3.3786859316902964,0.9183239089964965,36.999267659085845,11.055967306959069,11.685252074550366,17,84,0.16831683168316833,8.545390623776559,6.603969793399267,3.38525703438491,2.7259499120587196,protocol_sensitivity_grouped10fold,main_10fold,Concrete Compressive Strength,1,6,42,70300604,100,5f1d06bebd929516ae55db1cdbc99d8380b56637e94aaa19c04b14d460254d67,1c1f14c5fa9c76dab5d4ff8fe813dd26c47e0063c1e61bd6ca272fc9d99aff47,0,0,100,0.233436,protocol_sensitivity_grouped10fold|concrete|r1|f6|smogn_rf
concrete,relevance_weighted_rf,929,101,8,6a793942ee0be50b4469b9a7ce8a417d2a50636f0f68b6e6093cae9c73c957ec,b10d4375591b5b4af35bfff114823ff6d2f79659518051fac3dcda58acb89f54,ba6e38bdbe60e400e2351fdf7c10ccad7372c10d0549bd40bec7a1f33141fcdd,none,0,929,0.17868675995694294,0,0,0,0,0,0.16435388104702006,1.0000000000000002,3.287077620940401,101,5.065048068260243,3.5826996153651405,0.9039794939877646,47.72435481805315,14.251604048179427,14.522924524464035,17,84,0.16831683168316833,9.682528678020663,7.5836791592505275,3.4457578441101124,2.772977564816907,protocol_sensitivity_grouped10fold,main_10fold,Concrete Compressive Strength,1,6,42,70300605,100,5f1d06bebd929516ae55db1cdbc99d8380b56637e94aaa19c04b14d460254d67,1c1f14c5fa9c76dab5d4ff8fe813dd26c47e0063c1e61bd6ca272fc9d99aff47,0,0,100,0.154091,protocol_sensitivity_grouped10fold|concrete|r1|f6|relevance_weighted_rf
concrete,ekk,926,104,8,307806c49e21b92d82e650d9106209183b60ff2d240bf439c3b317db43821884,7a2bbf84a0fccd4a7ed14c58c58114a871777d8bf1b954bd2505baa7dacdfc52,779e7a0fa517cf3cb359930b9a0f94455e43baca513344f97124026f3900313b,none,0,926,0.17818574514038876,0,0,0,0,0,,,,104,10.066545996042006,7.758068455800393,0.6352498921151535,112.76179403007339,34.73303654012141,50.038825266946176,21,83,0.20192307692307693,11.330223525326646,8.868384673972702,9.720815421690304,7.477145075298966,protocol_sensitivity_grouped10fold,main_10fold,Concrete Compressive Strength,1,7,42,70300701,100,1958cc333137b5dd77bcb0896540dad2cc75be848926088e044d5551f7bafb79,fa1bc9f232f117ef0940b6eac0628d71853a92c8472996941b60c45aaf2b2795,0,0,99,0.016549,protocol_sensitivity_grouped10fold|concrete|r1|f7|ekk
concrete,rf,926,104,8,307806c49e21b92d82e650d9106209183b60ff2d240bf439c3b317db43821884,7a2bbf84a0fccd4a7ed14c58c58114a871777d8bf1b954bd2505baa7dacdfc52,779e7a0fa517cf3cb359930b9a0f94455e43baca513344f97124026f3900313b,none,0,926,0.17818574514038876,0,0,0,0,0,,,,104,4.198628103362693,3.094325003116747,0.9365474205920108,25.30727381225179,7.798358660808891,8.126987444706554,21,83,0.20192307692307693,5.451875535354526,3.9099593527594205,3.816861485760742,2.887959685737275,protocol_sensitivity_grouped10fold,main_10fold,Concrete Compressive Strength,1,7,42,70300702,100,1958cc333137b5dd77bcb0896540dad2cc75be848926088e044d5551f7bafb79,fa1bc9f232f117ef0940b6eac0628d71853a92c8472996941b60c45aaf2b2795,0,0,99,0.131807,protocol_sensitivity_grouped10fold|concrete|r1|f7|rf
concrete,smote_r_rf,926,104,8,307806c49e21b92d82e650d9106209183b60ff2d240bf439c3b317db43821884,7a2bbf84a0fccd4a7ed14c58c58114a871777d8bf1b954bd2505baa7dacdfc52,779e7a0fa517cf3cb359930b9a0f94455e43baca513344f97124026f3900313b,smote_r,596,1522,0.5,0,0,0,0,0,,,,104,3.98389662660586,2.8955436378596384,0.9428717939706169,22.042759486983726,6.788864316234041,7.218811191836702,21,83,0.20192307692307693,4.945070519262912,3.217555651976425,3.7013523924126024,2.814070718625271,protocol_sensitivity_grouped10fold,main_10fold,Concrete Compressive Strength,1,7,42,70300703,100,1958cc333137b5dd77bcb0896540dad2cc75be848926088e044d5551f7bafb79,fa1bc9f232f117ef0940b6eac0628d71853a92c8472996941b60c45aaf2b2795,0,0,99,0.236004,protocol_sensitivity_grouped10fold|concrete|r1|f7|smote_r_rf
concrete,smogn_rf,926,104,8,307806c49e21b92d82e650d9106209183b60ff2d240bf439c3b317db43821884,7a2bbf84a0fccd4a7ed14c58c58114a871777d8bf1b954bd2505baa7dacdfc52,779e7a0fa517cf3cb359930b9a0f94455e43baca513344f97124026f3900313b,smogn,596,1522,0.5,0,0,0,0,0,,,,104,4.169505810913838,3.0601345135747064,0.9374246004380644,24.830030317388246,7.647780712632471,7.934352702555313,21,83,0.20192307692307693,5.200698058033219,3.304895236180431,3.8652366617267018,2.998207101831089,protocol_sensitivity_grouped10fold,main_10fold,Concrete Compressive Strength,1,7,42,70300704,100,1958cc333137b5dd77bcb0896540dad2cc75be848926088e044d5551f7bafb79,fa1bc9f232f117ef0940b6eac0628d71853a92c8472996941b60c45aaf2b2795,0,0,99,0.230838,protocol_sensitivity_grouped10fold|concrete|r1|f7|smogn_rf
concrete,relevance_weighted_rf,926,104,8,307806c49e21b92d82e650d9106209183b60ff2d240bf439c3b317db43821884,7a2bbf84a0fccd4a7ed14c58c58114a871777d8bf1b954bd2505baa7dacdfc52,779e7a0fa517cf3cb359930b9a0f94455e43baca513344f97124026f3900313b,none,0,926,0.17818574514038876,0,0,0,0,0,0.1644596200138006,1.0,3.289192400276012,104,4.413650790136352,3.1618410711173786,0.9298818576470874,30.11176694066607,9.278883114300815,9.540798263185755,21,83,0.20192307692307693,5.777344547565379,3.981102937153514,3.9955105415430223,2.954557948385344,protocol_sensitivity_grouped10fold,main_10fold,Concrete Compressive Strength,1,7,42,70300705,100,1958cc333137b5dd77bcb0896540dad2cc75be848926088e044d5551f7bafb79,fa1bc9f232f117ef0940b6eac0628d71853a92c8472996941b60c45aaf2b2795,0,0,99,0.140836,protocol_sensitivity_grouped10fold|concrete|r1|f7|relevance_weighted_rf
concrete,ekk,931,99,8,1acd2e8faf4ba81a325d87e9f6dce4c259f044c6994feedab176ebd95107a41a,12826937ca56e44ac2801877c6ee908d62518e0fcf67cdd98e69f7666b00f875,6268c12e0e0c3e6f87f1524966c7d18df76af06e9fa92ffdf3d5d3d56360da4f,none,0,931,0.17508055853920515,0,0,0,0,0,,,,99,10.15933015154641,8.09210215753903,0.5614790984700262,137.10832027472995,38.26337021520695,43.82479008397619,14,85,0.1414141414141414,13.442270323425516,11.464292653539038,9.510527964197317,7.536682546433144,protocol_sensitivity_grouped10fold,main_10fold,Concrete Compressive Strength,1,8,42,70300801,100,04568b0066acc0479f083ae09ed1bbb8d12603d9c8dfb285e9af5312b418866f,38581372313e252b25271628ee7de335bac16b0a04c85698ad92bc5c645b4d6a,0,0,99,0.014294,protocol_sensitivity_grouped10fold|concrete|r1|f8|ekk
concrete,rf,931,99,8,1acd2e8faf4ba81a325d87e9f6dce4c259f044c6994feedab176ebd95107a41a,12826937ca56e44ac2801877c6ee908d62518e0fcf67cdd98e69f7666b00f875,6268c12e0e0c3e6f87f1524966c7d18df76af06e9fa92ffdf3d5d3d56360da4f,none,0,931,0.17508055853920515,0,0,0,0,0,,,,99,5.607122033892513,3.936092639867784,0.866420391353732,42.08489993787105,11.73975384649351,11.823675544531874,14,85,0.1414141414141414,6.98452911298275,5.630086547762277,5.346324604229227,3.6570818785675154,protocol_sensitivity_grouped10fold,main_10fold,Concrete Compressive Strength,1,8,42,70300802,100,04568b0066acc0479f083ae09ed1bbb8d12603d9c8dfb285e9af5312b418866f,38581372313e252b25271628ee7de335bac16b0a04c85698ad92bc5c645b4d6a,0,0,99,0.139052,protocol_sensitivity_grouped10fold|concrete|r1|f8|rf
concrete,smote_r_rf,931,99,8,1acd2e8faf4ba81a325d87e9f6dce4c259f044c6994feedab176ebd95107a41a,12826937ca56e44ac2801877c6ee908d62518e0fcf67cdd98e69f7666b00f875,6268c12e0e0c3e6f87f1524966c7d18df76af06e9fa92ffdf3d5d3d56360da4f,smote_r,605,1536,0.5,0,0,0,0,0,,,,99,5.2962343706787784,3.8465390806776614,0.8808224258620571,33.92560922730194,9.458453970892183,9.833585046023291,14,85,0.1414141414141414,5.466502832751912,4.270094954449337,5.267662286866,3.776776936762326,protocol_sensitivity_grouped10fold,main_10fold,Concrete Compressive Strength,1,8,42,70300803,100,04568b0066acc0479f083ae09ed1bbb8d12603d9c8dfb285e9af5312b418866f,38581372313e252b25271628ee7de335bac16b0a04c85698ad92bc5c645b4d6a,0,0,99,0.234963,protocol_sensitivity_grouped10fold|concrete|r1|f8|smote_r_rf
concrete,smogn_rf,931,99,8,1acd2e8faf4ba81a325d87e9f6dce4c259f044c6994feedab176ebd95107a41a,12826937ca56e44ac2801877c6ee908d62518e0fcf67cdd98e69f7666b00f875,6268c12e0e0c3e6f87f1524966c7d18df76af06e9fa92ffdf3d5d3d56360da4f,smogn,605,1536,0.5,0,0,0,0,0,,,,99,5.3055378401785545,3.779745036130576,0.8804033587711686,36.70930085154618,10.24378827049642,10.426060792180435,14,85,0.1414141414141414,6.037195452220343,4.452893880997686,5.175117208774111,3.6688734616818746,protocol_sensitivity_grouped10fold,main_10fold,Concrete Compressive Strength,1,8,42,70300804,100,04568b0066acc0479f083ae09ed1bbb8d12603d9c8dfb285e9af5312b418866f,38581372313e252b25271628ee7de335bac16b0a04c85698ad92bc5c645b4d6a,0,0,99,0.189381,protocol_sensitivity_grouped10fold|concrete|r1|f8|smogn_rf
concrete,relevance_weighted_rf,931,99,8,1acd2e8faf4ba81a325d87e9f6dce4c259f044c6994feedab176ebd95107a41a,12826937ca56e44ac2801877c6ee908d62518e0fcf67cdd98e69f7666b00f875,6268c12e0e0c3e6f87f1524966c7d18df76af06e9fa92ffdf3d5d3d56360da4f,none,0,931,0.17508055853920515,0,0,0,0,0,0.16533194338482674,1.0,3.3066388676965346,99,5.600510706933559,4.024271441351585,0.8667352116164633,41.09246505114123,11.463845491652386,11.641368465845602,14,85,0.1414141414141414,6.649527042852732,5.428232420613845,5.408250080319498,3.7930308094730942,protocol_sensitivity_grouped10fold,main_10fold,Concrete Compressive Strength,1,8,42,70300805,100,04568b0066acc0479f083ae09ed1bbb8d12603d9c8dfb285e9af5312b418866f,38581372313e252b25271628ee7de335bac16b0a04c85698ad92bc5c645b4d6a,0,0,99,0.10545,protocol_sensitivity_grouped10fold|concrete|r1|f8|relevance_weighted_rf
concrete,ekk,926,104,8,1728f096723a687d6e93f04044312580d92861892253f79b021f28703cb6f821,6d7cfdbdbce55b74ea1f2c8f698128bf3e72d9170e149735a3641496d6648ce7,592f9e96043b81cc551333598f53de9f19d0a655a63201be04b380997691565f,none,0,926,0.17926565874730022,0,0,0,0,0,,,,104,11.050638736657639,8.555406309966283,0.6121739540163091,172.43977035416344,54.797203274741115,68.3141690936835,20,84,0.19230769230769232,15.871493199785736,13.943712734850376,9.550643325967634,7.272476208803402,protocol_sensitivity_grouped10fold,main_10fold,Concrete Compressive Strength,1,9,42,70300901,100,d9ad71d6f03d433f2447336fdaee411b5435605a69baf8dfd551785ac577c73a,f96a6269cc06578ffab8c6288ef3cc1a1f8acdf5339f9eb9322c713116ef2b97,0,0,99,0.013204,protocol_sensitivity_grouped10fold|concrete|r1|f9|ekk
concrete,rf,926,104,8,1728f096723a687d6e93f04044312580d92861892253f79b021f28703cb6f821,6d7cfdbdbce55b74ea1f2c8f698128bf3e72d9170e149735a3641496d6648ce7,592f9e96043b81cc551333598f53de9f19d0a655a63201be04b380997691565f,none,0,926,0.17926565874730022,0,0,0,0,0,,,,104,5.631139247713538,3.9235815685398987,0.8992941398227189,66.3153852423244,21.09927058982778,21.267469368212637,20,84,0.19230769230769232,10.193693653424258,7.7538271668574215,3.810361865119679,3.0116183308452498,protocol_sensitivity_grouped10fold,main_10fold,Concrete Compressive Strength,1,9,42,70300902,100,d9ad71d6f03d433f2447336fdaee411b5435605a69baf8dfd551785ac577c73a,f96a6269cc06578ffab8c6288ef3cc1a1f8acdf5339f9eb9322c713116ef2b97,0,0,99,0.104392,protocol_sensitivity_grouped10fold|concrete|r1|f9|rf
concrete,smote_r_rf,926,104,8,1728f096723a687d6e93f04044312580d92861892253f79b021f28703cb6f821,6d7cfdbdbce55b74ea1f2c8f698128bf3e72d9170e149735a3641496d6648ce7,592f9e96043b81cc551333598f53de9f19d0a655a63201be04b380997691565f,smote_r,594,1520,0.5,0,0,0,0,0,,,,104,5.152723323778203,3.585855117098931,0.9156789789241382,49.80622681244544,15.846967326176753,16.13698148361752,20,84,0.19230769230769232,8.398304982586263,5.3541113168866135,4.009850169590945,3.164841736197103,protocol_sensitivity_grouped10fold,main_10fold,Concrete Compressive Strength,1,9,42,70300903,100,d9ad71d6f03d433f2447336fdaee411b5435605a69baf8dfd551785ac577c73a,f96a6269cc06578ffab8c6288ef3cc1a1f8acdf5339f9eb9322c713116ef2b97,0,0,99,0.181736,protocol_sensitivity_grouped10fold|concrete|r1|f9|smote_r_rf
concrete,smogn_rf,926,104,8,1728f096723a687d6e93f04044312580d92861892253f79b021f28703cb6f821,6d7cfdbdbce55b74ea1f2c8f698128bf3e72d9170e149735a3641496d6648ce7,592f9e96043b81cc551333598f53de9f19d0a655a63201be04b380997691565f,smogn,594,1520,0.5,0,0,0,0,0,,,,104,5.297406169918992,3.806709253843503,0.9108772136635843,53.502615576818854,17.026812495844236,17.416816065361132,20,84,0.19230769230769232,8.926767789403499,6.495415235586478,3.9712622410251366,3.1665411629523184,protocol_sensitivity_grouped10fold,main_10fold,Concrete Compressive Strength,1,9,42,70300904,100,d9ad71d6f03d433f2447336fdaee411b5435605a69baf8dfd551785ac577c73a,f96a6269cc06578ffab8c6288ef3cc1a1f8acdf5339f9eb9322c713116ef2b97,0,0,99,0.17572,protocol_sensitivity_grouped10fold|concrete|r1|f9|smogn_rf
concrete,relevance_weighted_rf,926,104,8,1728f096723a687d6e93f04044312580d92861892253f79b021f28703cb6f821,6d7cfdbdbce55b74ea1f2c8f698128bf3e72d9170e149735a3641496d6648ce7,592f9e96043b81cc551333598f53de9f19d0a655a63201be04b380997691565f,none,0,926,0.17926565874730022,0,0,0,0,0,0.16512785666164634,1.0,3.3025571332329267,104,5.662557117534062,3.9541385384292003,0.8981672666156972,65.59198614804384,20.87179651154102,21.02048919907819,20,84,0.19230769230769232,10.222910648743657,7.847492258227585,3.849173505484159,3.027149557524823,protocol_sensitivity_grouped10fold,main_10fold,Concrete Compressive Strength,1,9,42,70300905,100,d9ad71d6f03d433f2447336fdaee411b5435605a69baf8dfd551785ac577c73a,f96a6269cc06578ffab8c6288ef3cc1a1f8acdf5339f9eb9322c713116ef2b97,0,0,99,0.104408,protocol_sensitivity_grouped10fold|concrete|r1|f9|relevance_weighted_rf
concrete,ekk,922,108,8,96d7fc0b70870cf253443391d467b04ae393fb3cdb5f39a999172da50ada01e0,705ac58d70b08508182bbf5e5aa86100103d0882371f6960d40b964c984f03a2,45db5e381820b9bbc05c36f415930a18a6e9385851375d0f839343c4139a9cd1,none,0,922,0.1822125813449024,0,0,0,0,0,,,,108,11.622670370881975,9.375390679392833,0.586105310027544,168.06872070161958,53.36522353175522,70.62632964093936,22,86,0.2037037037037037,14.24029726393323,12.734047760136018,10.85209492785071,8.516199333156205,protocol_sensitivity_grouped10fold,main_10fold,Concrete Compressive Strength,1,10,42,70301001,100,08bcef2820f72c836d70b97b25ad39852c3226d17eb19d726a0485df3b51171c,d78557d63065c536483f2afe69e2c445a5c93e99c10b4a3223f00f29d90d5048,0,0,99,0.01337,protocol_sensitivity_grouped10fold|concrete|r1|f10|ekk
concrete,rf,922,108,8,96d7fc0b70870cf253443391d467b04ae393fb3cdb5f39a999172da50ada01e0,705ac58d70b08508182bbf5e5aa86100103d0882371f6960d40b964c984f03a2,45db5e381820b9bbc05c36f415930a18a6e9385851375d0f839343c4139a9cd1,none,0,922,0.1822125813449024,0,0,0,0,0,,,,108,5.9099568129244355,4.135000596142538,0.8929845142192958,53.04927954617435,16.825508128191927,17.897547965617598,22,86,0.2037037037037037,7.9644537816210725,6.150039772182007,5.256960104468292,3.619525458085928,protocol_sensitivity_grouped10fold,main_10fold,Concrete Compressive Strength,1,10,42,70301002,100,08bcef2820f72c836d70b97b25ad39852c3226d17eb19d726a0485df3b51171c,d78557d63065c536483f2afe69e2c445a5c93e99c10b4a3223f00f29d90d5048,0,0,99,0.101881,protocol_sensitivity_grouped10fold|concrete|r1|f10|rf
concrete,smote_r_rf,922,108,8,96d7fc0b70870cf253443391d467b04ae393fb3cdb5f39a999172da50ada01e0,705ac58d70b08508182bbf5e5aa86100103d0882371f6960d40b964c984f03a2,45db5e381820b9bbc05c36f415930a18a6e9385851375d0f839343c4139a9cd1,smote_r,586,1508,0.5,0,0,0,0,0,,,,108,5.535056578639447,3.900984470319088,0.906131010705422,45.87225482279037,14.554658994225383,14.827147895875395,22,86,0.2037037037037037,7.221418403901114,5.262816779480439,5.013359478817994,3.5526087633243235,protocol_sensitivity_grouped10fold,main_10fold,Concrete Compressive Strength,1,10,42,70301003,100,08bcef2820f72c836d70b97b25ad39852c3226d17eb19d726a0485df3b51171c,d78557d63065c536483f2afe69e2c445a5c93e99c10b4a3223f00f29d90d5048,0,0,99,0.177607,protocol_sensitivity_grouped10fold|concrete|r1|f10|smote_r_rf
concrete,smogn_rf,922,108,8,96d7fc0b70870cf253443391d467b04ae393fb3cdb5f39a999172da50ada01e0,705ac58d70b08508182bbf5e5aa86100103d0882371f6960d40b964c984f03a2,45db5e381820b9bbc05c36f415930a18a6e9385851375d0f839343c4139a9cd1,smogn,586,1508,0.5,0,0,0,0,0,,,,108,5.575602883458861,4.065112412953589,0.9047507245545724,38.99706741347067,12.368589305663066,13.430077325583076,22,86,0.2037037037037037,6.195844049798471,4.545597621200792,5.4055170941561625,3.9421975922391876,protocol_sensitivity_grouped10fold,main_10fold,Concrete Compressive Strength,1,10,42,70301004,100,08bcef2820f72c836d70b97b25ad39852c3226d17eb19d726a0485df3b51171c,d78557d63065c536483f2afe69e2c445a5c93e99c10b4a3223f00f29d90d5048,0,0,99,0.173578,protocol_sensitivity_grouped10fold|concrete|r1|f10|smogn_rf
concrete,relevance_weighted_rf,922,108,8,96d7fc0b70870cf253443391d467b04ae393fb3cdb5f39a999172da50ada01e0,705ac58d70b08508182bbf5e5aa86100103d0882371f6960d40b964c984f03a2,45db5e381820b9bbc05c36f415930a18a6e9385851375d0f839343c4139a9cd1,none,0,922,0.1822125813449024,0,0,0,0,0,0.16480690066457748,1.0000000000000002,3.296138013291549,108,5.675980637090921,4.01882168707018,0.9012903020058327,46.86088143831884,14.865058453868683,15.498912589080572,22,86,0.2037037037037037,7.3917372367604735,5.799097663022427,5.145983444445147,3.5634022513614663,protocol_sensitivity_grouped10fold,main_10fold,Concrete Compressive Strength,1,10,42,70301005,100,08bcef2820f72c836d70b97b25ad39852c3226d17eb19d726a0485df3b51171c,d78557d63065c536483f2afe69e2c445a5c93e99c10b4a3223f00f29d90d5048,0,0,99,0.104492,protocol_sensitivity_grouped10fold|concrete|r1|f10|relevance_weighted_rf
wine_quality_red,ekk,1441,158,11,38b76cfd5d3c584fd26f19350aeb8b4ae844b86d10244fe80fc25e1e7afd4e7a,28d96e620fcbdfbee6f163702bd4ee9e7c1cc1f7f2315ec783f1f26257c7670f,503eedbaa120c0b9c66efd3644309b95521c74386b10d6e94ab0a99369a0e301,none,0,1441,0.17487855655794587,0,0,0,0,0,,,,158,0.608841060447321,0.49343512910983134,0.4134600257059301,0.6163742876608755,0.18008637950546041,0.20609164130473878,28,130,0.17721518987341772,0.9981381082782661,0.9165066674433773,0.48574117750854845,0.40231202854568304,protocol_sensitivity_grouped10fold,main_10fold,Wine Quality Red,1,1,42,70400101,100,fffed27a357a45c6e913d60c4ba9fbf8c9887dd3004797dce1904829bec7f22f,30596d1a5d512765ac0fb674720f12f02defe49c8beb44b54752fad2194e5d35,0,0,136,0.024613,protocol_sensitivity_grouped10fold|wine_quality_red|r1|f1|ekk
wine_quality_red,rf,1441,158,11,38b76cfd5d3c584fd26f19350aeb8b4ae844b86d10244fe80fc25e1e7afd4e7a,28d96e620fcbdfbee6f163702bd4ee9e7c1cc1f7f2315ec783f1f26257c7670f,503eedbaa120c0b9c66efd3644309b95521c74386b10d6e94ab0a99369a0e301,none,0,1441,0.17487855655794587,0,0,0,0,0,,,,158,0.5937843472099745,0.4836177574643274,0.4421117195820692,0.5421552362854469,0.15853183854671887,0.1877423814252407,28,130,0.17721518987341772,0.9227927820301719,0.8423434265010352,0.49508595941119454,0.40635376721026734,protocol_sensitivity_grouped10fold,main_10fold,Wine Quality Red,1,1,42,70400102,100,fffed27a357a45c6e913d60c4ba9fbf8c9887dd3004797dce1904829bec7f22f,30596d1a5d512765ac0fb674720f12f02defe49c8beb44b54752fad2194e5d35,0,0,136,0.124808,protocol_sensitivity_grouped10fold|wine_quality_red|r1|f1|rf
wine_quality_red,smote_r_rf,1441,158,11,38b76cfd5d3c584fd26f19350aeb8b4ae844b86d10244fe80fc25e1e7afd4e7a,28d96e620fcbdfbee6f163702bd4ee9e7c1cc1f7f2315ec783f1f26257c7670f,503eedbaa120c0b9c66efd3644309b95521c74386b10d6e94ab0a99369a0e301,smote_r,937,2378,0.5,0,0,0,0,0,,,,158,0.6058911842752924,0.48016848840296994,0.41912990866550415,0.4797320125091924,0.14064534411956303,0.19057463212323755,28,130,0.17721518987341772,0.8140093490298868,0.6924876560393878,0.5508688097780137,0.4344382061428185,protocol_sensitivity_grouped10fold,main_10fold,Wine Quality Red,1,1,42,70400103,100,fffed27a357a45c6e913d60c4ba9fbf8c9887dd3004797dce1904829bec7f22f,30596d1a5d512765ac0fb674720f12f02defe49c8beb44b54752fad2194e5d35,0,0,136,0.291022,protocol_sensitivity_grouped10fold|wine_quality_red|r1|f1|smote_r_rf
wine_quality_red,smogn_rf,1441,158,11,38b76cfd5d3c584fd26f19350aeb8b4ae844b86d10244fe80fc25e1e7afd4e7a,28d96e620fcbdfbee6f163702bd4ee9e7c1cc1f7f2315ec783f1f26257c7670f,503eedbaa120c0b9c66efd3644309b95521c74386b10d6e94ab0a99369a0e301,smogn,937,2378,0.5,0,0,0,0,0,,,,158,0.5935583529141563,0.4761545168112885,0.4425363032772489,0.4867343397788658,0.1425984013585283,0.18313021890772055,28,130,0.17721518987341772,0.8335864536288896,0.7070267430046845,0.5277598621661892,0.42642819116963393,protocol_sensitivity_grouped10fold,main_10fold,Wine Quality Red,1,1,42,70400104,100,fffed27a357a45c6e913d60c4ba9fbf8c9887dd3004797dce1904829bec7f22f,30596d1a5d512765ac0fb674720f12f02defe49c8beb44b54752fad2194e5d35,0,0,136,0.275091,protocol_sensitivity_grouped10fold|wine_quality_red|r1|f1|smogn_rf
wine_quality_red,relevance_weighted_rf,1441,158,11,38b76cfd5d3c584fd26f19350aeb8b4ae844b86d10244fe80fc25e1e7afd4e7a,28d96e620fcbdfbee6f163702bd4ee9e7c1cc1f7f2315ec783f1f26257c7670f,503eedbaa120c0b9c66efd3644309b95521c74386b10d6e94ab0a99369a0e301,none,0,1441,0.17487855655794587,0,0,0,0,0,0.1572457442164994,1.0000000000000002,3.1449148843299874,158,0.6040018645021046,0.490492196051593,0.4227468561217673,0.5891987994655267,0.17220283000805608,0.19796112720097792,28,130,0.17721518987341772,0.9716478009516043,0.8933508583329951,0.4899489713793946,0.4037226380217525,protocol_sensitivity_grouped10fold,main_10fold,Wine Quality Red,1,1,42,70400105,100,fffed27a357a45c6e913d60c4ba9fbf8c9887dd3004797dce1904829bec7f22f,30596d1a5d512765ac0fb674720f12f02defe49c8beb44b54752fad2194e5d35,0,0,136,0.107489,protocol_sensitivity_grouped10fold|wine_quality_red|r1|f1|relevance_weighted_rf
wine_quality_red,ekk,1447,152,11,9408c2080b88e96132f2db2c16cf57101dcc8dea2a329fe78d26bd45454ad103,b445cb156a8122c4bc85e5b7735d4691c26af277a286231b8d1c7cee291f4c07,3bc7695b13e8c560027842d2e750d24df21be12823a9ee9fc4e1ebb02fc0bfe6,none,0,1447,0.1762266758811334,0,0,0,0,0,,,,152,0.6431191596175768,0.5061492112213226,0.40020923524312013,0.7506350522610625,0.22209765331032302,0.25052288831650293,25,127,0.16447368421052633,1.1056128266631786,0.9619693689865941,0.5043749500870397,0.4164208337084738,protocol_sensitivity_grouped10fold,main_10fold,Wine Quality Red,1,2,42,70400201,100,3fb6daf08bd8d45a73af4eb9e1dcdd5a035a4dcced4ac6035e5ff3a347f816da,5aa893346c6940b80844acb49e0ca0bc84f9542824c75d330b4b0179dfdfbfa0,0,0,136,0.031695,protocol_sensitivity_grouped10fold|wine_quality_red|r1|f2|ekk
wine_quality_red,rf,1447,152,11,9408c2080b88e96132f2db2c16cf57101dcc8dea2a329fe78d26bd45454ad103,b445cb156a8122c4bc85e5b7735d4691c26af277a286231b8d1c7cee291f4c07,3bc7695b13e8c560027842d2e750d24df21be12823a9ee9fc4e1ebb02fc0bfe6,none,0,1447,0.1762266758811334,0,0,0,0,0,,,,152,0.6051983556606073,0.47728311590862144,0.4688559058412519,0.6633478807577875,0.1961216854073766,0.22432114925016836,25,127,0.16447368421052633,1.0600875627159296,0.9472750000000001,0.4659901534723047,0.3847650284890587,protocol_sensitivity_grouped10fold,main_10fold,Wine Quality Red,1,2,42,70400202,100,3fb6daf08bd8d45a73af4eb9e1dcdd5a035a4dcced4ac6035e5ff3a347f816da,5aa893346c6940b80844acb49e0ca0bc84f9542824c75d330b4b0179dfdfbfa0,0,0,136,0.124242,protocol_sensitivity_grouped10fold|wine_quality_red|r1|f2|rf
wine_quality_red,smote_r_rf,1447,152,11,9408c2080b88e96132f2db2c16cf57101dcc8dea2a329fe78d26bd45454ad103,b445cb156a8122c4bc85e5b7735d4691c26af277a286231b8d1c7cee291f4c07,3bc7695b13e8c560027842d2e750d24df21be12823a9ee9fc4e1ebb02fc0bfe6,smote_r,937,2384,0.5,0,0,0,0,0,,,,152,0.5794375095807703,0.45089304345187603,0.5131108582242183,0.5214899309249149,0.15440263028926265,0.1934990010860957,25,127,0.16447368421052633,0.93170779339004,0.7996915849812606,0.4805810498457714,0.38223191322955613,protocol_sensitivity_grouped10fold,main_10fold,Wine Quality Red,1,2,42,70400203,100,3fb6daf08bd8d45a73af4eb9e1dcdd5a035a4dcced4ac6035e5ff3a347f816da,5aa893346c6940b80844acb49e0ca0bc84f9542824c75d330b4b0179dfdfbfa0,0,0,136,0.290383,protocol_sensitivity_grouped10fold|wine_quality_red|r1|f2|smote_r_rf
wine_quality_red,smogn_rf,1447,152,11,9408c2080b88e96132f2db2c16cf57101dcc8dea2a329fe78d26bd45454ad103,b445cb156a8122c4bc85e5b7735d4691c26af277a286231b8d1c7cee291f4c07,3bc7695b13e8c560027842d2e750d24df21be12823a9ee9fc4e1ebb02fc0bfe6,smogn,937,2384,0.5,0,0,0,0,0,,,,152,0.612050325602783,0.47151143135159673,0.4567607452214285,0.6121854945733678,0.18126431140496108,0.2273256921776977,25,127,0.16447368421052633,0.9850375234038943,0.8287887084495001,0.5072899922326953,0.4011812586945291,protocol_sensitivity_grouped10fold,main_10fold,Wine Quality Red,1,2,42,70400204,100,3fb6daf08bd8d45a73af4eb9e1dcdd5a035a4dcced4ac6035e5ff3a347f816da,5aa893346c6940b80844acb49e0ca0bc84f9542824c75d330b4b0179dfdfbfa0,0,0,136,0.288974,protocol_sensitivity_grouped10fold|wine_quality_red|r1|f2|smogn_rf
wine_quality_red,relevance_weighted_rf,1447,152,11,9408c2080b88e96132f2db2c16cf57101dcc8dea2a329fe78d26bd45454ad103,b445cb156a8122c4bc85e5b7735d4691c26af277a286231b8d1c7cee291f4c07,3bc7695b13e8c560027842d2e750d24df21be12823a9ee9fc4e1ebb02fc0bfe6,none,0,1447,0.1762266758811334,0,0,0,0,0,0.15744233280139275,1.0000000000000002,3.1488466560278545,152,0.6128109422038247,0.48499246123711837,0.45540970095148003,0.7007055047418997,0.20711553194974056,0.23248773978384207,25,127,0.16447368421052633,1.098198374520344,0.9671657976619806,0.4604916098605773,0.39007645012986214,protocol_sensitivity_grouped10fold,main_10fold,Wine Quality Red,1,2,42,70400205,100,3fb6daf08bd8d45a73af4eb9e1dcdd5a035a4dcced4ac6035e5ff3a347f816da,5aa893346c6940b80844acb49e0ca0bc84f9542824c75d330b4b0179dfdfbfa0,0,0,136,0.131199,protocol_sensitivity_grouped10fold|wine_quality_red|r1|f2|relevance_weighted_rf
wine_quality_red,ekk,1446,153,11,4f1569c594aa5590307be524855bc1971996cd9336097b9e6da74f277edceef2,4eec38a92b2fafb5b3b1da9900a33ea8d15ceccb55cfa92a19f049541b73fc9a,b2094f4e702281b8901af881bb76833868bea0249130e3897b7e3fbc396fa8cb,none,0,1446,0.173582295988935,0,0,0,0,0,,,,153,0.6750821476241713,0.5182903167589158,0.28678153332594125,0.7906066518237035,0.23877769417669223,0.2686163188926326,29,124,0.1895424836601307,1.1586733202863702,1.072401309990689,0.498339190041672,0.38869984253535594,protocol_sensitivity_grouped10fold,main_10fold,Wine Quality Red,1,3,42,70400301,100,82027a7347ec2f94ac348e4c5e78de3c8d53acda21776be8dd79e11b9267b5f0,01267cdb617ba0bfa30df68613f7da00e47dd3f1cb3ca36728968caf6aab1228,0,0,136,0.017034,protocol_sensitivity_grouped10fold|wine_quality_red|r1|f3|ekk
wine_quality_red,rf,1446,153,11,4f1569c594aa5590307be524855bc1971996cd9336097b9e6da74f277edceef2,4eec38a92b2fafb5b3b1da9900a33ea8d15ceccb55cfa92a19f049541b73fc9a,b2094f4e702281b8901af881bb76833868bea0249130e3897b7e3fbc396fa8cb,none,0,1446,0.173582295988935,0,0,0,0,0,,,,153,0.636583233108362,0.497868481736915,0.36580951193328415,0.6796196069816487,0.2052708841594657,0.23551362308158535,29,124,0.1895424836601307,1.0869428707827946,0.9669656435518504,0.47297571387224996,0.3881602745382608,protocol_sensitivity_grouped10fold,main_10fold,Wine Quality Red,1,3,42,70400302,100,82027a7347ec2f94ac348e4c5e78de3c8d53acda21776be8dd79e11b9267b5f0,01267cdb617ba0bfa30df68613f7da00e47dd3f1cb3ca36728968caf6aab1228,0,0,136,0.127589,protocol_sensitivity_grouped10fold|wine_quality_red|r1|f3|rf
wine_quality_red,smote_r_rf,1446,153,11,4f1569c594aa5590307be524855bc1971996cd9336097b9e6da74f277edceef2,4eec38a92b2fafb5b3b1da9900a33ea8d15ceccb55cfa92a19f049541b73fc9a,b2094f4e702281b8901af881bb76833868bea0249130e3897b7e3fbc396fa8cb,smote_r,944,2390,0.5,0,0,0,0,0,,,,153,0.6282214743656287,0.492162011208518,0.38236074823009814,0.5585332357352402,0.16903317526255052,0.21983386911680794,29,124,0.1895424836601307,0.9603251527070833,0.7912809441133405,0.5208461804845785,0.4222067769001321,protocol_sensitivity_grouped10fold,main_10fold,Wine Quality Red,1,3,42,70400303,100,82027a7347ec2f94ac348e4c5e78de3c8d53acda21776be8dd79e11b9267b5f0,01267cdb617ba0bfa30df68613f7da00e47dd3f1cb3ca36728968caf6aab1228,0,0,136,0.293254,protocol_sensitivity_grouped10fold|wine_quality_red|r1|f3|smote_r_rf
wine_quality_red,smogn_rf,1446,153,11,4f1569c594aa5590307be524855bc1971996cd9336097b9e6da74f277edceef2,4eec38a92b2fafb5b3b1da9900a33ea8d15ceccb55cfa92a19f049541b73fc9a,b2094f4e702281b8901af881bb76833868bea0249130e3897b7e3fbc396fa8cb,smogn,944,2390,0.5,0,0,0,0,0,,,,153,0.6368337370252263,0.5008576113537069,0.3653102890470803,0.614633201611611,0.18591728102199548,0.23177322710137693,29,124,0.1895424836601307,0.9979507323988606,0.8433744741418858,0.5171961368554782,0.42075286118550376,protocol_sensitivity_grouped10fold,main_10fold,Wine Quality Red,1,3,42,70400304,100,82027a7347ec2f94ac348e4c5e78de3c8d53acda21776be8dd79e11b9267b5f0,01267cdb617ba0bfa30df68613f7da00e47dd3f1cb3ca36728968caf6aab1228,0,0,136,0.298563,protocol_sensitivity_grouped10fold|wine_quality_red|r1|f3|smogn_rf
wine_quality_red,relevance_weighted_rf,1446,153,11,4f1569c594aa5590307be524855bc1971996cd9336097b9e6da74f277edceef2,4eec38a92b2fafb5b3b1da9900a33ea8d15ceccb55cfa92a19f049541b73fc9a,b2094f4e702281b8901af881bb76833868bea0249130e3897b7e3fbc396fa8cb,none,0,1446,0.173582295988935,0,0,0,0,0,0.15772824782750977,1.0000000000000002,3.154564956550195,153,0.6321825108901102,0.5033321773797249,0.37454756611136075,0.6696587861658407,0.2022668368127003,0.22966846277070402,29,124,0.1895424836601307,1.0757609892099878,0.9638138410427487,0.4716698525114131,0.39563888507143696,protocol_sensitivity_grouped10fold,main_10fold,Wine Quality Red,1,3,42,70400305,100,82027a7347ec2f94ac348e4c5e78de3c8d53acda21776be8dd79e11b9267b5f0,01267cdb617ba0bfa30df68613f7da00e47dd3f1cb3ca36728968caf6aab1228,0,0,136,0.129234,protocol_sensitivity_grouped10fold|wine_quality_red|r1|f3|relevance_weighted_rf
wine_quality_red,ekk,1440,159,11,c1c69109db5cbb3378f785b34698bddc6234bfb558876245f82419f2b389d91b,44c427b313eb7ecc98de0455b5d8e10f0c0e82666490ef503861134b3890d2bc,87eabaf6a0d278cee19175c1349c339b52260f3d6f7dee7bfc04b035643157cd,none,0,1440,0.175,0,0,0,0,0,,,,159,0.577425138233974,0.44446307323782935,0.4580695822503903,0.5178882968925398,0.16068759318788345,0.18475872649451258,28,131,0.1761006289308176,0.9823767430967939,0.8664536119302688,0.4454344548855226,0.35426662221959804,protocol_sensitivity_grouped10fold,main_10fold,Wine Quality Red,1,4,42,70400401,100,aca30a34ee14915d27002d35ad923d9a121157d717cce7b9f49df6179fe2311f,74e3dbaf985f4a70922c9a7146e3039898a1a639739ce0546bbc867c89b5361d,0,0,136,0.01741,protocol_sensitivity_grouped10fold|wine_quality_red|r1|f4|ekk
wine_quality_red,rf,1440,159,11,c1c69109db5cbb3378f785b34698bddc6234bfb558876245f82419f2b389d91b,44c427b313eb7ecc98de0455b5d8e10f0c0e82666490ef503861134b3890d2bc,87eabaf6a0d278cee19175c1349c339b52260f3d6f7dee7bfc04b035643157cd,none,0,1440,0.175,0,0,0,0,0,,,,159,0.5850592805195666,0.4541032996323233,0.44364512288184876,0.5073794630012916,0.15741781644355946,0.1856781085572858,28,131,0.1761006289308176,0.9782750639954051,0.8387682094781487,0.459240866223097,0.37188484561947527,protocol_sensitivity_grouped10fold,main_10fold,Wine Quality Red,1,4,42,70400402,100,aca30a34ee14915d27002d35ad923d9a121157d717cce7b9f49df6179fe2311f,74e3dbaf985f4a70922c9a7146e3039898a1a639739ce0546bbc867c89b5361d,0,0,136,0.140265,protocol_sensitivity_grouped10fold|wine_quality_red|r1|f4|rf
wine_quality_red,smote_r_rf,1440,159,11,c1c69109db5cbb3378f785b34698bddc6234bfb558876245f82419f2b389d91b,44c427b313eb7ecc98de0455b5d8e10f0c0e82666490ef503861134b3890d2bc,87eabaf6a0d278cee19175c1349c339b52260f3d6f7dee7bfc04b035643157cd,smote_r,936,2376,0.5,0,0,0,0,0,,,,159,0.6217104514854845,0.46751883739495226,0.3717557960023937,0.4590016769911764,0.1429141927407877,0.2071876809095688,28,131,0.1761006289308176,0.8810439540569387,0.6577960006223403,0.5506597099750966,0.42684890937688463,protocol_sensitivity_grouped10fold,main_10fold,Wine Quality Red,1,4,42,70400403,100,aca30a34ee14915d27002d35ad923d9a121157d717cce7b9f49df6179fe2311f,74e3dbaf985f4a70922c9a7146e3039898a1a639739ce0546bbc867c89b5361d,0,0,136,0.292866,protocol_sensitivity_grouped10fold|wine_quality_red|r1|f4|smote_r_rf
wine_quality_red,smogn_rf,1440,159,11,c1c69109db5cbb3378f785b34698bddc6234bfb558876245f82419f2b389d91b,44c427b313eb7ecc98de0455b5d8e10f0c0e82666490ef503861134b3890d2bc,87eabaf6a0d278cee19175c1349c339b52260f3d6f7dee7bfc04b035643157cd,smogn,936,2376,0.5,0,0,0,0,0,,,,159,0.6152185230999271,0.4658857034668763,0.38480760282314375,0.4606203026101022,0.14333938075151229,0.19866122627756508,28,131,0.1761006289308176,0.8831403274914781,0.6724875964827289,0.5410075960727783,0.4217265202268467,protocol_sensitivity_grouped10fold,main_10fold,Wine Quality Red,1,4,42,70400404,100,aca30a34ee14915d27002d35ad923d9a121157d717cce7b9f49df6179fe2311f,74e3dbaf985f4a70922c9a7146e3039898a1a639739ce0546bbc867c89b5361d,0,0,136,0.290579,protocol_sensitivity_grouped10fold|wine_quality_red|r1|f4|smogn_rf
wine_quality_red,relevance_weighted_rf,1440,159,11,c1c69109db5cbb3378f785b34698bddc6234bfb558876245f82419f2b389d91b,44c427b313eb7ecc98de0455b5d8e10f0c0e82666490ef503861134b3890d2bc,87eabaf6a0d278cee19175c1349c339b52260f3d6f7dee7bfc04b035643157cd,none,0,1440,0.175,0,0,0,0,0,0.15807962529274008,1.0000000000000002,3.1615925058548013,159,0.5667253485320828,0.4464254663072843,0.4779676335265398,0.4784836919165665,0.14843990588617834,0.17345961864933476,28,131,0.1761006289308176,0.9494787263725977,0.8204490045887491,0.444001288036998,0.3664815039265132,protocol_sensitivity_grouped10fold,main_10fold,Wine Quality Red,1,4,42,70400405,100,aca30a34ee14915d27002d35ad923d9a121157d717cce7b9f49df6179fe2311f,74e3dbaf985f4a70922c9a7146e3039898a1a639739ce0546bbc867c89b5361d,0,0,136,0.134119,protocol_sensitivity_grouped10fold|wine_quality_red|r1|f4|relevance_weighted_rf
wine_quality_red,ekk,1439,160,11,d9f9d9e2997873091d070c2a27ba2584cd7f8c9f0ce056414b8174326893e8b5,cb9358ca0d8bca81031554c6ee9883fc463c9568e289bf7ef8c886d5e8b2f332,afde9c4e8768d51dcd20a30ba7b360929d90b558197a23e2ef3146e6fde44f21,none,0,1439,0.17581653926337734,0,0,0,0,0,,,,160,0.6726199696636009,0.5018682626454798,0.3266342346563521,0.8020418435797575,0.23910170614867146,0.2759545577957626,27,133,0.16875,1.186314248133194,1.051958822648966,0.5084888373893919,0.3901957429455238,protocol_sensitivity_grouped10fold,main_10fold,Wine Quality Red,1,5,42,70400501,100,a59eeb80cc106c10671932c2f7f5475c54ae6b79c56d92db4344c6ab55f37aeb,66513489c6abb3ad1a29233a3fdf173e189984fa71f16b847cb6dae111e22551,0,0,136,0.018327,protocol_sensitivity_grouped10fold|wine_quality_red|r1|f5|ekk
wine_quality_red,rf,1439,160,11,d9f9d9e2997873091d070c2a27ba2584cd7f8c9f0ce056414b8174326893e8b5,cb9358ca0d8bca81031554c6ee9883fc463c9568e289bf7ef8c886d5e8b2f332,afde9c4e8768d51dcd20a30ba7b360929d90b558197a23e2ef3146e6fde44f21,none,0,1439,0.17581653926337734,0,0,0,0,0,,,,160,0.6446932889509679,0.4884005572879614,0.3813887452004969,0.7743911993319514,0.2307242706942377,0.24867223590308604,27,133,0.16875,1.162588108966848,1.0314814814814817,0.4749927572929942,0.37815104636145735,protocol_sensitivity_grouped10fold,main_10fold,Wine Quality Red,1,5,42,70400502,100,a59eeb80cc106c10671932c2f7f5475c54ae6b79c56d92db4344c6ab55f37aeb,66513489c6abb3ad1a29233a3fdf173e189984fa71f16b847cb6dae111e22551,0,0,136,0.142585,protocol_sensitivity_grouped10fold|wine_quality_red|r1|f5|rf
wine_quality_red,smote_r_rf,1439,160,11,d9f9d9e2997873091d070c2a27ba2584cd7f8c9f0ce056414b8174326893e8b5,cb9358ca0d8bca81031554c6ee9883fc463c9568e289bf7ef8c886d5e8b2f332,afde9c4e8768d51dcd20a30ba7b360929d90b558197a23e2ef3146e6fde44f21,smote_r,933,2372,0.5,0,0,0,0,0,,,,160,0.6751766182001698,0.5192609223339805,0.3215055393276758,0.7228214601738885,0.21580498332427303,0.25769836832473164,27,133,0.16875,1.0798260020677117,0.9004468609615595,0.5582969624021509,0.44187731073289294,protocol_sensitivity_grouped10fold,main_10fold,Wine Quality Red,1,5,42,70400503,100,a59eeb80cc106c10671932c2f7f5475c54ae6b79c56d92db4344c6ab55f37aeb,66513489c6abb3ad1a29233a3fdf173e189984fa71f16b847cb6dae111e22551,0,0,136,0.294119,protocol_sensitivity_grouped10fold|wine_quality_red|r1|f5|smote_r_rf
wine_quality_red,smogn_rf,1439,160,11,d9f9d9e2997873091d070c2a27ba2584cd7f8c9f0ce056414b8174326893e8b5,cb9358ca0d8bca81031554c6ee9883fc463c9568e289bf7ef8c886d5e8b2f332,afde9c4e8768d51dcd20a30ba7b360929d90b558197a23e2ef3146e6fde44f21,smogn,933,2372,0.5,0,0,0,0,0,,,,160,0.6790955860798429,0.5174149214882597,0.31360622878790645,0.7673578449171425,0.2289458919411247,0.26715798418686987,27,133,0.16875,1.1262953846117758,0.9343048302939724,0.5452233830920812,0.43278313549010755,protocol_sensitivity_grouped10fold,main_10fold,Wine Quality Red,1,5,42,70400504,100,a59eeb80cc106c10671932c2f7f5475c54ae6b79c56d92db4344c6ab55f37aeb,66513489c6abb3ad1a29233a3fdf173e189984fa71f16b847cb6dae111e22551,0,0,136,0.313805,protocol_sensitivity_grouped10fold|wine_quality_red|r1|f5|smogn_rf
wine_quality_red,relevance_weighted_rf,1439,160,11,d9f9d9e2997873091d070c2a27ba2584cd7f8c9f0ce056414b8174326893e8b5,cb9358ca0d8bca81031554c6ee9883fc463c9568e289bf7ef8c886d5e8b2f332,afde9c4e8768d51dcd20a30ba7b360929d90b558197a23e2ef3146e6fde44f21,none,0,1439,0.17581653926337734,0,0,0,0,0,0.1575432450186118,1.0000000000000002,3.1508649003722358,160,0.6484020469653171,0.48856200110220255,0.3742508435217661,0.7869138550725956,0.23452226178300886,0.25366920711984126,27,133,0.16875,1.1688473591795574,1.0300135626435754,0.47793825927090805,0.3786432630449314,protocol_sensitivity_grouped10fold,main_10fold,Wine Quality Red,1,5,42,70400505,100,a59eeb80cc106c10671932c2f7f5475c54ae6b79c56d92db4344c6ab55f37aeb,66513489c6abb3ad1a29233a3fdf173e189984fa71f16b847cb6dae111e22551,0,0,136,0.141206,protocol_sensitivity_grouped10fold|wine_quality_red|r1|f5|relevance_weighted_rf
wine_quality_red,ekk,1433,166,11,31ace3aecefe167fd1093d882d0b3832e53cec0106868d60769166e21c97fcd1,902b560179f2af816fd8e26e16b5771e168ba5377d95245d05d90c7b36695375,24dbd1d6669fe6b5e6b02b0737671fef4a19cbe9f4463fee3276d731fd9f2684,none,0,1433,0.17864619678995114,0,0,0,0,0,,,,166,0.675480866843994,0.526875017012321,0.270024535127086,0.7557449523290835,0.21904563635584529,0.2578415174696358,24,142,0.14457831325301204,1.168493436560374,1.0561627593451277,0.5501120549972734,0.4374179338011425,protocol_sensitivity_grouped10fold,main_10fold,Wine Quality Red,1,6,42,70400601,100,c12220b4d8025a10aa091c7cbbd1a3e3cc474fe701bd347df83f183b07ad0045,a3e747c5c1c4885648f82a50cef62c3de0a9f35cf0db308a71dd875664ba67ec,0,0,136,0.033167,protocol_sensitivity_grouped10fold|wine_quality_red|r1|f6|ekk
wine_quality_red,rf,1433,166,11,31ace3aecefe167fd1093d882d0b3832e53cec0106868d60769166e21c97fcd1,902b560179f2af816fd8e26e16b5771e168ba5377d95245d05d90c7b36695375,24dbd1d6669fe6b5e6b02b0737671fef4a19cbe9f4463fee3276d731fd9f2684,none,0,1433,0.17864619678995114,0,0,0,0,0,,,,166,0.6671945227830186,0.5080204980759845,0.2878243772283082,0.8162297978189612,0.236242834423969,0.27156299747638746,24,142,0.14457831325301204,1.2803334253501886,1.1224946562749587,0.49328282221843106,0.4041657107747495,protocol_sensitivity_grouped10fold,main_10fold,Wine Quality Red,1,6,42,70400602,100,c12220b4d8025a10aa091c7cbbd1a3e3cc474fe701bd347df83f183b07ad0045,a3e747c5c1c4885648f82a50cef62c3de0a9f35cf0db308a71dd875664ba67ec,0,0,136,0.153551,protocol_sensitivity_grouped10fold|wine_quality_red|r1|f6|rf
wine_quality_red,smote_r_rf,1433,166,11,31ace3aecefe167fd1093d882d0b3832e53cec0106868d60769166e21c97fcd1,902b560179f2af816fd8e26e16b5771e168ba5377d95245d05d90c7b36695375,24dbd1d6669fe6b5e6b02b0737671fef4a19cbe9f4463fee3276d731fd9f2684,smote_r,921,2354,0.5,0,0,0,0,0,,,,166,0.6961171948331195,0.5251913577987075,0.2247408831714537,0.8040593381075266,0.23302094631679118,0.2899831169520324,24,142,0.14457831325301204,1.240913237794026,1.0545754044646307,0.5533722659769386,0.43571799779883313,protocol_sensitivity_grouped10fold,main_10fold,Wine Quality Red,1,6,42,70400603,100,c12220b4d8025a10aa091c7cbbd1a3e3cc474fe701bd347df83f183b07ad0045,a3e747c5c1c4885648f82a50cef62c3de0a9f35cf0db308a71dd875664ba67ec,0,0,136,0.349373,protocol_sensitivity_grouped10fold|wine_quality_red|r1|f6|smote_r_rf
wine_quality_red,smogn_rf,1433,166,11,31ace3aecefe167fd1093d882d0b3832e53cec0106868d60769166e21c97fcd1,902b560179f2af816fd8e26e16b5771e168ba5377d95245d05d90c7b36695375,24dbd1d6669fe6b5e6b02b0737671fef4a19cbe9f4463fee3276d731fd9f2684,smogn,921,2354,0.5,0,0,0,0,0,,,,166,0.6970739475549196,0.5301089775799698,0.22260836583589094,0.8331711616332858,0.2413247121782297,0.2884815978935686,24,142,0.14457831325301204,1.2716812690756845,1.0844181968560123,0.5428747726381037,0.43642291235021613,protocol_sensitivity_grouped10fold,main_10fold,Wine Quality Red,1,6,42,70400604,100,c12220b4d8025a10aa091c7cbbd1a3e3cc474fe701bd347df83f183b07ad0045,a3e747c5c1c4885648f82a50cef62c3de0a9f35cf0db308a71dd875664ba67ec,0,0,136,0.339936,protocol_sensitivity_grouped10fold|wine_quality_red|r1|f6|smogn_rf
wine_quality_red,relevance_weighted_rf,1433,166,11,31ace3aecefe167fd1093d882d0b3832e53cec0106868d60769166e21c97fcd1,902b560179f2af816fd8e26e16b5771e168ba5377d95245d05d90c7b36695375,24dbd1d6669fe6b5e6b02b0737671fef4a19cbe9f4463fee3276d731fd9f2684,none,0,1433,0.17864619678995114,0,0,0,0,0,0.15705830775975452,1.0,3.1411661551950902,166,0.6839398937496493,0.5089903419745638,0.2516271345915335,0.9121682771460706,0.26383015690771233,0.29427732167291965,24,142,0.14457831325301204,1.3653065659683064,1.2064420296433374,0.4814368074141958,0.3911111834953345,protocol_sensitivity_grouped10fold,main_10fold,Wine Quality Red,1,6,42,70400605,100,c12220b4d8025a10aa091c7cbbd1a3e3cc474fe701bd347df83f183b07ad0045,a3e747c5c1c4885648f82a50cef62c3de0a9f35cf0db308a71dd875664ba67ec,0,0,136,0.122915,protocol_sensitivity_grouped10fold|wine_quality_red|r1|f6|relevance_weighted_rf
wine_quality_red,ekk,1429,170,11,e3d7fda4ea6ee0fc4104d2f326348aa2731d916d2bd8d6efdc5f10bac5130a1a,37a24dc2a023f9f49af5e509522b993687e4ecf33e49754b18846bd4308e1c65,1ce4048ca5a81f227318b02c4525d60d82d3a050d666e44dcfe923b835af9c0e,none,0,1429,0.17494751574527642,0,0,0,0,0,,,,170,0.6421780801477156,0.5150268952330866,0.3181837160536757,0.5965994108499325,0.1817225949540488,0.2347012505921367,30,140,0.17647058823529413,0.9607021630534089,0.8737782968043883,0.5504433105812468,0.4381515948963793,protocol_sensitivity_grouped10fold,main_10fold,Wine Quality Red,1,7,42,70400701,100,8e68cf662211f71c7b74bea64e413e708de28d3be55b8fce73780ef3907dc72a,8f8ab02ccb728f592d7878715693be65fe9bd4810247fe1f1799e4422f1b9c3b,0,0,136,0.026601,protocol_sensitivity_grouped10fold|wine_quality_red|r1|f7|ekk
wine_quality_red,rf,1429,170,11,e3d7fda4ea6ee0fc4104d2f326348aa2731d916d2bd8d6efdc5f10bac5130a1a,37a24dc2a023f9f49af5e509522b993687e4ecf33e49754b18846bd4308e1c65,1ce4048ca5a81f227318b02c4525d60d82d3a050d666e44dcfe923b835af9c0e,none,0,1429,0.17494751574527642,0,0,0,0,0,,,,170,0.6051379983928346,0.5022277173176745,0.394568151249553,0.4909361894624228,0.14963220914962755,0.18155399484292603,30,140,0.17647058823529413,0.8639925167478133,0.7830003174603175,0.5335738497348667,0.4420621601442509,protocol_sensitivity_grouped10fold,main_10fold,Wine Quality Red,1,7,42,70400702,100,8e68cf662211f71c7b74bea64e413e708de28d3be55b8fce73780ef3907dc72a,8f8ab02ccb728f592d7878715693be65fe9bd4810247fe1f1799e4422f1b9c3b,0,0,136,0.154345,protocol_sensitivity_grouped10fold|wine_quality_red|r1|f7|rf
wine_quality_red,smote_r_rf,1429,170,11,e3d7fda4ea6ee0fc4104d2f326348aa2731d916d2bd8d6efdc5f10bac5130a1a,37a24dc2a023f9f49af5e509522b993687e4ecf33e49754b18846bd4308e1c65,1ce4048ca5a81f227318b02c4525d60d82d3a050d666e44dcfe923b835af9c0e,smote_r,929,2358,0.5,0,0,0,0,0,,,,170,0.613947915878964,0.4837585058807349,0.37681143852343435,0.42375223662399586,0.12955359333585317,0.18693423246627291,30,140,0.17647058823529413,0.7375210456234325,0.6053887505494571,0.5840763685263901,0.45769488202315156,protocol_sensitivity_grouped10fold,main_10fold,Wine Quality Red,1,7,42,70400703,100,8e68cf662211f71c7b74bea64e413e708de28d3be55b8fce73780ef3907dc72a,8f8ab02ccb728f592d7878715693be65fe9bd4810247fe1f1799e4422f1b9c3b,0,0,136,0.327673,protocol_sensitivity_grouped10fold|wine_quality_red|r1|f7|smote_r_rf
wine_quality_red,smogn_rf,1429,170,11,e3d7fda4ea6ee0fc4104d2f326348aa2731d916d2bd8d6efdc5f10bac5130a1a,37a24dc2a023f9f49af5e509522b993687e4ecf33e49754b18846bd4308e1c65,1ce4048ca5a81f227318b02c4525d60d82d3a050d666e44dcfe923b835af9c0e,smogn,929,2358,0.5,0,0,0,0,0,,,,170,0.6203041411733563,0.5012583351252812,0.3638408537533204,0.46249750484899715,0.14119515757577278,0.1900828741783844,30,140,0.17647058823529413,0.803932461218018,0.6517487542078197,0.5733542075158427,0.4690103881790229,protocol_sensitivity_grouped10fold,main_10fold,Wine Quality Red,1,7,42,70400704,100,8e68cf662211f71c7b74bea64e413e708de28d3be55b8fce73780ef3907dc72a,8f8ab02ccb728f592d7878715693be65fe9bd4810247fe1f1799e4422f1b9c3b,0,0,136,0.354874,protocol_sensitivity_grouped10fold|wine_quality_red|r1|f7|smogn_rf
wine_quality_red,relevance_weighted_rf,1429,170,11,e3d7fda4ea6ee0fc4104d2f326348aa2731d916d2bd8d6efdc5f10bac5130a1a,37a24dc2a023f9f49af5e509522b993687e4ecf33e49754b18846bd4308e1c65,1ce4048ca5a81f227318b02c4525d60d82d3a050d666e44dcfe923b835af9c0e,none,0,1429,0.17494751574527642,0,0,0,0,0,0.15780755355959658,1.0000000000000002,3.1561510711919314,170,0.611731727496391,0.5121422452360108,0.3813024075684627,0.49784123412116593,0.1517820450282884,0.18399466699122063,30,140,0.17647058823529413,0.8618972716814904,0.7584623309691251,0.5433406119580468,0.45935936972177205,protocol_sensitivity_grouped10fold,main_10fold,Wine Quality Red,1,7,42,70400705,100,8e68cf662211f71c7b74bea64e413e708de28d3be55b8fce73780ef3907dc72a,8f8ab02ccb728f592d7878715693be65fe9bd4810247fe1f1799e4422f1b9c3b,0,0,136,0.149765,protocol_sensitivity_grouped10fold|wine_quality_red|r1|f7|relevance_weighted_rf
wine_quality_red,ekk,1440,159,11,69ff6b834058f2bf6509afcd9f05ba3c6302f7920983769b33c6bbf862ffad0d,0f29744d334f5022cc3b333488353f6f983524763e734407e724e56ca3a09440,cd4869b5024c07281db6a1e2936127f25bbf9d1223f56ad97675b8f797e677bd,none,0,1440,0.17430555555555555,0,0,0,0,0,,,,159,0.6577696422101673,0.4757617397579923,0.3667882210921486,0.8772500698328752,0.25982260799208706,0.2861961667374028,29,130,0.18238993710691823,1.2478053580044755,1.1013233017208162,0.4264302208174793,0.33621339132013156,protocol_sensitivity_grouped10fold,main_10fold,Wine Quality Red,1,8,42,70400801,100,f259f4daa1de52963f30c18c67bd8696bf1e6054e95e697df98a6c0834c1f182,7647669076fad0c02fbb13ae0ede3e96e120f8d32aaaeb010ba8e2f0f16412b8,0,0,136,0.017471,protocol_sensitivity_grouped10fold|wine_quality_red|r1|f8|ekk
wine_quality_red,rf,1440,159,11,69ff6b834058f2bf6509afcd9f05ba3c6302f7920983769b33c6bbf862ffad0d,0f29744d334f5022cc3b333488353f6f983524763e734407e724e56ca3a09440,cd4869b5024c07281db6a1e2936127f25bbf9d1223f56ad97675b8f797e677bd,none,0,1440,0.17430555555555555,0,0,0,0,0,,,,159,0.6399866661084846,0.4707979905311475,0.40056349866665586,0.8225466124269372,0.24368372479016867,0.26646972926636275,29,130,0.18238993710691823,1.2210128861422842,1.064768141341417,0.4103318051287465,0.3382969568888567,protocol_sensitivity_grouped10fold,main_10fold,Wine Quality Red,1,8,42,70400802,100,f259f4daa1de52963f30c18c67bd8696bf1e6054e95e697df98a6c0834c1f182,7647669076fad0c02fbb13ae0ede3e96e120f8d32aaaeb010ba8e2f0f16412b8,0,0,136,0.151463,protocol_sensitivity_grouped10fold|wine_quality_red|r1|f8|rf
wine_quality_red,smote_r_rf,1440,159,11,69ff6b834058f2bf6509afcd9f05ba3c6302f7920983769b33c6bbf862ffad0d,0f29744d334f5022cc3b333488353f6f983524763e734407e724e56ca3a09440,cd4869b5024c07281db6a1e2936127f25bbf9d1223f56ad97675b8f797e677bd,smote_r,938,2378,0.5,0,0,0,0,0,,,,159,0.6436053849527307,0.483504607731383,0.39376546682722013,0.7184803829472899,0.21318503586455262,0.25912567542651305,29,130,0.18238993710691823,1.1431933719121259,0.9459409803068972,0.46378371345798025,0.3803457246183836,protocol_sensitivity_grouped10fold,main_10fold,Wine Quality Red,1,8,42,70400803,100,f259f4daa1de52963f30c18c67bd8696bf1e6054e95e697df98a6c0834c1f182,7647669076fad0c02fbb13ae0ede3e96e120f8d32aaaeb010ba8e2f0f16412b8,0,0,136,0.291688,protocol_sensitivity_grouped10fold|wine_quality_red|r1|f8|smote_r_rf
wine_quality_red,smogn_rf,1440,159,11,69ff6b834058f2bf6509afcd9f05ba3c6302f7920983769b33c6bbf862ffad0d,0f29744d334f5022cc3b333488353f6f983524763e734407e724e56ca3a09440,cd4869b5024c07281db6a1e2936127f25bbf9d1223f56ad97675b8f797e677bd,smogn,938,2378,0.5,0,0,0,0,0,,,,159,0.648156915894681,0.4800771475298004,0.3851606537875173,0.8010466056790388,0.23748522360400584,0.26969858040215877,29,130,0.18238993710691823,1.2058944129919067,1.0089546523507977,0.43523482528795576,0.36209678106973187,protocol_sensitivity_grouped10fold,main_10fold,Wine Quality Red,1,8,42,70400804,100,f259f4daa1de52963f30c18c67bd8696bf1e6054e95e697df98a6c0834c1f182,7647669076fad0c02fbb13ae0ede3e96e120f8d32aaaeb010ba8e2f0f16412b8,0,0,136,0.287159,protocol_sensitivity_grouped10fold|wine_quality_red|r1|f8|smogn_rf
wine_quality_red,relevance_weighted_rf,1440,159,11,69ff6b834058f2bf6509afcd9f05ba3c6302f7920983769b33c6bbf862ffad0d,0f29744d334f5022cc3b333488353f6f983524763e734407e724e56ca3a09440,cd4869b5024c07281db6a1e2936127f25bbf9d1223f56ad97675b8f797e677bd,none,0,1440,0.17430555555555555,0,0,0,0,0,0.1575032813183608,1.0,3.150065626367216,159,0.6658671259873302,0.49402285205063584,0.3511019309918417,0.8741296666100207,0.25900967496530203,0.28642926010940845,29,130,0.18238993710691823,1.252898877486839,1.094690804481888,0.4383040160823048,0.36002769343135654,protocol_sensitivity_grouped10fold,main_10fold,Wine Quality Red,1,8,42,70400805,100,f259f4daa1de52963f30c18c67bd8696bf1e6054e95e697df98a6c0834c1f182,7647669076fad0c02fbb13ae0ede3e96e120f8d32aaaeb010ba8e2f0f16412b8,0,0,136,0.129975,protocol_sensitivity_grouped10fold|wine_quality_red|r1|f8|relevance_weighted_rf
wine_quality_red,ekk,1438,161,11,f43c70dec14c9e8dc8bb62535ece081b0f2e5d46eadd48e3faf47efdee1fc38d,49dfe8c16819d878fceff41b031f4194680af56ace89c2e288c29913110420f0,597acfbd25c82c1ffa73dda62b591c1b5eda3504df5dd8a304093765179f4275,none,0,1438,0.1780250347705146,0,0,0,0,0,,,,161,0.665686581751039,0.5240196987364544,0.26311288800210386,0.7256162115517477,0.2053310394359617,0.24430423474057472,24,137,0.14906832298136646,1.1252846802283505,1.0629738850864185,0.5467551525528657,0.42960436682113223,protocol_sensitivity_grouped10fold,main_10fold,Wine Quality Red,1,9,42,70400901,100,68861acb2950e22ab626dbfce122ad03d928ab995fd09cc8f9c059566cfe68ca,c13ce8b99643dacabf42a70eb6989a90183abbe718a45717d68f0f9f0bee7d81,0,0,136,0.016629,protocol_sensitivity_grouped10fold|wine_quality_red|r1|f9|ekk
wine_quality_red,rf,1438,161,11,f43c70dec14c9e8dc8bb62535ece081b0f2e5d46eadd48e3faf47efdee1fc38d,49dfe8c16819d878fceff41b031f4194680af56ace89c2e288c29913110420f0,597acfbd25c82c1ffa73dda62b591c1b5eda3504df5dd8a304093765179f4275,none,0,1438,0.1780250347705146,0,0,0,0,0,,,,161,0.6038151599491007,0.4507378303134366,0.39372539100911286,0.6403224877751292,0.18106446075667665,0.20793295699462228,24,137,0.14906832298136646,1.0825970560953622,0.9831506983678594,0.47238360531457435,0.35746842277105595,protocol_sensitivity_grouped10fold,main_10fold,Wine Quality Red,1,9,42,70400902,100,68861acb2950e22ab626dbfce122ad03d928ab995fd09cc8f9c059566cfe68ca,c13ce8b99643dacabf42a70eb6989a90183abbe718a45717d68f0f9f0bee7d81,0,0,136,0.123328,protocol_sensitivity_grouped10fold|wine_quality_red|r1|f9|rf
wine_quality_red,smote_r_rf,1438,161,11,f43c70dec14c9e8dc8bb62535ece081b0f2e5d46eadd48e3faf47efdee1fc38d,49dfe8c16819d878fceff41b031f4194680af56ace89c2e288c29913110420f0,597acfbd25c82c1ffa73dda62b591c1b5eda3504df5dd8a304093765179f4275,smote_r,926,2364,0.5,0,0,0,0,0,,,,161,0.6046400080609508,0.4552699922061835,0.39206784389029237,0.5365527100816194,0.1520597493301908,0.19990603512061889,24,137,0.14906832298136646,0.9514702043606047,0.8306905286852931,0.5206174228961514,0.3895028909251717,protocol_sensitivity_grouped10fold,main_10fold,Wine Quality Red,1,9,42,70400903,100,68861acb2950e22ab626dbfce122ad03d928ab995fd09cc8f9c059566cfe68ca,c13ce8b99643dacabf42a70eb6989a90183abbe718a45717d68f0f9f0bee7d81,0,0,136,0.282243,protocol_sensitivity_grouped10fold|wine_quality_red|r1|f9|smote_r_rf
wine_quality_red,smogn_rf,1438,161,11,f43c70dec14c9e8dc8bb62535ece081b0f2e5d46eadd48e3faf47efdee1fc38d,49dfe8c16819d878fceff41b031f4194680af56ace89c2e288c29913110420f0,597acfbd25c82c1ffa73dda62b591c1b5eda3504df5dd8a304093765179f4275,smogn,926,2364,0.5,0,0,0,0,0,,,,161,0.5901655416811673,0.4463956515194396,0.4208260073567468,0.5420211264164623,0.1534756640142106,0.19139812030306266,24,137,0.14906832298136646,0.9620725564991899,0.8680477098283493,0.49715649495634157,0.3725295975091197,protocol_sensitivity_grouped10fold,main_10fold,Wine Quality Red,1,9,42,70400904,100,68861acb2950e22ab626dbfce122ad03d928ab995fd09cc8f9c059566cfe68ca,c13ce8b99643dacabf42a70eb6989a90183abbe718a45717d68f0f9f0bee7d81,0,0,136,0.275341,protocol_sensitivity_grouped10fold|wine_quality_red|r1|f9|smogn_rf
wine_quality_red,relevance_weighted_rf,1438,161,11,f43c70dec14c9e8dc8bb62535ece081b0f2e5d46eadd48e3faf47efdee1fc38d,49dfe8c16819d878fceff41b031f4194680af56ace89c2e288c29913110420f0,597acfbd25c82c1ffa73dda62b591c1b5eda3504df5dd8a304093765179f4275,none,0,1438,0.1780250347705146,0,0,0,0,0,0.15674732940919994,1.0,3.134946588183999,161,0.5942502999469064,0.4560462540898283,0.41278089853979205,0.6136832057046512,0.1735188730970284,0.19935219192674972,24,137,0.14906832298136646,1.0623716860340864,0.9406472058574925,0.4661323554561095,0.3711526566998725,protocol_sensitivity_grouped10fold,main_10fold,Wine Quality Red,1,9,42,70400905,100,68861acb2950e22ab626dbfce122ad03d928ab995fd09cc8f9c059566cfe68ca,c13ce8b99643dacabf42a70eb6989a90183abbe718a45717d68f0f9f0bee7d81,0,0,136,0.106706,protocol_sensitivity_grouped10fold|wine_quality_red|r1|f9|relevance_weighted_rf
wine_quality_red,ekk,1438,161,11,5df081fee0ea69574304119550e75c8dd251e74292ea32f705d8f396d023c5b6,7381e84bb2155313d1d016cea19194d2f65d7ee8b55f5783dcc3756027b3e915,e65807dd8966e2f2ac514814ec46800906b50be2104fb0e363bcbdae29afeb8f,none,0,1438,0.16968011126564672,0,0,0,0,0,,,,161,0.7058570370725038,0.5526804403919312,0.34054699867146,0.9120997589862125,0.29040344787316347,0.3113303686622526,36,125,0.2236024844720497,1.1880212121343108,1.0751398643286953,0.4850195940374355,0.40221212629814307,protocol_sensitivity_grouped10fold,main_10fold,Wine Quality Red,1,10,42,70401001,100,21c93baf7acd7be4c2f9df9a4a3f568d06a63b360d7f0c7a98f694f88da235d8,e84e52e7d8e1594af37643f2c3be9fc680984d0ead62b48e0947230e1790d279,0,0,135,0.019158,protocol_sensitivity_grouped10fold|wine_quality_red|r1|f10|ekk
wine_quality_red,rf,1438,161,11,5df081fee0ea69574304119550e75c8dd251e74292ea32f705d8f396d023c5b6,7381e84bb2155313d1d016cea19194d2f65d7ee8b55f5783dcc3756027b3e915,e65807dd8966e2f2ac514814ec46800906b50be2104fb0e363bcbdae29afeb8f,none,0,1438,0.16968011126564672,0,0,0,0,0,,,,161,0.7035373886198659,0.5566407748338145,0.34487417978350343,0.8837362204732453,0.28134935943091466,0.3049293741103355,36,125,0.2236024844720497,1.1719291028367047,1.0588423823983033,0.49190487220382384,0.41200671185524157,protocol_sensitivity_grouped10fold,main_10fold,Wine Quality Red,1,10,42,70401002,100,21c93baf7acd7be4c2f9df9a4a3f568d06a63b360d7f0c7a98f694f88da235d8,e84e52e7d8e1594af37643f2c3be9fc680984d0ead62b48e0947230e1790d279,0,0,135,0.126637,protocol_sensitivity_grouped10fold|wine_quality_red|r1|f10|rf
wine_quality_red,smote_r_rf,1438,161,11,5df081fee0ea69574304119550e75c8dd251e74292ea32f705d8f396d023c5b6,7381e84bb2155313d1d016cea19194d2f65d7ee8b55f5783dcc3756027b3e915,e65807dd8966e2f2ac514814ec46800906b50be2104fb0e363bcbdae29afeb8f,smote_r,950,2388,0.5,0,0,0,0,0,,,,161,0.7286587200344905,0.5637448911077264,0.29725351059806226,0.8832681751124685,0.2814105466930563,0.3176979565573641,36,125,0.2236024844720497,1.1540610510691625,0.9913977864978514,0.5479785370252064,0.4405808572353704,protocol_sensitivity_grouped10fold,main_10fold,Wine Quality Red,1,10,42,70401003,100,21c93baf7acd7be4c2f9df9a4a3f568d06a63b360d7f0c7a98f694f88da235d8,e84e52e7d8e1594af37643f2c3be9fc680984d0ead62b48e0947230e1790d279,0,0,135,0.274729,protocol_sensitivity_grouped10fold|wine_quality_red|r1|f10|smote_r_rf
wine_quality_red,smogn_rf,1438,161,11,5df081fee0ea69574304119550e75c8dd251e74292ea32f705d8f396d023c5b6,7381e84bb2155313d1d016cea19194d2f65d7ee8b55f5783dcc3756027b3e915,e65807dd8966e2f2ac514814ec46800906b50be2104fb0e363bcbdae29afeb8f,smogn,950,2388,0.5,0,0,0,0,0,,,,161,0.7163369341626495,0.5564632050453984,0.3208197643623495,0.8765784282894503,0.2793145596544174,0.3104081092337019,36,125,0.2236024844720497,1.1442406706966999,0.980427722038358,0.532773824232242,0.434361424151426,protocol_sensitivity_grouped10fold,main_10fold,Wine Quality Red,1,10,42,70401004,100,21c93baf7acd7be4c2f9df9a4a3f568d06a63b360d7f0c7a98f694f88da235d8,e84e52e7d8e1594af37643f2c3be9fc680984d0ead62b48e0947230e1790d279,0,0,135,0.278999,protocol_sensitivity_grouped10fold|wine_quality_red|r1|f10|smogn_rf
wine_quality_red,relevance_weighted_rf,1438,161,11,5df081fee0ea69574304119550e75c8dd251e74292ea32f705d8f396d023c5b6,7381e84bb2155313d1d016cea19194d2f65d7ee8b55f5783dcc3756027b3e915,e65807dd8966e2f2ac514814ec46800906b50be2104fb0e363bcbdae29afeb8f,none,0,1438,0.16968011126564672,0,0,0,0,0,0.15864376861692348,1.0,3.1728753723384697,161,0.6992153012534158,0.5514898564075913,0.35289880952734454,0.8946885075739138,0.28480050650145594,0.305023954363292,36,125,0.2236024844720497,1.1767150384384182,1.062071329783466,0.48054577220385664,0.4044423920753394,protocol_sensitivity_grouped10fold,main_10fold,Wine Quality Red,1,10,42,70401005,100,21c93baf7acd7be4c2f9df9a4a3f568d06a63b360d7f0c7a98f694f88da235d8,e84e52e7d8e1594af37643f2c3be9fc680984d0ead62b48e0947230e1790d279,0,0,135,0.107201,protocol_sensitivity_grouped10fold|wine_quality_red|r1|f10|relevance_weighted_rf
air_quality_no2,ekk,6975,740,8,e14a55b35e00f63e71ba286d105edd709e748edd7a17f5873ba19936db4119a0,12c7c7a6b2f1ffc1861e63523ce583d3441692cfcaeb2af092b3c96d08ea3286,7e4229bfd7276d71928b6ae396db74e4df4166edb4ae5fcd8ef13f6d820779c2,none,0,6975,0.17491039426523297,0,0,0,0,0,,,,740,22.477495401748534,17.0532897327909,0.769777428297605,725.1677029217046,209.2474092900021,249.01151706985684,122,618,0.16486486486486487,33.148191096669684,24.1416261718267,19.6992787209079,15.653974125084805,protocol_sensitivity_grouped10fold,main_10fold,Air Quality NO2,1,1,42,70500101,100,cdf79ed965733941f51eb504f93e07aff9497988374a8937af16763f2e4972df,e26837783b7f8d04c03a8cc3f8e0e5bfde4ec11cca5b39992de3cf5d58b56576,0,0,740,0.019318,protocol_sensitivity_grouped10fold|air_quality_no2|r1|f1|ekk
air_quality_no2,rf,6975,740,8,e14a55b35e00f63e71ba286d105edd709e748edd7a17f5873ba19936db4119a0,12c7c7a6b2f1ffc1861e63523ce583d3441692cfcaeb2af092b3c96d08ea3286,7e4229bfd7276d71928b6ae396db74e4df4166edb4ae5fcd8ef13f6d820779c2,none,0,6975,0.17491039426523297,0,0,0,0,0,,,,740,17.01985168687578,12.375792260513126,0.8680031374743624,423.209473235574,122.14732145648347,146.63170338561486,122,618,0.16486486486486487,24.71589544756722,17.66185540080673,15.042171063060133,11.33226523281763,protocol_sensitivity_grouped10fold,main_10fold,Air Quality NO2,1,1,42,70500102,100,cdf79ed965733941f51eb504f93e07aff9497988374a8937af16763f2e4972df,e26837783b7f8d04c03a8cc3f8e0e5bfde4ec11cca5b39992de3cf5d58b56576,0,0,740,0.298006,protocol_sensitivity_grouped10fold|air_quality_no2|r1|f1|rf
air_quality_no2,smote_r_rf,6975,740,8,e14a55b35e00f63e71ba286d105edd709e748edd7a17f5873ba19936db4119a0,12c7c7a6b2f1ffc1861e63523ce583d3441692cfcaeb2af092b3c96d08ea3286,7e4229bfd7276d71928b6ae396db74e4df4166edb4ae5fcd8ef13f6d820779c2,smote_r,4535,11510,0.5,0,0,0,0,0,,,,740,17.514519909799937,12.471341949629233,0.8602188720436021,386.81917768457436,111.63277937700741,155.51986462944248,122,618,0.16486486486486487,22.478505344698373,15.494416638113032,16.357488460947394,11.874553742517545,protocol_sensitivity_grouped10fold,main_10fold,Air Quality NO2,1,1,42,70500103,100,cdf79ed965733941f51eb504f93e07aff9497988374a8937af16763f2e4972df,e26837783b7f8d04c03a8cc3f8e0e5bfde4ec11cca5b39992de3cf5d58b56576,0,0,740,1.099455,protocol_sensitivity_grouped10fold|air_quality_no2|r1|f1|smote_r_rf
air_quality_no2,smogn_rf,6975,740,8,e14a55b35e00f63e71ba286d105edd709e748edd7a17f5873ba19936db4119a0,12c7c7a6b2f1ffc1861e63523ce583d3441692cfcaeb2af092b3c96d08ea3286,7e4229bfd7276d71928b6ae396db74e4df4166edb4ae5fcd8ef13f6d820779c2,smogn,4535,11510,0.5,0,0,0,0,0,,,,740,17.19001872437649,12.448561771611345,0.8653504936941568,375.6313739303407,108.42201879093649,146.30603585171139,122,618,0.16486486486486487,21.912482568132877,15.475780721213356,16.094806571082273,11.850955441754639,protocol_sensitivity_grouped10fold,main_10fold,Air Quality NO2,1,1,42,70500104,100,cdf79ed965733941f51eb504f93e07aff9497988374a8937af16763f2e4972df,e26837783b7f8d04c03a8cc3f8e0e5bfde4ec11cca5b39992de3cf5d58b56576,0,0,740,1.08061,protocol_sensitivity_grouped10fold|air_quality_no2|r1|f1|smogn_rf
air_quality_no2,relevance_weighted_rf,6975,740,8,e14a55b35e00f63e71ba286d105edd709e748edd7a17f5873ba19936db4119a0,12c7c7a6b2f1ffc1861e63523ce583d3441692cfcaeb2af092b3c96d08ea3286,7e4229bfd7276d71928b6ae396db74e4df4166edb4ae5fcd8ef13f6d820779c2,none,0,6975,0.17491039426523297,0,0,0,0,0,0.16813614876675137,1.0,3.362722975335027,740,17.01717660293391,12.422024223177493,0.8680446272528252,424.36723816824315,122.46816518788975,144.80368402840162,122,618,0.16486486486486487,24.98017692762618,18.236621273370922,14.952094724896883,11.274158786084291,protocol_sensitivity_grouped10fold,main_10fold,Air Quality NO2,1,1,42,70500105,100,cdf79ed965733941f51eb504f93e07aff9497988374a8937af16763f2e4972df,e26837783b7f8d04c03a8cc3f8e0e5bfde4ec11cca5b39992de3cf5d58b56576,0,0,740,0.308177,protocol_sensitivity_grouped10fold|air_quality_no2|r1|f1|relevance_weighted_rf
air_quality_no2,ekk,6975,740,8,fb5f674ab744ca9c38bde650755347035bc8c467f437f08046fa39588227b0f6,acfcbddcde0cf7220a06f4afa145e489470a1d52f8755224d1bbc98c3321c045,3111a3fd8bf7471d6d5dab2634222a4f0cda7b0278556daa5ca9f9278a41bdc2,none,0,6975,0.1750537634408602,0,0,0,0,0,,,,740,23.883051023896236,17.818765244025812,0.7589022900100759,911.1852127271605,266.7341909756164,302.3060710778492,121,619,0.1635135135135135,38.198798071796595,29.53189657635388,19.916593625844694,15.529122447237935,protocol_sensitivity_grouped10fold,main_10fold,Air Quality NO2,1,2,42,70500201,100,4f1325552eed4175330fa41e6ef925fca00efc16f220b4c9455d6d7c4a293b9e,2295ca2ba1729080407654cdbb3ff3e3f1e70e65bd41002a3a6a416005344228,0,0,740,0.020243,protocol_sensitivity_grouped10fold|air_quality_no2|r1|f2|ekk
air_quality_no2,rf,6975,740,8,fb5f674ab744ca9c38bde650755347035bc8c467f437f08046fa39588227b0f6,acfcbddcde0cf7220a06f4afa145e489470a1d52f8755224d1bbc98c3321c045,3111a3fd8bf7471d6d5dab2634222a4f0cda7b0278556daa5ca9f9278a41bdc2,none,0,6975,0.1750537634408602,0,0,0,0,0,,,,740,17.006981026259655,12.230769916986464,0.8777446349435806,430.127079889176,125.96820591589254,145.05704385267146,121,619,0.1635135135135135,25.876709882048647,18.92934026143703,14.658943404330017,10.921356327845078,protocol_sensitivity_grouped10fold,main_10fold,Air Quality NO2,1,2,42,70500202,100,4f1325552eed4175330fa41e6ef925fca00efc16f220b4c9455d6d7c4a293b9e,2295ca2ba1729080407654cdbb3ff3e3f1e70e65bd41002a3a6a416005344228,0,0,740,0.314679,protocol_sensitivity_grouped10fold|air_quality_no2|r1|f2|rf
air_quality_no2,smote_r_rf,6975,740,8,fb5f674ab744ca9c38bde650755347035bc8c467f437f08046fa39588227b0f6,acfcbddcde0cf7220a06f4afa145e489470a1d52f8755224d1bbc98c3321c045,3111a3fd8bf7471d6d5dab2634222a4f0cda7b0278556daa5ca9f9278a41bdc2,smote_r,4533,11508,0.5,0,0,0,0,0,,,,740,16.938413861328726,12.130208088801417,0.8787284433530479,359.785146312311,105.38545727635842,135.24503377188472,121,619,0.1635135135135135,22.01698775538813,15.06955010571597,15.755544795883058,11.555635578225226,protocol_sensitivity_grouped10fold,main_10fold,Air Quality NO2,1,2,42,70500203,100,4f1325552eed4175330fa41e6ef925fca00efc16f220b4c9455d6d7c4a293b9e,2295ca2ba1729080407654cdbb3ff3e3f1e70e65bd41002a3a6a416005344228,0,0,740,1.110108,protocol_sensitivity_grouped10fold|air_quality_no2|r1|f2|smote_r_rf
air_quality_no2,smogn_rf,6975,740,8,fb5f674ab744ca9c38bde650755347035bc8c467f437f08046fa39588227b0f6,acfcbddcde0cf7220a06f4afa145e489470a1d52f8755224d1bbc98c3321c045,3111a3fd8bf7471d6d5dab2634222a4f0cda7b0278556daa5ca9f9278a41bdc2,smogn,4533,11508,0.5,0,0,0,0,0,,,,740,17.119559699182357,12.337296758330847,0.8761207252842935,381.221254189085,111.66710011330271,141.13661646445175,121,619,0.1635135135135135,23.018239106897884,16.129850772318374,15.709815051217507,11.595941288714544,protocol_sensitivity_grouped10fold,main_10fold,Air Quality NO2,1,2,42,70500204,100,4f1325552eed4175330fa41e6ef925fca00efc16f220b4c9455d6d7c4a293b9e,2295ca2ba1729080407654cdbb3ff3e3f1e70e65bd41002a3a6a416005344228,0,0,740,1.106456,protocol_sensitivity_grouped10fold|air_quality_no2|r1|f2|smogn_rf
air_quality_no2,relevance_weighted_rf,6975,740,8,fb5f674ab744ca9c38bde650755347035bc8c467f437f08046fa39588227b0f6,acfcbddcde0cf7220a06f4afa145e489470a1d52f8755224d1bbc98c3321c045,3111a3fd8bf7471d6d5dab2634222a4f0cda7b0278556daa5ca9f9278a41bdc2,none,0,6975,0.1750537634408602,0,0,0,0,0,0.16839634191884506,0.9999999999999999,3.367926838376901,740,17.426449127870875,12.461723476310823,0.8716395360827346,459.8002800502947,134.66581362039418,154.71523112511073,121,619,0.1635135135135135,27.07017211787767,19.925960842092575,14.825639013989548,11.00263992015639,protocol_sensitivity_grouped10fold,main_10fold,Air Quality NO2,1,2,42,70500205,100,4f1325552eed4175330fa41e6ef925fca00efc16f220b4c9455d6d7c4a293b9e,2295ca2ba1729080407654cdbb3ff3e3f1e70e65bd41002a3a6a416005344228,0,0,740,0.303924,protocol_sensitivity_grouped10fold|air_quality_no2|r1|f2|relevance_weighted_rf
air_quality_no2,ekk,6975,740,8,854391b361f631c5d6a6f41f99e9a6d3f096a7cfc6ffd4a8c137d47303f32ce4,f74ae4f1ce8df9b5f7b890a19f142018a695ae84e9e4e05b2fc76e5e04eef0f9,1372dc3e266097c69feb63be08c69f3f562eddec7dc5592de25df9bfe0efb2e7,none,0,6975,0.1746236559139785,0,0,0,0,0,,,,740,25.297406258623152,18.983387153025557,0.7264217087275864,1005.527258019127,292.9791723715045,341.8863217293836,124,616,0.16756756756756758,40.119733224928794,31.52280708921943,21.089633758178948,16.459218204830687,protocol_sensitivity_grouped10fold,main_10fold,Air Quality NO2,1,3,42,70500301,100,b548acf996767ae076f5d8a557f155213314a9ac17fa05eaadf4d296a46afc2a,7c6a4f694ff56cf38ca79822a24a5956a4b96e6a2b2ff43c6942b5c20fe03fe0,0,0,740,0.020655,protocol_sensitivity_grouped10fold|air_quality_no2|r1|f3|ekk
air_quality_no2,rf,6975,740,8,854391b361f631c5d6a6f41f99e9a6d3f096a7cfc6ffd4a8c137d47303f32ce4,f74ae4f1ce8df9b5f7b890a19f142018a695ae84e9e4e05b2fc76e5e04eef0f9,1372dc3e266097c69feb63be08c69f3f562eddec7dc5592de25df9bfe0efb2e7,none,0,6975,0.1746236559139785,0,0,0,0,0,,,,740,18.50323333248096,13.037949733889992,0.85363916008787,491.2057597957576,143.0899260866117,182.12569642581622,124,616,0.16756756756756758,27.446365518729163,20.602587575130908,16.113636982762184,11.515197960653182,protocol_sensitivity_grouped10fold,main_10fold,Air Quality NO2,1,3,42,70500302,100,b548acf996767ae076f5d8a557f155213314a9ac17fa05eaadf4d296a46afc2a,7c6a4f694ff56cf38ca79822a24a5956a4b96e6a2b2ff43c6942b5c20fe03fe0,0,0,740,0.320148,protocol_sensitivity_grouped10fold|air_quality_no2|r1|f3|rf
air_quality_no2,smote_r_rf,6975,740,8,854391b361f631c5d6a6f41f99e9a6d3f096a7cfc6ffd4a8c137d47303f32ce4,f74ae4f1ce8df9b5f7b890a19f142018a695ae84e9e4e05b2fc76e5e04eef0f9,1372dc3e266097c69feb63be08c69f3f562eddec7dc5592de25df9bfe0efb2e7,smote_r,4539,11514,0.5,0,0,0,0,0,,,,740,18.662220107655536,13.226732890615725,0.851113179094926,453.11177594150865,132.0295064590212,182.8073341986376,124,616,0.16756756756756758,24.55055846028218,17.84648871917681,17.235362213490646,12.296782042009275,protocol_sensitivity_grouped10fold,main_10fold,Air Quality NO2,1,3,42,70500303,100,b548acf996767ae076f5d8a557f155213314a9ac17fa05eaadf4d296a46afc2a,7c6a4f694ff56cf38ca79822a24a5956a4b96e6a2b2ff43c6942b5c20fe03fe0,0,0,740,1.103043,protocol_sensitivity_grouped10fold|air_quality_no2|r1|f3|smote_r_rf
air_quality_no2,smogn_rf,6975,740,8,854391b361f631c5d6a6f41f99e9a6d3f096a7cfc6ffd4a8c137d47303f32ce4,f74ae4f1ce8df9b5f7b890a19f142018a695ae84e9e4e05b2fc76e5e04eef0f9,1372dc3e266097c69feb63be08c69f3f562eddec7dc5592de25df9bfe0efb2e7,smogn,4539,11514,0.5,0,0,0,0,0,,,,740,18.2761577997438,13.06957138703185,0.8572094585207221,415.31772128926156,121.01571382371304,168.43596835655202,124,616,0.16756756756756758,23.43398997977539,17.210631410322495,17.050271572630876,12.235981382343473,protocol_sensitivity_grouped10fold,main_10fold,Air Quality NO2,1,3,42,70500304,100,b548acf996767ae076f5d8a557f155213314a9ac17fa05eaadf4d296a46afc2a,7c6a4f694ff56cf38ca79822a24a5956a4b96e6a2b2ff43c6942b5c20fe03fe0,0,0,740,1.087363,protocol_sensitivity_grouped10fold|air_quality_no2|r1|f3|smogn_rf
air_quality_no2,relevance_weighted_rf,6975,740,8,854391b361f631c5d6a6f41f99e9a6d3f096a7cfc6ffd4a8c137d47303f32ce4,f74ae4f1ce8df9b5f7b890a19f142018a695ae84e9e4e05b2fc76e5e04eef0f9,1372dc3e266097c69feb63be08c69f3f562eddec7dc5592de25df9bfe0efb2e7,none,0,6975,0.1746236559139785,0,0,0,0,0,0.16833565451070853,1.0000000000000002,3.3667130902141706,740,18.648433011938305,13.192839348977005,0.8513330841861528,511.51292148233364,149.03350497152155,184.60688406185557,124,616,0.16756756756756758,28.088514949756618,21.03733345715323,16.091952719555497,11.613752872655818,protocol_sensitivity_grouped10fold,main_10fold,Air Quality NO2,1,3,42,70500305,100,b548acf996767ae076f5d8a557f155213314a9ac17fa05eaadf4d296a46afc2a,7c6a4f694ff56cf38ca79822a24a5956a4b96e6a2b2ff43c6942b5c20fe03fe0,0,0,740,0.303153,protocol_sensitivity_grouped10fold|air_quality_no2|r1|f3|relevance_weighted_rf
air_quality_no2,ekk,6975,740,8,ed03039d2f7c3ddc1c3f8405280884e28dfe0b23a337a2b782c1070cdaea82bf,5a9bc9fb9caad2221a448a3b286bf5451f476e3328678f55589c0b6f76bf4ece,94ae965959b3475ffe5548a35e4c9b1abb0e97c7d940b94b515e39fb631ea013,none,0,6975,0.17491039426523297,0,0,0,0,0,,,,740,23.35449862476646,17.363992111124745,0.7716292436576626,829.1588357046348,245.62382844106915,285.7305437697336,122,618,0.16486486486486487,34.647073503555475,24.978887311465677,20.399287885062282,15.860728010086564,protocol_sensitivity_grouped10fold,main_10fold,Air Quality NO2,1,4,42,70500401,100,ac9d145646a31848a564c4af02eee9fdf88625a0a76df7350fa5ec24a856ca63,b7929f5a7cc81ba0a9a0082714d29034fc582763c193e269e8a77fd5b7a40345,0,0,740,0.029527,protocol_sensitivity_grouped10fold|air_quality_no2|r1|f4|ekk
air_quality_no2,rf,6975,740,8,ed03039d2f7c3ddc1c3f8405280884e28dfe0b23a337a2b782c1070cdaea82bf,5a9bc9fb9caad2221a448a3b286bf5451f476e3328678f55589c0b6f76bf4ece,94ae965959b3475ffe5548a35e4c9b1abb0e97c7d940b94b515e39fb631ea013,none,0,6975,0.17491039426523297,0,0,0,0,0,,,,740,18.427253250049045,12.899346308987722,0.8578258623701203,520.7506473360341,154.1830348075117,186.06600118385347,122,618,0.16486486486486487,27.430151710907726,19.372120663066926,16.064327449638512,11.621549430027104,protocol_sensitivity_grouped10fold,main_10fold,Air Quality NO2,1,4,42,70500402,100,ac9d145646a31848a564c4af02eee9fdf88625a0a76df7350fa5ec24a856ca63,b7929f5a7cc81ba0a9a0082714d29034fc582763c193e269e8a77fd5b7a40345,0,0,740,0.302606,protocol_sensitivity_grouped10fold|air_quality_no2|r1|f4|rf
air_quality_no2,smote_r_rf,6975,740,8,ed03039d2f7c3ddc1c3f8405280884e28dfe0b23a337a2b782c1070cdaea82bf,5a9bc9fb9caad2221a448a3b286bf5451f476e3328678f55589c0b6f76bf4ece,94ae965959b3475ffe5548a35e4c9b1abb0e97c7d940b94b515e39fb631ea013,smote_r,4535,11510,0.5,0,0,0,0,0,,,,740,18.797209657055863,13.02702867623422,0.8520598125975724,469.64669304551916,139.04064157677718,191.78390263356818,122,618,0.16486486486486487,24.335279724362202,15.7157640456603,17.49798207827051,12.49624272951904,protocol_sensitivity_grouped10fold,main_10fold,Air Quality NO2,1,4,42,70500403,100,ac9d145646a31848a564c4af02eee9fdf88625a0a76df7350fa5ec24a856ca63,b7929f5a7cc81ba0a9a0082714d29034fc582763c193e269e8a77fd5b7a40345,0,0,740,1.100874,protocol_sensitivity_grouped10fold|air_quality_no2|r1|f4|smote_r_rf
air_quality_no2,smogn_rf,6975,740,8,ed03039d2f7c3ddc1c3f8405280884e28dfe0b23a337a2b782c1070cdaea82bf,5a9bc9fb9caad2221a448a3b286bf5451f476e3328678f55589c0b6f76bf4ece,94ae965959b3475ffe5548a35e4c9b1abb0e97c7d940b94b515e39fb631ea013,smogn,4535,11510,0.5,0,0,0,0,0,,,,740,18.692473207018754,12.9863732576868,0.8537038398410509,476.2838231900474,141.02842185053706,188.3228484350044,122,618,0.16486486486486487,24.781190096420424,16.515786226876607,17.238158062977973,12.289628302604022,protocol_sensitivity_grouped10fold,main_10fold,Air Quality NO2,1,4,42,70500404,100,ac9d145646a31848a564c4af02eee9fdf88625a0a76df7350fa5ec24a856ca63,b7929f5a7cc81ba0a9a0082714d29034fc582763c193e269e8a77fd5b7a40345,0,0,740,1.068703,protocol_sensitivity_grouped10fold|air_quality_no2|r1|f4|smogn_rf
air_quality_no2,relevance_weighted_rf,6975,740,8,ed03039d2f7c3ddc1c3f8405280884e28dfe0b23a337a2b782c1070cdaea82bf,5a9bc9fb9caad2221a448a3b286bf5451f476e3328678f55589c0b6f76bf4ece,94ae965959b3475ffe5548a35e4c9b1abb0e97c7d940b94b515e39fb631ea013,none,0,6975,0.17491039426523297,0,0,0,0,0,0.1685889727890154,1.0,3.3717794557803082,740,18.24463370537584,12.861845815802413,0.8606298746193916,512.7045952903161,151.78226880951192,180.69888708401285,122,618,0.16486486486486487,27.230575187606092,19.324027363158912,15.880714945441332,11.58614007344401,protocol_sensitivity_grouped10fold,main_10fold,Air Quality NO2,1,4,42,70500405,100,ac9d145646a31848a564c4af02eee9fdf88625a0a76df7350fa5ec24a856ca63,b7929f5a7cc81ba0a9a0082714d29034fc582763c193e269e8a77fd5b7a40345,0,0,740,0.305638,protocol_sensitivity_grouped10fold|air_quality_no2|r1|f4|relevance_weighted_rf
air_quality_no2,ekk,6976,739,8,b8d3e2ca8933cdf212881dfe11562c3181206e3bf7939727830a71ce92b8b69b,36b1aae0020f8c29c37925a8f1832735bc1cf2862e0b4a928fa496c09b98d86c,fda2f6f3d12c3e39b872bf8f1e74d3ae8554f05e5a2fdb02926e4231cd2f87db,none,0,6976,0.17373853211009174,0,0,0,0,0,,,,739,22.70492918412161,17.508751181968524,0.7705663807703897,770.0169331684664,224.87374563232117,260.25731159831827,130,609,0.17591339648173207,33.2500423477567,25.42190749484948,19.7372400194534,15.819571673471767,protocol_sensitivity_grouped10fold,main_10fold,Air Quality NO2,1,5,42,70500501,100,17fd582da07768dcc94bfed7f2451002564763c6013999cceea8d456cba4a51f,7f1d96a46ebb4bd9fa4609578c4a89de4fb441532b05135ed72f9e3207c039eb,0,0,739,0.019769,protocol_sensitivity_grouped10fold|air_quality_no2|r1|f5|ekk
air_quality_no2,rf,6976,739,8,b8d3e2ca8933cdf212881dfe11562c3181206e3bf7939727830a71ce92b8b69b,36b1aae0020f8c29c37925a8f1832735bc1cf2862e0b4a928fa496c09b98d86c,fda2f6f3d12c3e39b872bf8f1e74d3ae8554f05e5a2fdb02926e4231cd2f87db,none,0,6976,0.17373853211009174,0,0,0,0,0,,,,739,17.10479707209583,12.396981980712653,0.8697875216489976,446.2718456224001,130.4075038882121,148.92888851086752,130,609,0.17591339648173207,25.247131369945368,18.34503147466782,14.797369941889983,11.12728340236426,protocol_sensitivity_grouped10fold,main_10fold,Air Quality NO2,1,5,42,70500502,100,17fd582da07768dcc94bfed7f2451002564763c6013999cceea8d456cba4a51f,7f1d96a46ebb4bd9fa4609578c4a89de4fb441532b05135ed72f9e3207c039eb,0,0,739,0.315187,protocol_sensitivity_grouped10fold|air_quality_no2|r1|f5|rf
air_quality_no2,smote_r_rf,6976,739,8,b8d3e2ca8933cdf212881dfe11562c3181206e3bf7939727830a71ce92b8b69b,36b1aae0020f8c29c37925a8f1832735bc1cf2862e0b4a928fa496c09b98d86c,fda2f6f3d12c3e39b872bf8f1e74d3ae8554f05e5a2fdb02926e4231cd2f87db,smote_r,4552,11528,0.5,0,0,0,0,0,,,,739,17.055684506765182,12.386710965170714,0.8705341996510039,398.49828179259526,116.47956683547507,146.80579503075288,130,609,0.17591339648173207,22.676378215216303,15.839510988600844,15.595674509638874,11.64966005704934,protocol_sensitivity_grouped10fold,main_10fold,Air Quality NO2,1,5,42,70500503,100,17fd582da07768dcc94bfed7f2451002564763c6013999cceea8d456cba4a51f,7f1d96a46ebb4bd9fa4609578c4a89de4fb441532b05135ed72f9e3207c039eb,0,0,739,1.1174,protocol_sensitivity_grouped10fold|air_quality_no2|r1|f5|smote_r_rf
air_quality_no2,smogn_rf,6976,739,8,b8d3e2ca8933cdf212881dfe11562c3181206e3bf7939727830a71ce92b8b69b,36b1aae0020f8c29c37925a8f1832735bc1cf2862e0b4a928fa496c09b98d86c,fda2f6f3d12c3e39b872bf8f1e74d3ae8554f05e5a2fdb02926e4231cd2f87db,smogn,4552,11528,0.5,0,0,0,0,0,,,,739,17.004302315323887,12.399953169989042,0.8713130855674288,404.11475631993443,118.1221650419032,144.97903907089767,130,609,0.17591339648173207,22.999459682536965,16.03725071876647,15.425670324148493,11.623518553665455,protocol_sensitivity_grouped10fold,main_10fold,Air Quality NO2,1,5,42,70500504,100,17fd582da07768dcc94bfed7f2451002564763c6013999cceea8d456cba4a51f,7f1d96a46ebb4bd9fa4609578c4a89de4fb441532b05135ed72f9e3207c039eb,0,0,739,1.108849,protocol_sensitivity_grouped10fold|air_quality_no2|r1|f5|smogn_rf
air_quality_no2,relevance_weighted_rf,6976,739,8,b8d3e2ca8933cdf212881dfe11562c3181206e3bf7939727830a71ce92b8b69b,36b1aae0020f8c29c37925a8f1832735bc1cf2862e0b4a928fa496c09b98d86c,fda2f6f3d12c3e39b872bf8f1e74d3ae8554f05e5a2fdb02926e4231cd2f87db,none,0,6976,0.17373853211009174,0,0,0,0,0,0.16837346453371824,1.0,3.3674692906743644,739,17.059803885317127,12.33477800167419,0.8704716535777675,452.4686828232333,132.20267934012915,148.98318690846565,130,609,0.17591339648173207,25.775085137385418,18.72756531379552,14.537767114555262,10.970143600071935,protocol_sensitivity_grouped10fold,main_10fold,Air Quality NO2,1,5,42,70500505,100,17fd582da07768dcc94bfed7f2451002564763c6013999cceea8d456cba4a51f,7f1d96a46ebb4bd9fa4609578c4a89de4fb441532b05135ed72f9e3207c039eb,0,0,739,0.345639,protocol_sensitivity_grouped10fold|air_quality_no2|r1|f5|relevance_weighted_rf
air_quality_no2,ekk,6976,739,8,626cd8e4f0c93abdce2ef0358e60f48c0ed439c63c8d690b44e704ae55a2c78d,2487edd8bc92afdfbf00007d84f239e7960bfbb13b12fcd21ccd7524fbd2b9ff,1628e9491fd48f02b7e5c5870f66647875b2b393f005c240e8e90edfcc070227,none,0,6976,0.17388188073394495,0,0,0,0,0,,,,739,22.999499540825546,17.264888795532467,0.7618176106079615,861.253161140262,250.51366438021674,283.1245193037784,129,610,0.17456021650879566,36.803263520773825,27.637960341932292,18.825603468452243,15.071239238998729,protocol_sensitivity_grouped10fold,main_10fold,Air Quality NO2,1,6,42,70500601,100,ba47a5992acc8ab36c99a11d09190da2b09088677c72a2ad519f9b8dee76d413,5ef0ee9632440e70cbdcd1763bfb6e09474c91c5a57bc0cf2a220ea4328f7b82,0,0,739,0.032564,protocol_sensitivity_grouped10fold|air_quality_no2|r1|f6|ekk
air_quality_no2,rf,6976,739,8,626cd8e4f0c93abdce2ef0358e60f48c0ed439c63c8d690b44e704ae55a2c78d,2487edd8bc92afdfbf00007d84f239e7960bfbb13b12fcd21ccd7524fbd2b9ff,1628e9491fd48f02b7e5c5870f66647875b2b393f005c240e8e90edfcc070227,none,0,6976,0.17388188073394495,0,0,0,0,0,,,,739,17.235882746198058,12.561628050073125,0.8662357873754774,486.43686345286903,141.44671602310868,155.30454589616966,129,610,0.17456021650879566,27.358708621418142,19.453993698225307,14.198969334991881,11.104062199890123,protocol_sensitivity_grouped10fold,main_10fold,Air Quality NO2,1,6,42,70500602,100,ba47a5992acc8ab36c99a11d09190da2b09088677c72a2ad519f9b8dee76d413,5ef0ee9632440e70cbdcd1763bfb6e09474c91c5a57bc0cf2a220ea4328f7b82,0,0,739,0.371835,protocol_sensitivity_grouped10fold|air_quality_no2|r1|f6|rf
air_quality_no2,smote_r_rf,6976,739,8,626cd8e4f0c93abdce2ef0358e60f48c0ed439c63c8d690b44e704ae55a2c78d,2487edd8bc92afdfbf00007d84f239e7960bfbb13b12fcd21ccd7524fbd2b9ff,1628e9491fd48f02b7e5c5870f66647875b2b393f005c240e8e90edfcc070227,smote_r,4550,11526,0.5,0,0,0,0,0,,,,739,17.079407899804913,12.638638945540412,0.8686535022984756,426.5125871669831,124.00600254488778,146.06479978139288,129,610,0.17456021650879566,24.57515980933172,16.861457751014512,15.022540379363534,11.745616607989332,protocol_sensitivity_grouped10fold,main_10fold,Air Quality NO2,1,6,42,70500603,100,ba47a5992acc8ab36c99a11d09190da2b09088677c72a2ad519f9b8dee76d413,5ef0ee9632440e70cbdcd1763bfb6e09474c91c5a57bc0cf2a220ea4328f7b82,0,0,739,1.243417,protocol_sensitivity_grouped10fold|air_quality_no2|r1|f6|smote_r_rf
air_quality_no2,smogn_rf,6976,739,8,626cd8e4f0c93abdce2ef0358e60f48c0ed439c63c8d690b44e704ae55a2c78d,2487edd8bc92afdfbf00007d84f239e7960bfbb13b12fcd21ccd7524fbd2b9ff,1628e9491fd48f02b7e5c5870f66647875b2b393f005c240e8e90edfcc070227,smogn,4550,11526,0.5,0,0,0,0,0,,,,739,16.866029848104098,12.47759801641829,0.8719149020554301,412.02720288805205,119.80577454731149,140.99054625232867,129,610,0.17456021650879566,24.382760494706595,16.961335566757704,14.795057733254206,11.529397780362906,protocol_sensitivity_grouped10fold,main_10fold,Air Quality NO2,1,6,42,70500604,100,ba47a5992acc8ab36c99a11d09190da2b09088677c72a2ad519f9b8dee76d413,5ef0ee9632440e70cbdcd1763bfb6e09474c91c5a57bc0cf2a220ea4328f7b82,0,0,739,1.339004,protocol_sensitivity_grouped10fold|air_quality_no2|r1|f6|smogn_rf
air_quality_no2,relevance_weighted_rf,6976,739,8,626cd8e4f0c93abdce2ef0358e60f48c0ed439c63c8d690b44e704ae55a2c78d,2487edd8bc92afdfbf00007d84f239e7960bfbb13b12fcd21ccd7524fbd2b9ff,1628e9491fd48f02b7e5c5870f66647875b2b393f005c240e8e90edfcc070227,none,0,6976,0.17388188073394495,0,0,0,0,0,0.16828071096734992,1.0,3.3656142193469982,739,17.003641460216507,12.434413111832393,0.8698162572523385,472.7222885053013,137.4504792441646,151.06938101068388,129,610,0.17456021650879566,27.049092534610995,19.29792863432731,13.983550970997998,10.982948353796584,protocol_sensitivity_grouped10fold,main_10fold,Air Quality NO2,1,6,42,70500605,100,ba47a5992acc8ab36c99a11d09190da2b09088677c72a2ad519f9b8dee76d413,5ef0ee9632440e70cbdcd1763bfb6e09474c91c5a57bc0cf2a220ea4328f7b82,0,0,739,0.377885,protocol_sensitivity_grouped10fold|air_quality_no2|r1|f6|relevance_weighted_rf
air_quality_no2,ekk,6976,739,8,1711291c9f02f74d271a84348491dc00d69b413d9302894d6717ca7cef64c311,43a66092638e3bacb69c73aa3d96c52e621f855d321af67d35c5e0eb07d4c0c6,c1e90536903304f08b7fa0e5212864efc4429e5fa6c3f58f943429e1a4695ae1,none,0,6976,0.1743119266055046,0,0,0,0,0,,,,739,23.845143747885174,17.753745067335146,0.7515473417758719,984.694189034442,286.41603996094426,317.3580820822191,126,613,0.17050067658998647,40.299433325717935,30.621674240326644,18.752229903765237,15.108787358041623,protocol_sensitivity_grouped10fold,main_10fold,Air Quality NO2,1,7,42,70500701,100,5fab8817d43b014e9d539c85606c661951be57c13497df304242435654f67ec6,e8f73f1e3501ba03a44d27ad4b3b423669174992f4c5b415021cccebdd269ed1,0,0,739,0.022037,protocol_sensitivity_grouped10fold|air_quality_no2|r1|f7|ekk
air_quality_no2,rf,6976,739,8,1711291c9f02f74d271a84348491dc00d69b413d9302894d6717ca7cef64c311,43a66092638e3bacb69c73aa3d96c52e621f855d321af67d35c5e0eb07d4c0c6,c1e90536903304f08b7fa0e5212864efc4429e5fa6c3f58f943429e1a4695ae1,none,0,6976,0.1743119266055046,0,0,0,0,0,,,,739,17.913210462769122,12.831727925023646,0.8597862466930364,542.7734283009069,157.95969798579597,175.63871043746397,126,613,0.17050067658998647,29.85164755712096,21.568444647852804,14.271395832765243,11.03592644529041,protocol_sensitivity_grouped10fold,main_10fold,Air Quality NO2,1,7,42,70500702,100,5fab8817d43b014e9d539c85606c661951be57c13497df304242435654f67ec6,e8f73f1e3501ba03a44d27ad4b3b423669174992f4c5b415021cccebdd269ed1,0,0,739,0.333489,protocol_sensitivity_grouped10fold|air_quality_no2|r1|f7|rf
air_quality_no2,smote_r_rf,6976,739,8,1711291c9f02f74d271a84348491dc00d69b413d9302894d6717ca7cef64c311,43a66092638e3bacb69c73aa3d96c52e621f855d321af67d35c5e0eb07d4c0c6,c1e90536903304f08b7fa0e5212864efc4429e5fa6c3f58f943429e1a4695ae1,smote_r,4544,11520,0.5,0,0,0,0,0,,,,739,17.639511603278425,12.747162550723365,0.8640382109332788,468.35993818316587,136.30245324733175,162.7198179765759,126,613,0.17050067658998647,26.597355062530145,18.46674368770456,15.155893001011014,11.571522708537996,protocol_sensitivity_grouped10fold,main_10fold,Air Quality NO2,1,7,42,70500703,100,5fab8817d43b014e9d539c85606c661951be57c13497df304242435654f67ec6,e8f73f1e3501ba03a44d27ad4b3b423669174992f4c5b415021cccebdd269ed1,0,0,739,1.239022,protocol_sensitivity_grouped10fold|air_quality_no2|r1|f7|smote_r_rf
air_quality_no2,smogn_rf,6976,739,8,1711291c9f02f74d271a84348491dc00d69b413d9302894d6717ca7cef64c311,43a66092638e3bacb69c73aa3d96c52e621f855d321af67d35c5e0eb07d4c0c6,c1e90536903304f08b7fa0e5212864efc4429e5fa6c3f58f943429e1a4695ae1,smogn,4544,11520,0.5,0,0,0,0,0,,,,739,17.349700556231237,12.697295948677695,0.8684691202067437,446.6133006186565,130.0033882634715,156.25702418688388,126,613,0.17050067658998647,25.875297118310414,18.438147718235147,15.008808871795411,11.517284002569637,protocol_sensitivity_grouped10fold,main_10fold,Air Quality NO2,1,7,42,70500704,100,5fab8817d43b014e9d539c85606c661951be57c13497df304242435654f67ec6,e8f73f1e3501ba03a44d27ad4b3b423669174992f4c5b415021cccebdd269ed1,0,0,739,1.075389,protocol_sensitivity_grouped10fold|air_quality_no2|r1|f7|smogn_rf
air_quality_no2,relevance_weighted_rf,6976,739,8,1711291c9f02f74d271a84348491dc00d69b413d9302894d6717ca7cef64c311,43a66092638e3bacb69c73aa3d96c52e621f855d321af67d35c5e0eb07d4c0c6,c1e90536903304f08b7fa0e5212864efc4429e5fa6c3f58f943429e1a4695ae1,none,0,6976,0.1743119266055046,0,0,0,0,0,0.16829853354370883,1.0,3.365970670874176,739,17.794574950179303,12.68168667713725,0.861637310482357,548.3956302501514,159.59623743498065,175.9237724530883,126,613,0.17050067658998647,30.116258343589763,21.843201610934976,13.97512596137677,10.798569415051585,protocol_sensitivity_grouped10fold,main_10fold,Air Quality NO2,1,7,42,70500705,100,5fab8817d43b014e9d539c85606c661951be57c13497df304242435654f67ec6,e8f73f1e3501ba03a44d27ad4b3b423669174992f4c5b415021cccebdd269ed1,0,0,739,0.293656,protocol_sensitivity_grouped10fold|air_quality_no2|r1|f7|relevance_weighted_rf
air_quality_no2,ekk,6976,739,8,4ab360b5d50d020b512033d92d30caf9c509758dc09b8b3222b49f7e7940e73f,857e529a5088994dcc964773518c49652809c6153b4f7ec8d3b4524e9a2f14aa,16f08f9979b5a5fac31bb8a135832f56efe47de48cf9f4d244b9ab0b40470bde,none,0,6976,0.1744552752293578,0,0,0,0,0,,,,739,22.8746828042314,17.386566055055802,0.765989971221158,739.5042459711333,215.5143291553259,252.589030588044,125,614,0.16914749661705006,32.30362937548723,24.549861590446934,20.428711909179555,15.928240416743277,protocol_sensitivity_grouped10fold,main_10fold,Air Quality NO2,1,8,42,70500801,100,5d2ff3f6011e8da65278471104d1908d8670d81ce0c61b850ccf88f7abbf9aed,b614599204339618d194f819bccc42f3be33703b4f14af3e7816c1e8b2d1e8dd,0,0,739,0.019429,protocol_sensitivity_grouped10fold|air_quality_no2|r1|f8|ekk
air_quality_no2,rf,6976,739,8,4ab360b5d50d020b512033d92d30caf9c509758dc09b8b3222b49f7e7940e73f,857e529a5088994dcc964773518c49652809c6153b4f7ec8d3b4524e9a2f14aa,16f08f9979b5a5fac31bb8a135832f56efe47de48cf9f4d244b9ab0b40470bde,none,0,6976,0.1744552752293578,0,0,0,0,0,,,,739,17.315267508454426,12.956684991404988,0.8659142208827634,410.4526869155773,119.62774643279961,141.49275778318776,125,614,0.16914749661705006,24.715560291311604,19.434017344519166,15.37842402354496,11.638009838083695,protocol_sensitivity_grouped10fold,main_10fold,Air Quality NO2,1,8,42,70500802,100,5d2ff3f6011e8da65278471104d1908d8670d81ce0c61b850ccf88f7abbf9aed,b614599204339618d194f819bccc42f3be33703b4f14af3e7816c1e8b2d1e8dd,0,0,739,0.313482,protocol_sensitivity_grouped10fold|air_quality_no2|r1|f8|rf
air_quality_no2,smote_r_rf,6976,739,8,4ab360b5d50d020b512033d92d30caf9c509758dc09b8b3222b49f7e7940e73f,857e529a5088994dcc964773518c49652809c6153b4f7ec8d3b4524e9a2f14aa,16f08f9979b5a5fac31bb8a135832f56efe47de48cf9f4d244b9ab0b40470bde,smote_r,4542,11518,0.5,0,0,0,0,0,,,,739,17.415444838600614,12.991361238900751,0.8643582285489755,361.8272639027109,105.47903133438577,138.78880656662966,125,614,0.16914749661705006,21.729399113040245,16.22063635662153,16.398744989511005,12.333935522752382,protocol_sensitivity_grouped10fold,main_10fold,Air Quality NO2,1,8,42,70500803,100,5d2ff3f6011e8da65278471104d1908d8670d81ce0c61b850ccf88f7abbf9aed,b614599204339618d194f819bccc42f3be33703b4f14af3e7816c1e8b2d1e8dd,0,0,739,1.09929,protocol_sensitivity_grouped10fold|air_quality_no2|r1|f8|smote_r_rf
air_quality_no2,smogn_rf,6976,739,8,4ab360b5d50d020b512033d92d30caf9c509758dc09b8b3222b49f7e7940e73f,857e529a5088994dcc964773518c49652809c6153b4f7ec8d3b4524e9a2f14aa,16f08f9979b5a5fac31bb8a135832f56efe47de48cf9f4d244b9ab0b40470bde,smogn,4542,11518,0.5,0,0,0,0,0,,,,739,17.52778199105348,12.993797096119332,0.8626026885568425,382.1229810255006,111.37999858864394,141.81354396964062,125,614,0.16914749661705006,22.53824343577433,16.8105942452339,16.320355061032757,12.216761845892423,protocol_sensitivity_grouped10fold,main_10fold,Air Quality NO2,1,8,42,70500804,100,5d2ff3f6011e8da65278471104d1908d8670d81ce0c61b850ccf88f7abbf9aed,b614599204339618d194f819bccc42f3be33703b4f14af3e7816c1e8b2d1e8dd,0,0,739,1.10687,protocol_sensitivity_grouped10fold|air_quality_no2|r1|f8|smogn_rf
air_quality_no2,relevance_weighted_rf,6976,739,8,4ab360b5d50d020b512033d92d30caf9c509758dc09b8b3222b49f7e7940e73f,857e529a5088994dcc964773518c49652809c6153b4f7ec8d3b4524e9a2f14aa,16f08f9979b5a5fac31bb8a135832f56efe47de48cf9f4d244b9ab0b40470bde,none,0,6976,0.1744552752293578,0,0,0,0,0,0.16831796571926882,1.0,3.366359314385376,739,17.492870899960057,13.006987986230799,0.8631494677370665,435.74799625189075,127.00921688925689,145.98333071366915,125,614,0.16914749661705006,25.391138847881976,19.70675246158467,15.396266938684558,11.643029420401426,protocol_sensitivity_grouped10fold,main_10fold,Air Quality NO2,1,8,42,70500805,100,5d2ff3f6011e8da65278471104d1908d8670d81ce0c61b850ccf88f7abbf9aed,b614599204339618d194f819bccc42f3be33703b4f14af3e7816c1e8b2d1e8dd,0,0,739,0.326218,protocol_sensitivity_grouped10fold|air_quality_no2|r1|f8|relevance_weighted_rf
air_quality_no2,ekk,6655,1060,8,e6a556e3878afd682a099c7fed06e9093b45d9fc77546e747eca548c7850cf53,d748c0f60152c0a3b752a6a2a1e00fac9e3c1cbcb618da10102b9203cdbe8dc5,331d00ac62bf4723edc78c91fc92d91c45221011cdc32891f476442808a09a6c,none,0,6655,0.1768595041322314,0,0,0,0,0,,,,1060,39.84172895409098,25.956814225800475,0.39841995446840284,3583.610372976697,1117.6046759620126,1151.2383981578666,211,849,0.19905660377358492,74.40946130254407,54.0838455789465,24.61355345228534,18.966468388917306,protocol_sensitivity_grouped10fold,main_10fold,Air Quality NO2,1,9,42,70500901,100,c19fc044067de360a2e5ec0d4efed63cb37a438e73050cc60c3a1402e66bbded,1216b1109ae7b4a9153500a7d247646d33e773678035c1ffcdfda3ee267b6818,0,0,739,0.039647,protocol_sensitivity_grouped10fold|air_quality_no2|r1|f9|ekk
air_quality_no2,rf,6655,1060,8,e6a556e3878afd682a099c7fed06e9093b45d9fc77546e747eca548c7850cf53,d748c0f60152c0a3b752a6a2a1e00fac9e3c1cbcb618da10102b9203cdbe8dc5,331d00ac62bf4723edc78c91fc92d91c45221011cdc32891f476442808a09a6c,none,0,6655,0.1768595041322314,0,0,0,0,0,,,,1060,40.184716379991706,23.79525240390769,0.3880176683641213,3816.7723192508015,1190.3615801893075,1211.2378219634502,211,849,0.19905660377358492,77.65344807243095,53.82860261305962,22.74863614111238,16.331133565119636,protocol_sensitivity_grouped10fold,main_10fold,Air Quality NO2,1,9,42,70500902,100,c19fc044067de360a2e5ec0d4efed63cb37a438e73050cc60c3a1402e66bbded,1216b1109ae7b4a9153500a7d247646d33e773678035c1ffcdfda3ee267b6818,0,0,739,0.335333,protocol_sensitivity_grouped10fold|air_quality_no2|r1|f9|rf
air_quality_no2,smote_r_rf,6655,1060,8,e6a556e3878afd682a099c7fed06e9093b45d9fc77546e747eca548c7850cf53,d748c0f60152c0a3b752a6a2a1e00fac9e3c1cbcb618da10102b9203cdbe8dc5,331d00ac62bf4723edc78c91fc92d91c45221011cdc32891f476442808a09a6c,smote_r,4301,10956,0.5,0,0,0,0,0,,,,1060,40.51298979103826,24.044460212080523,0.37797812483688287,3831.300647767525,1194.8899336055,1228.6611829355934,211,849,0.19905660377358492,77.59930780522525,52.6843670125956,23.508808204588963,16.92665063032707,protocol_sensitivity_grouped10fold,main_10fold,Air Quality NO2,1,9,42,70500903,100,c19fc044067de360a2e5ec0d4efed63cb37a438e73050cc60c3a1402e66bbded,1216b1109ae7b4a9153500a7d247646d33e773678035c1ffcdfda3ee267b6818,0,0,739,1.066964,protocol_sensitivity_grouped10fold|air_quality_no2|r1|f9|smote_r_rf
air_quality_no2,smogn_rf,6655,1060,8,e6a556e3878afd682a099c7fed06e9093b45d9fc77546e747eca548c7850cf53,d748c0f60152c0a3b752a6a2a1e00fac9e3c1cbcb618da10102b9203cdbe8dc5,331d00ac62bf4723edc78c91fc92d91c45221011cdc32891f476442808a09a6c,smogn,4301,10956,0.5,0,0,0,0,0,,,,1060,40.54317734571491,24.119663294621716,0.377050801760454,3842.2976181270524,1198.3042449495988,1230.3364384575962,211,849,0.19905660377358492,77.78505086956704,53.16046045818487,23.421062565239204,16.90222136115667,protocol_sensitivity_grouped10fold,main_10fold,Air Quality NO2,1,9,42,70500904,100,c19fc044067de360a2e5ec0d4efed63cb37a438e73050cc60c3a1402e66bbded,1216b1109ae7b4a9153500a7d247646d33e773678035c1ffcdfda3ee267b6818,0,0,739,1.049595,protocol_sensitivity_grouped10fold|air_quality_no2|r1|f9|smogn_rf
air_quality_no2,relevance_weighted_rf,6655,1060,8,e6a556e3878afd682a099c7fed06e9093b45d9fc77546e747eca548c7850cf53,d748c0f60152c0a3b752a6a2a1e00fac9e3c1cbcb618da10102b9203cdbe8dc5,331d00ac62bf4723edc78c91fc92d91c45221011cdc32891f476442808a09a6c,none,0,6655,0.1768595041322314,0,0,0,0,0,0.1675925512447068,1.0000000000000002,3.3518510248941356,1060,39.49579160165022,23.638347216841566,0.4088213868509234,3674.03136583037,1145.8340657461154,1169.0476141678876,211,849,0.19905660377358492,76.07662565382417,52.90642361293045,22.565643821644283,16.36442010309038,protocol_sensitivity_grouped10fold,main_10fold,Air Quality NO2,1,9,42,70500905,100,c19fc044067de360a2e5ec0d4efed63cb37a438e73050cc60c3a1402e66bbded,1216b1109ae7b4a9153500a7d247646d33e773678035c1ffcdfda3ee267b6818,0,0,739,0.312643,protocol_sensitivity_grouped10fold|air_quality_no2|r1|f9|relevance_weighted_rf
air_quality_no2,ekk,6976,739,8,99d5dfbfa0d9d585dff6df901173e2ba27a85792709620842db714420a422d96,6ca502fe420e1d31520b3e61266b6aa399700f86654e7cb6eefdbe18b916e48b,a755f290b4e8ae98c85fa43676007c4e4b4623fe76d1461f265fec179440341a,none,0,6976,0.17244839449541285,0,0,0,0,0,,,,739,23.43565807650738,17.632590290891564,0.7594831475640899,849.3866202516019,248.77075914388772,275.4427919996194,139,600,0.1880920162381597,33.795761343332885,25.08788304364994,20.29456770341755,15.905447469835876,protocol_sensitivity_grouped10fold,main_10fold,Air Quality NO2,1,10,42,70501001,100,09d68d06feca49079f0467bc95e8509338aec0bd6c1dae0958eea909817629d0,c20000ca1e9e7839c869a2558219e6540dcd355350038ad6eec9a8c8720f1795,0,0,739,0.023895,protocol_sensitivity_grouped10fold|air_quality_no2|r1|f10|ekk
air_quality_no2,rf,6976,739,8,99d5dfbfa0d9d585dff6df901173e2ba27a85792709620842db714420a422d96,6ca502fe420e1d31520b3e61266b6aa399700f86654e7cb6eefdbe18b916e48b,a755f290b4e8ae98c85fa43676007c4e4b4623fe76d1461f265fec179440341a,none,0,6976,0.17244839449541285,0,0,0,0,0,,,,739,16.745903764892148,12.504954942884801,0.8771971664689823,400.394899847535,117.2247024300687,132.23350384279286,139,600,0.1880920162381597,21.813473211623656,15.816338908294442,15.334832526598904,11.737817657564904,protocol_sensitivity_grouped10fold,main_10fold,Air Quality NO2,1,10,42,70501002,100,09d68d06feca49079f0467bc95e8509338aec0bd6c1dae0958eea909817629d0,c20000ca1e9e7839c869a2558219e6540dcd355350038ad6eec9a8c8720f1795,0,0,739,0.299902,protocol_sensitivity_grouped10fold|air_quality_no2|r1|f10|rf
air_quality_no2,smote_r_rf,6976,739,8,99d5dfbfa0d9d585dff6df901173e2ba27a85792709620842db714420a422d96,6ca502fe420e1d31520b3e61266b6aa399700f86654e7cb6eefdbe18b916e48b,a755f290b4e8ae98c85fa43676007c4e4b4623fe76d1461f265fec179440341a,smote_r,4570,11546,0.5,0,0,0,0,0,,,,739,16.953844434507886,12.504387336089493,0.874128446215718,364.02760819747573,106.57426125122332,129.29061272434484,139,600,0.1880920162381597,19.3630402513272,12.948044047674937,16.345130315543436,12.401606864572194,protocol_sensitivity_grouped10fold,main_10fold,Air Quality NO2,1,10,42,70501003,100,09d68d06feca49079f0467bc95e8509338aec0bd6c1dae0958eea909817629d0,c20000ca1e9e7839c869a2558219e6540dcd355350038ad6eec9a8c8720f1795,0,0,739,1.136452,protocol_sensitivity_grouped10fold|air_quality_no2|r1|f10|smote_r_rf
air_quality_no2,smogn_rf,6976,739,8,99d5dfbfa0d9d585dff6df901173e2ba27a85792709620842db714420a422d96,6ca502fe420e1d31520b3e61266b6aa399700f86654e7cb6eefdbe18b916e48b,a755f290b4e8ae98c85fa43676007c4e4b4623fe76d1461f265fec179440341a,smogn,4570,11546,0.5,0,0,0,0,0,,,,739,17.022999494941445,12.535343212721775,0.8730994868937595,377.3204837116289,110.4728253469241,133.43495545923244,139,600,0.1880920162381597,20.061455856329044,13.550013645506938,16.23817809383409,12.300277895793212,protocol_sensitivity_grouped10fold,main_10fold,Air Quality NO2,1,10,42,70501004,100,09d68d06feca49079f0467bc95e8509338aec0bd6c1dae0958eea909817629d0,c20000ca1e9e7839c869a2558219e6540dcd355350038ad6eec9a8c8720f1795,0,0,739,1.224925,protocol_sensitivity_grouped10fold|air_quality_no2|r1|f10|smogn_rf
air_quality_no2,relevance_weighted_rf,6976,739,8,99d5dfbfa0d9d585dff6df901173e2ba27a85792709620842db714420a422d96,6ca502fe420e1d31520b3e61266b6aa399700f86654e7cb6eefdbe18b916e48b,a755f290b4e8ae98c85fa43676007c4e4b4623fe76d1461f265fec179440341a,none,0,6976,0.17244839449541285,0,0,0,0,0,0.168395815985216,0.9999999999999999,3.3679163197043196,739,16.982009060182037,12.630643506305463,0.873709889836476,406.2845259560481,118.95767073227992,134.15894283952298,139,600,0.1880920162381597,21.903749979364328,15.95745542914301,15.62213047048564,11.859932077514769,protocol_sensitivity_grouped10fold,main_10fold,Air Quality NO2,1,10,42,70501005,100,09d68d06feca49079f0467bc95e8509338aec0bd6c1dae0958eea909817629d0,c20000ca1e9e7839c869a2558219e6540dcd355350038ad6eec9a8c8720f1795,0,0,739,0.33216,protocol_sensitivity_grouped10fold|air_quality_no2|r1|f10|relevance_weighted_rf
servo,ekk,150,17,12,d9af3428aa322e9c8791c25b12b1d505439ba258e67c0531ee11761479884046,ff74a975b9985612e961f25d5ab2184bb865a33901c89e4ab6cfc7409a91ede5,4da1efe2680c46ac2aa3083e29a056c9dabc1ab1d1762a705061e2f34fdd3c1f,none,0,150,0.2,0,0,0,0,0,,,,17,1.0382379400924575,0.9002081732785263,0.6325060584279489,1.8401569297647309,0.719736757614255,0.9815416062648978,4,13,0.23529411764705882,1.6570359779622055,1.6561978709986498,0.7515048193285078,0.6675959585954114,protocol_sensitivity_grouped10fold,main_10fold,Servo,1,1,42,70600101,100,9cd25aec4c303f211d45c7b582b846f52477d8ea5f3a5a7a60f553d5e694d0a4,dea0a47b543c15b903f23e255dde5b56710d2f37bb13b15770f5ea5ca7a5983e,0,0,17,0.016939,protocol_sensitivity_grouped10fold|servo|r1|f1|ekk
servo,rf,150,17,12,d9af3428aa322e9c8791c25b12b1d505439ba258e67c0531ee11761479884046,ff74a975b9985612e961f25d5ab2184bb865a33901c89e4ab6cfc7409a91ede5,4da1efe2680c46ac2aa3083e29a056c9dabc1ab1d1762a705061e2f34fdd3c1f,none,0,150,0.2,0,0,0,0,0,,,,17,0.41955916629397116,0.28320939778823595,0.9399873477200978,0.40692347758114517,0.1589980494561099,0.16056603598739755,4,13,0.23529411764705882,0.8082783040413659,0.7757970262500025,0.17080193910492203,0.13164397364615388,protocol_sensitivity_grouped10fold,main_10fold,Servo,1,1,42,70600102,100,9cd25aec4c303f211d45c7b582b846f52477d8ea5f3a5a7a60f553d5e694d0a4,dea0a47b543c15b903f23e255dde5b56710d2f37bb13b15770f5ea5ca7a5983e,0,0,17,0.126267,protocol_sensitivity_grouped10fold|servo|r1|f1|rf
servo,smote_r_rf,150,17,12,d9af3428aa322e9c8791c25b12b1d505439ba258e67c0531ee11761479884046,ff74a975b9985612e961f25d5ab2184bb865a33901c89e4ab6cfc7409a91ede5,4da1efe2680c46ac2aa3083e29a056c9dabc1ab1d1762a705061e2f34fdd3c1f,smote_r,90,240,0.5,0,0,0,0,0,,,,17,0.4298246107264249,0.2766800674873496,0.9370147365062574,0.40336372730570896,0.15758634644587433,0.16059470772836984,4,13,0.23529411764705882,0.7814069369035819,0.6043865710765732,0.2317739494885766,0.17584729715220382,protocol_sensitivity_grouped10fold,main_10fold,Servo,1,1,42,70600103,100,9cd25aec4c303f211d45c7b582b846f52477d8ea5f3a5a7a60f553d5e694d0a4,dea0a47b543c15b903f23e255dde5b56710d2f37bb13b15770f5ea5ca7a5983e,0,0,17,0.160897,protocol_sensitivity_grouped10fold|servo|r1|f1|smote_r_rf
servo,smogn_rf,150,17,12,d9af3428aa322e9c8791c25b12b1d505439ba258e67c0531ee11761479884046,ff74a975b9985612e961f25d5ab2184bb865a33901c89e4ab6cfc7409a91ede5,4da1efe2680c46ac2aa3083e29a056c9dabc1ab1d1762a705061e2f34fdd3c1f,smogn,90,240,0.5,0,0,0,0,0,,,,17,0.46340344844645637,0.27726733124233544,0.9267892398672836,0.49394396236192756,0.19303943913506086,0.1982345977162984,4,13,0.23529411764705882,0.8759941667312432,0.7027508835824163,0.21143533871657147,0.14634931513769517,protocol_sensitivity_grouped10fold,main_10fold,Servo,1,1,42,70600104,100,9cd25aec4c303f211d45c7b582b846f52477d8ea5f3a5a7a60f553d5e694d0a4,dea0a47b543c15b903f23e255dde5b56710d2f37bb13b15770f5ea5ca7a5983e,0,0,17,0.152806,protocol_sensitivity_grouped10fold|servo|r1|f1|smogn_rf
servo,relevance_weighted_rf,150,17,12,d9af3428aa322e9c8791c25b12b1d505439ba258e67c0531ee11761479884046,ff74a975b9985612e961f25d5ab2184bb865a33901c89e4ab6cfc7409a91ede5,4da1efe2680c46ac2aa3083e29a056c9dabc1ab1d1762a705061e2f34fdd3c1f,none,0,150,0.2,0,0,0,0,0,0.14279112891260712,0.9999999999999998,2.855822578252142,17,0.47854266562889447,0.308532959241177,0.9219275654448073,0.5516800060595752,0.2155989404018682,0.21807507253282984,4,13,0.23529411764705882,0.940583150002945,0.9233417583250025,0.1650794120753085,0.11936102106153837,protocol_sensitivity_grouped10fold,main_10fold,Servo,1,1,42,70600105,100,9cd25aec4c303f211d45c7b582b846f52477d8ea5f3a5a7a60f553d5e694d0a4,dea0a47b543c15b903f23e255dde5b56710d2f37bb13b15770f5ea5ca7a5983e,0,0,17,0.122165,protocol_sensitivity_grouped10fold|servo|r1|f1|relevance_weighted_rf
servo,ekk,150,17,12,0cc7d2c69cf4f3db4701a3df99f6c9d4705c2e6b5add9a843ab32106b20928d4,0ded5f4d148cb97d04250de95a5030b31b5f4ff7296add8f04252882c81089c1,bd44127718da8a994f2781fa04d98d85b81252b6d1917f1bd2bb8197bf949ec9,none,0,150,0.2,0,0,0,0,0,,,,17,1.4753721211844568,1.0501846043761975,0.4296261614011413,4.823137554351291,1.8149835640243457,2.0781918337671934,4,13,0.23529411764705882,2.720504332323762,2.44109372950237,0.7544592532552489,0.6222125658758368,protocol_sensitivity_grouped10fold,main_10fold,Servo,1,2,42,70600201,100,62103071e0c49e4a5dad019b2325c7e1353c250c6ef84747f0cddd4141fe2d03,d42a7ee574183e16cb8f5314b4765964362827c60fe76fc9dc0466c5f25464cb,0,0,17,0.016809,protocol_sensitivity_grouped10fold|servo|r1|f2|ekk
servo,rf,150,17,12,0cc7d2c69cf4f3db4701a3df99f6c9d4705c2e6b5add9a843ab32106b20928d4,0ded5f4d148cb97d04250de95a5030b31b5f4ff7296add8f04252882c81089c1,bd44127718da8a994f2781fa04d98d85b81252b6d1917f1bd2bb8197bf949ec9,none,0,150,0.2,0,0,0,0,0,,,,17,0.9698209002224484,0.5735315963176466,0.7535439234817379,2.2739893367275408,0.8552380898637089,0.8772559078371981,4,13,0.23529411764705882,1.8776404085704792,1.5733085347999989,0.38101683983114876,0.26590792293846155,protocol_sensitivity_grouped10fold,main_10fold,Servo,1,2,42,70600202,100,62103071e0c49e4a5dad019b2325c7e1353c250c6ef84747f0cddd4141fe2d03,d42a7ee574183e16cb8f5314b4765964362827c60fe76fc9dc0466c5f25464cb,0,0,17,0.108423,protocol_sensitivity_grouped10fold|servo|r1|f2|rf
servo,smote_r_rf,150,17,12,0cc7d2c69cf4f3db4701a3df99f6c9d4705c2e6b5add9a843ab32106b20928d4,0ded5f4d148cb97d04250de95a5030b31b5f4ff7296add8f04252882c81089c1,bd44127718da8a994f2781fa04d98d85b81252b6d1917f1bd2bb8197bf949ec9,smote_r,90,240,0.5,0,0,0,0,0,,,,17,0.7381678882912879,0.41825408111786383,0.8572202065692858,1.264453935122947,0.47557525056252054,0.4826633246642075,4,13,0.23529411764705882,1.3838951923224712,0.9574297671435779,0.3510969095718914,0.2523538700330288,protocol_sensitivity_grouped10fold,main_10fold,Servo,1,2,42,70600203,100,62103071e0c49e4a5dad019b2325c7e1353c250c6ef84747f0cddd4141fe2d03,d42a7ee574183e16cb8f5314b4765964362827c60fe76fc9dc0466c5f25464cb,0,0,17,0.109495,protocol_sensitivity_grouped10fold|servo|r1|f2|smote_r_rf
servo,smogn_rf,150,17,12,0cc7d2c69cf4f3db4701a3df99f6c9d4705c2e6b5add9a843ab32106b20928d4,0ded5f4d148cb97d04250de95a5030b31b5f4ff7296add8f04252882c81089c1,bd44127718da8a994f2781fa04d98d85b81252b6d1917f1bd2bb8197bf949ec9,smogn,90,240,0.5,0,0,0,0,0,,,,17,0.7365079502265799,0.42120285082633857,0.8578616301188051,1.2486479080375645,0.4696280486907791,0.48198246253029287,4,13,0.23529411764705882,1.37660040618493,0.9541390381760033,0.355336527324584,0.25722248548798016,protocol_sensitivity_grouped10fold,main_10fold,Servo,1,2,42,70600204,100,62103071e0c49e4a5dad019b2325c7e1353c250c6ef84747f0cddd4141fe2d03,d42a7ee574183e16cb8f5314b4765964362827c60fe76fc9dc0466c5f25464cb,0,0,17,0.130556,protocol_sensitivity_grouped10fold|servo|r1|f2|smogn_rf
servo,relevance_weighted_rf,150,17,12,0cc7d2c69cf4f3db4701a3df99f6c9d4705c2e6b5add9a843ab32106b20928d4,0ded5f4d148cb97d04250de95a5030b31b5f4ff7296add8f04252882c81089c1,bd44127718da8a994f2781fa04d98d85b81252b6d1917f1bd2bb8197bf949ec9,none,0,150,0.2,0,0,0,0,0,0.14185994564384086,1.0,2.837198912876817,17,0.9288267406477512,0.5712047765647058,0.7739388813902909,2.092328297719127,0.7869079695871705,0.797409720375207,4,13,0.23529411764705882,1.7962036780526929,1.5502313398749998,0.36803368660819374,0.26996583400769225,protocol_sensitivity_grouped10fold,main_10fold,Servo,1,2,42,70600205,100,62103071e0c49e4a5dad019b2325c7e1353c250c6ef84747f0cddd4141fe2d03,d42a7ee574183e16cb8f5314b4765964362827c60fe76fc9dc0466c5f25464cb,0,0,17,0.11045,protocol_sensitivity_grouped10fold|servo|r1|f2|relevance_weighted_rf
servo,ekk,150,17,12,6da62241c9e705c0cc766a35b845ec1e953d8fb5f6d4fcb85bd460e64474f83c,6be167687843cf8d1b701493a46bbfe9c8273437f8553a4bf53c5f6d7b2bef16,0fd13bdd7efa3cf106cb96ffe61b56c59749eb158a901ed1d623ddb2e9d89c03,none,0,150,0.2,0,0,0,0,0,,,,17,1.234878130068438,0.9994771375596943,0.4725035839147942,2.661095768431434,0.979067663237903,1.389782231661864,4,13,0.23529411764705882,1.9130953598061151,1.449680786152054,0.9316640410996508,0.8609529379928141,protocol_sensitivity_grouped10fold,main_10fold,Servo,1,3,42,70600301,100,e19fa8094188b938a6510ff74d8b389f447b01e907a02b447893de7c7fa87ef5,00ecec0c8f88489339a5ccd43e0aa09bfdf527ba28ff8db53c84c64c89f6464d,0,0,17,0.017089,protocol_sensitivity_grouped10fold|servo|r1|f3|ekk
servo,rf,150,17,12,6da62241c9e705c0cc766a35b845ec1e953d8fb5f6d4fcb85bd460e64474f83c,6be167687843cf8d1b701493a46bbfe9c8273437f8553a4bf53c5f6d7b2bef16,0fd13bdd7efa3cf106cb96ffe61b56c59749eb158a901ed1d623ddb2e9d89c03,none,0,150,0.2,0,0,0,0,0,,,,17,0.7626593211621165,0.34007449603529394,0.7987979136133428,1.5066029983366698,0.5539026998680212,0.5647221316039044,4,13,0.23529411764705882,1.5045288067260303,0.9081403212999988,0.2532267699982977,0.16528501133846174,protocol_sensitivity_grouped10fold,main_10fold,Servo,1,3,42,70600302,100,e19fa8094188b938a6510ff74d8b389f447b01e907a02b447893de7c7fa87ef5,00ecec0c8f88489339a5ccd43e0aa09bfdf527ba28ff8db53c84c64c89f6464d,0,0,17,0.106436,protocol_sensitivity_grouped10fold|servo|r1|f3|rf
servo,smote_r_rf,150,17,12,6da62241c9e705c0cc766a35b845ec1e953d8fb5f6d4fcb85bd460e64474f83c,6be167687843cf8d1b701493a46bbfe9c8273437f8553a4bf53c5f6d7b2bef16,0fd13bdd7efa3cf106cb96ffe61b56c59749eb158a901ed1d623ddb2e9d89c03,smote_r,90,240,0.5,0,0,0,0,0,,,,17,0.4736456182534983,0.2607485476108425,0.9223970264407922,0.5362629610324214,0.19719025635489612,0.2070270124155371,4,13,0.23529411764705882,0.8744464029620568,0.5806744540832425,0.2410165765332395,0.16230980715779636,protocol_sensitivity_grouped10fold,main_10fold,Servo,1,3,42,70600303,100,e19fa8094188b938a6510ff74d8b389f447b01e907a02b447893de7c7fa87ef5,00ecec0c8f88489339a5ccd43e0aa09bfdf527ba28ff8db53c84c64c89f6464d,0,0,17,0.121483,protocol_sensitivity_grouped10fold|servo|r1|f3|smote_r_rf
servo,smogn_rf,150,17,12,6da62241c9e705c0cc766a35b845ec1e953d8fb5f6d4fcb85bd460e64474f83c,6be167687843cf8d1b701493a46bbfe9c8273437f8553a4bf53c5f6d7b2bef16,0fd13bdd7efa3cf106cb96ffe61b56c59749eb158a901ed1d623ddb2e9d89c03,smogn,90,240,0.5,0,0,0,0,0,,,,17,0.634344555762734,0.28895193980341305,0.8608056047155599,1.0196038864138557,0.3748754722895949,0.38682390899651065,4,13,0.23529411764705882,1.227021129649415,0.6660921021132893,0.25089958944909874,0.1729088129388358,protocol_sensitivity_grouped10fold,main_10fold,Servo,1,3,42,70600304,100,e19fa8094188b938a6510ff74d8b389f447b01e907a02b447893de7c7fa87ef5,00ecec0c8f88489339a5ccd43e0aa09bfdf527ba28ff8db53c84c64c89f6464d,0,0,17,0.128822,protocol_sensitivity_grouped10fold|servo|r1|f3|smogn_rf
servo,relevance_weighted_rf,150,17,12,6da62241c9e705c0cc766a35b845ec1e953d8fb5f6d4fcb85bd460e64474f83c,6be167687843cf8d1b701493a46bbfe9c8273437f8553a4bf53c5f6d7b2bef16,0fd13bdd7efa3cf106cb96ffe61b56c59749eb158a901ed1d623ddb2e9d89c03,none,0,150,0.2,0,0,0,0,0,0.13876882976864643,1.0,2.775376595372929,17,0.6526957581124401,0.3383424889529414,0.8526354931073041,1.0372981967961394,0.3814274963062382,0.40912174733334394,4,13,0.23529411764705882,1.2164424305613428,0.7892481414500001,0.3190455776103745,0.19960228818461553,protocol_sensitivity_grouped10fold,main_10fold,Servo,1,3,42,70600305,100,e19fa8094188b938a6510ff74d8b389f447b01e907a02b447893de7c7fa87ef5,00ecec0c8f88489339a5ccd43e0aa09bfdf527ba28ff8db53c84c64c89f6464d,0,0,17,0.123556,protocol_sensitivity_grouped10fold|servo|r1|f3|relevance_weighted_rf
servo,ekk,150,17,12,cbf3d927aec968ccf0984f4076cbb22e103ad92e91deb6b18578690336851b1e,0eb25c5564640addae14e44703767eab85ed082a4ad829b2dc66ce6f4a1891b7,8845edb6623fd751a87479abc419b7b943d679ba00d5bf6a8e3e36508ada99e5,none,0,150,0.2,0,0,0,0,0,,,,17,1.1217973432320207,0.9496230252277376,0.40343654537394147,1.3824793835608815,0.5414177258489938,1.1725342617887324,4,13,0.23529411764705882,1.2262497331341609,1.0437306375095572,1.0876419134904345,0.9206668368333317,protocol_sensitivity_grouped10fold,main_10fold,Servo,1,4,42,70600401,100,35245bcfa5f53d15df610236b23e14b24d23d521605ced770ca7544527b494d1,561fb5f3406c012d3708963abec14b7c706b6858e228d3d3484c41991b08bf94,0,0,17,0.017531,protocol_sensitivity_grouped10fold|servo|r1|f4|ekk
servo,rf,150,17,12,cbf3d927aec968ccf0984f4076cbb22e103ad92e91deb6b18578690336851b1e,0eb25c5564640addae14e44703767eab85ed082a4ad829b2dc66ce6f4a1891b7,8845edb6623fd751a87479abc419b7b943d679ba00d5bf6a8e3e36508ada99e5,none,0,150,0.2,0,0,0,0,0,,,,17,0.5956375831208126,0.43853139781176403,0.831813157896226,0.4494512204074437,0.17596853608045074,0.284166837829656,4,13,0.23529411764705882,0.7782019036443963,0.707400823049998,0.5268876252907622,0.35580234389230736,protocol_sensitivity_grouped10fold,main_10fold,Servo,1,4,42,70600402,100,35245bcfa5f53d15df610236b23e14b24d23d521605ced770ca7544527b494d1,561fb5f3406c012d3708963abec14b7c706b6858e228d3d3484c41991b08bf94,0,0,17,0.107174,protocol_sensitivity_grouped10fold|servo|r1|f4|rf
servo,smote_r_rf,150,17,12,cbf3d927aec968ccf0984f4076cbb22e103ad92e91deb6b18578690336851b1e,0eb25c5564640addae14e44703767eab85ed082a4ad829b2dc66ce6f4a1891b7,8845edb6623fd751a87479abc419b7b943d679ba00d5bf6a8e3e36508ada99e5,smote_r,90,240,0.5,0,0,0,0,0,,,,17,0.6932659963831718,0.5030917933769032,0.7721612290114794,0.5838337831493221,0.22843982426232726,0.4288815701436733,4,13,0.23529411764705882,0.9203362515564233,0.8592940412516707,0.6065302545490825,0.3934911017231287,protocol_sensitivity_grouped10fold,main_10fold,Servo,1,4,42,70600403,100,35245bcfa5f53d15df610236b23e14b24d23d521605ced770ca7544527b494d1,561fb5f3406c012d3708963abec14b7c706b6858e228d3d3484c41991b08bf94,0,0,17,0.129206,protocol_sensitivity_grouped10fold|servo|r1|f4|smote_r_rf
servo,smogn_rf,150,17,12,cbf3d927aec968ccf0984f4076cbb22e103ad92e91deb6b18578690336851b1e,0eb25c5564640addae14e44703767eab85ed082a4ad829b2dc66ce6f4a1891b7,8845edb6623fd751a87479abc419b7b943d679ba00d5bf6a8e3e36508ada99e5,smogn,90,240,0.5,0,0,0,0,0,,,,17,0.6714507769145704,0.48775743467180055,0.7862745736430268,0.5889677700767186,0.2306205443787345,0.39625680440119115,4,13,0.23529411764705882,0.9246254570161625,0.8657913537669729,0.5714122542422465,0.3714393057194399,protocol_sensitivity_grouped10fold,main_10fold,Servo,1,4,42,70600404,100,35245bcfa5f53d15df610236b23e14b24d23d521605ced770ca7544527b494d1,561fb5f3406c012d3708963abec14b7c706b6858e228d3d3484c41991b08bf94,0,0,17,0.120756,protocol_sensitivity_grouped10fold|servo|r1|f4|smogn_rf
servo,relevance_weighted_rf,150,17,12,cbf3d927aec968ccf0984f4076cbb22e103ad92e91deb6b18578690336851b1e,0eb25c5564640addae14e44703767eab85ed082a4ad829b2dc66ce6f4a1891b7,8845edb6623fd751a87479abc419b7b943d679ba00d5bf6a8e3e36508ada99e5,none,0,150,0.2,0,0,0,0,0,0.13993127814933873,1.0,2.7986255629867745,17,0.7864912317481478,0.5473948959058819,0.7067651380386175,0.79273215780847,0.3103727062240461,0.5795526115643789,4,13,0.23529411764705882,1.056921843147208,0.9257423218749982,0.6820404144013221,0.43098030329999976,protocol_sensitivity_grouped10fold,main_10fold,Servo,1,4,42,70600405,100,35245bcfa5f53d15df610236b23e14b24d23d521605ced770ca7544527b494d1,561fb5f3406c012d3708963abec14b7c706b6858e228d3d3484c41991b08bf94,0,0,17,0.103657,protocol_sensitivity_grouped10fold|servo|r1|f4|relevance_weighted_rf
servo,ekk,150,17,12,9e09352424ec537c7e61d7d5f752ac64ab03295a37c907ceb2b2c697dd304f73,f51feb402c4b0c0cd0bad6b4bded4466b3d659dc591c7f4f6c9e959492ae22a2,b457f00123b6cd2b2c7b0959ff4383adb37a67d5e12a4195789fbdaf95b694c8,none,0,150,0.20666666666666667,0,0,0,0,0,,,,17,0.9095492762268925,0.7997906561786806,0.5363027746318418,1.4377565801039196,0.4501743666751211,0.6422799907192189,3,14,0.17647058823529413,1.467046672943218,1.4664228488792947,0.7371315175472611,0.6569409005999776,protocol_sensitivity_grouped10fold,main_10fold,Servo,1,5,42,70600501,100,c5f48cd012cd439dcca70129c06545a00cbee7d1b54e45ea3c1cb53adcc06c1d,06878eaadd4348d1af6ab9a661da43d5729ed3ed5c731a5734378ee102ac9c56,0,0,17,0.017022,protocol_sensitivity_grouped10fold|servo|r1|f5|ekk
servo,rf,150,17,12,9e09352424ec537c7e61d7d5f752ac64ab03295a37c907ceb2b2c697dd304f73,f51feb402c4b0c0cd0bad6b4bded4466b3d659dc591c7f4f6c9e959492ae22a2,b457f00123b6cd2b2c7b0959ff4383adb37a67d5e12a4195789fbdaf95b694c8,none,0,150,0.20666666666666667,0,0,0,0,0,,,,17,0.663182818166602,0.4545472101058827,0.7534820407528644,1.161071423023555,0.36350403824513305,0.3785686974432271,3,14,0.17647058823529413,1.4169742417672402,1.292022178700001,0.32219632987603347,0.2750882882642859,protocol_sensitivity_grouped10fold,main_10fold,Servo,1,5,42,70600502,100,c5f48cd012cd439dcca70129c06545a00cbee7d1b54e45ea3c1cb53adcc06c1d,06878eaadd4348d1af6ab9a661da43d5729ed3ed5c731a5734378ee102ac9c56,0,0,17,0.10035,protocol_sensitivity_grouped10fold|servo|r1|f5|rf
servo,smote_r_rf,150,17,12,9e09352424ec537c7e61d7d5f752ac64ab03295a37c907ceb2b2c697dd304f73,f51feb402c4b0c0cd0bad6b4bded4466b3d659dc591c7f4f6c9e959492ae22a2,b457f00123b6cd2b2c7b0959ff4383adb37a67d5e12a4195789fbdaf95b694c8,smote_r,88,238,0.5,0,0,0,0,0,,,,17,0.5860997274263202,0.428702086786135,0.8074581808215151,0.6990254614375703,0.21902107399755,0.2636422402732208,3,14,0.17647058823529413,1.0845569770687231,0.9045349011686721,0.40628347148188276,0.32673791227559124,protocol_sensitivity_grouped10fold,main_10fold,Servo,1,5,42,70600503,100,c5f48cd012cd439dcca70129c06545a00cbee7d1b54e45ea3c1cb53adcc06c1d,06878eaadd4348d1af6ab9a661da43d5729ed3ed5c731a5734378ee102ac9c56,0,0,17,0.109692,protocol_sensitivity_grouped10fold|servo|r1|f5|smote_r_rf
servo,smogn_rf,150,17,12,9e09352424ec537c7e61d7d5f752ac64ab03295a37c907ceb2b2c697dd304f73,f51feb402c4b0c0cd0bad6b4bded4466b3d659dc591c7f4f6c9e959492ae22a2,b457f00123b6cd2b2c7b0959ff4383adb37a67d5e12a4195789fbdaf95b694c8,smogn,88,238,0.5,0,0,0,0,0,,,,17,0.6435150417766922,0.4607728896655626,0.7678870145895746,0.9111610393667047,0.28530326462841094,0.3302540253141463,3,14,0.17647058823529413,1.2400987794567497,1.0400647590179417,0.41630709856754805,0.3366389176614814,protocol_sensitivity_grouped10fold,main_10fold,Servo,1,5,42,70600504,100,c5f48cd012cd439dcca70129c06545a00cbee7d1b54e45ea3c1cb53adcc06c1d,06878eaadd4348d1af6ab9a661da43d5729ed3ed5c731a5734378ee102ac9c56,0,0,17,0.119651,protocol_sensitivity_grouped10fold|servo|r1|f5|smogn_rf
servo,relevance_weighted_rf,150,17,12,9e09352424ec537c7e61d7d5f752ac64ab03295a37c907ceb2b2c697dd304f73,f51feb402c4b0c0cd0bad6b4bded4466b3d659dc591c7f4f6c9e959492ae22a2,b457f00123b6cd2b2c7b0959ff4383adb37a67d5e12a4195789fbdaf95b694c8,none,0,150,0.20666666666666667,0,0,0,0,0,0.14562134838609495,1.0,2.912426967721899,17,0.7060165669147881,0.46837409367647065,0.7206093834453313,1.219834421926307,0.38198068439730426,0.42311244560826866,3,14,0.17647058823529413,1.4507244158086159,1.1951023190666672,0.39279271932977317,0.3126466168071428,protocol_sensitivity_grouped10fold,main_10fold,Servo,1,5,42,70600505,100,c5f48cd012cd439dcca70129c06545a00cbee7d1b54e45ea3c1cb53adcc06c1d,06878eaadd4348d1af6ab9a661da43d5729ed3ed5c731a5734378ee102ac9c56,0,0,17,0.1104,protocol_sensitivity_grouped10fold|servo|r1|f5|relevance_weighted_rf
servo,ekk,150,17,12,73939458f4952f9cb453b944685442ab3e37f31e40e453ce03838010cc7e7589,e44592359dfdea33696c1494d51d9dd55274140322b90686b7958199b09f4eba,ef0373a30176de8ac4033885f20409bd39338f7a387b7d19da5f253dffaad78f,none,0,150,0.20666666666666667,0,0,0,0,0,,,,17,0.9712773808359293,0.7822832125520688,0.3597672625698852,1.4615192214133224,0.5041842890540488,0.8383680170825795,3,14,0.17647058823529413,1.5182999080089905,1.3309454900665794,0.8071887691647217,0.6647127245132449,protocol_sensitivity_grouped10fold,main_10fold,Servo,1,6,42,70600601,100,c213c443c7781256d0f2127fc615547f40cc2121a79a801175f1bb4eaabc275b,66d930350a58799d288ee1b361c2604b75079754e826db890ead9660a5e5ac68,0,0,17,0.017225,protocol_sensitivity_grouped10fold|servo|r1|f6|ekk
servo,rf,150,17,12,73939458f4952f9cb453b944685442ab3e37f31e40e453ce03838010cc7e7589,e44592359dfdea33696c1494d51d9dd55274140322b90686b7958199b09f4eba,ef0373a30176de8ac4033885f20409bd39338f7a387b7d19da5f253dffaad78f,none,0,150,0.20666666666666667,0,0,0,0,0,,,,17,0.6026492921874238,0.43049570981176466,0.753520599434064,0.7802439692761552,0.2692539512900024,0.29038013165174714,3,14,0.17647058823529413,1.162576546606085,0.9961258454999998,0.3890842911983449,0.30928925216428566,protocol_sensitivity_grouped10fold,main_10fold,Servo,1,6,42,70600602,100,c213c443c7781256d0f2127fc615547f40cc2121a79a801175f1bb4eaabc275b,66d930350a58799d288ee1b361c2604b75079754e826db890ead9660a5e5ac68,0,0,17,0.105196,protocol_sensitivity_grouped10fold|servo|r1|f6|rf
servo,smote_r_rf,150,17,12,73939458f4952f9cb453b944685442ab3e37f31e40e453ce03838010cc7e7589,e44592359dfdea33696c1494d51d9dd55274140322b90686b7958199b09f4eba,ef0373a30176de8ac4033885f20409bd39338f7a387b7d19da5f253dffaad78f,smote_r,88,238,0.5,0,0,0,0,0,,,,17,0.6230453013718741,0.4953758139921289,0.7365546254464721,0.6974474565278164,0.24046090953157212,0.3096610736899531,3,14,0.17647058823529413,1.0425487083446372,0.9355122076033783,0.48832287187397605,0.40106087250400396,protocol_sensitivity_grouped10fold,main_10fold,Servo,1,6,42,70600603,100,c213c443c7781256d0f2127fc615547f40cc2121a79a801175f1bb4eaabc275b,66d930350a58799d288ee1b361c2604b75079754e826db890ead9660a5e5ac68,0,0,17,0.119354,protocol_sensitivity_grouped10fold|servo|r1|f6|smote_r_rf
servo,smogn_rf,150,17,12,73939458f4952f9cb453b944685442ab3e37f31e40e453ce03838010cc7e7589,e44592359dfdea33696c1494d51d9dd55274140322b90686b7958199b09f4eba,ef0373a30176de8ac4033885f20409bd39338f7a387b7d19da5f253dffaad78f,smogn,88,238,0.5,0,0,0,0,0,,,,17,0.7044301515682331,0.523826809233477,0.6632348046269262,1.0763072229982502,0.3711644586599875,0.42608103886376664,3,14,0.17647058823529413,1.3576901200371663,1.2677233686763967,0.45558470024118775,0.36442040363856576,protocol_sensitivity_grouped10fold,main_10fold,Servo,1,6,42,70600604,100,c213c443c7781256d0f2127fc615547f40cc2121a79a801175f1bb4eaabc275b,66d930350a58799d288ee1b361c2604b75079754e826db890ead9660a5e5ac68,0,0,17,0.119368,protocol_sensitivity_grouped10fold|servo|r1|f6|smogn_rf
servo,relevance_weighted_rf,150,17,12,73939458f4952f9cb453b944685442ab3e37f31e40e453ce03838010cc7e7589,e44592359dfdea33696c1494d51d9dd55274140322b90686b7958199b09f4eba,ef0373a30176de8ac4033885f20409bd39338f7a387b7d19da5f253dffaad78f,none,0,150,0.20666666666666667,0,0,0,0,0,0.13907608618664855,0.9999999999999997,2.7815217237329706,17,0.5430844923440837,0.39945177929999975,0.7998359263288706,0.6106881713545739,0.21057282818398104,0.24316835026262695,3,14,0.17647058823529413,1.0290278794971501,0.9500647061666658,0.3622644938115488,0.2814632949714285,protocol_sensitivity_grouped10fold,main_10fold,Servo,1,6,42,70600605,100,c213c443c7781256d0f2127fc615547f40cc2121a79a801175f1bb4eaabc275b,66d930350a58799d288ee1b361c2604b75079754e826db890ead9660a5e5ac68,0,0,17,0.104214,protocol_sensitivity_grouped10fold|servo|r1|f6|relevance_weighted_rf
servo,ekk,150,17,12,e827936e738880f4704bec78487fdae21b9634f3f9d13d84a13edb72fef29dce,743a7c73744a2cd56c3656fdcd651f5e4cc037323094b4f9c542938852b6f47b,33ddb4f43caeedb3f355f565ca082158b3dc84ed35ef59f1b558c7005872e123,none,0,150,0.20666666666666667,0,0,0,0,0,,,,17,1.0335000183926948,0.9227755807928584,0.3484151683947043,1.1914638433362998,0.3536644156216001,0.9251220948231602,3,14,0.17647058823529413,1.078355215223346,0.9750267739059356,1.0236325019159793,0.911578896554342,protocol_sensitivity_grouped10fold,main_10fold,Servo,1,7,42,70600701,100,dfbc4e70db6ad23976e0cc13acf719767ca490bf30dc7f47312927789c2bc63f,30d35d0f69ed591465eebdc3794abb204a4db6a7114e91033ba2c3a2f35b8993,0,0,17,0.016794,protocol_sensitivity_grouped10fold|servo|r1|f7|ekk
servo,rf,150,17,12,e827936e738880f4704bec78487fdae21b9634f3f9d13d84a13edb72fef29dce,743a7c73744a2cd56c3656fdcd651f5e4cc037323094b4f9c542938852b6f47b,33ddb4f43caeedb3f355f565ca082158b3dc84ed35ef59f1b558c7005872e123,none,0,150,0.20666666666666667,0,0,0,0,0,,,,17,0.5845117573877563,0.42392474761176496,0.791581391955891,0.6245952103780953,0.18534020554429542,0.22817816264675383,3,14,0.17647058823529413,0.9118109389236397,0.860973612733333,0.48652707617316104,0.33027141937142895,protocol_sensitivity_grouped10fold,main_10fold,Servo,1,7,42,70600702,100,dfbc4e70db6ad23976e0cc13acf719767ca490bf30dc7f47312927789c2bc63f,30d35d0f69ed591465eebdc3794abb204a4db6a7114e91033ba2c3a2f35b8993,0,0,17,0.119599,protocol_sensitivity_grouped10fold|servo|r1|f7|rf
servo,smote_r_rf,150,17,12,e827936e738880f4704bec78487fdae21b9634f3f9d13d84a13edb72fef29dce,743a7c73744a2cd56c3656fdcd651f5e4cc037323094b4f9c542938852b6f47b,33ddb4f43caeedb3f355f565ca082158b3dc84ed35ef59f1b558c7005872e123,smote_r,88,238,0.5,0,0,0,0,0,,,,17,0.5541058914396344,0.3826675044287866,0.8127009718952984,0.4278517315606935,0.12685141883190487,0.2083383866183544,3,14,0.17647058823529413,0.781334922552866,0.624318271806942,0.49194322975143495,0.33088519713346765,protocol_sensitivity_grouped10fold,main_10fold,Servo,1,7,42,70600703,100,dfbc4e70db6ad23976e0cc13acf719767ca490bf30dc7f47312927789c2bc63f,30d35d0f69ed591465eebdc3794abb204a4db6a7114e91033ba2c3a2f35b8993,0,0,17,0.11839,protocol_sensitivity_grouped10fold|servo|r1|f7|smote_r_rf
servo,smogn_rf,150,17,12,e827936e738880f4704bec78487fdae21b9634f3f9d13d84a13edb72fef29dce,743a7c73744a2cd56c3656fdcd651f5e4cc037323094b4f9c542938852b6f47b,33ddb4f43caeedb3f355f565ca082158b3dc84ed35ef59f1b558c7005872e123,smogn,88,238,0.5,0,0,0,0,0,,,,17,0.5251313286274902,0.3808459218742714,0.8317768173235975,0.4301658563131431,0.12735655182197608,0.20179393162840892,3,14,0.17647058823529413,0.776534278858919,0.6602704941349798,0.4534749205913329,0.32096922781840537,protocol_sensitivity_grouped10fold,main_10fold,Servo,1,7,42,70600704,100,dfbc4e70db6ad23976e0cc13acf719767ca490bf30dc7f47312927789c2bc63f,30d35d0f69ed591465eebdc3794abb204a4db6a7114e91033ba2c3a2f35b8993,0,0,17,0.108776,protocol_sensitivity_grouped10fold|servo|r1|f7|smogn_rf
servo,relevance_weighted_rf,150,17,12,e827936e738880f4704bec78487fdae21b9634f3f9d13d84a13edb72fef29dce,743a7c73744a2cd56c3656fdcd651f5e4cc037323094b4f9c542938852b6f47b,33ddb4f43caeedb3f355f565ca082158b3dc84ed35ef59f1b558c7005872e123,none,0,150,0.20666666666666667,0,0,0,0,0,0.14487157831689507,1.0,2.897431566337901,17,0.47544980838843587,0.358854793476471,0.862101563628291,0.4764172947123524,0.14124472448137826,0.16793899704505383,3,14,0.17647058823529413,0.8694205647239572,0.828826837633334,0.33543324755854753,0.25814649830000025,protocol_sensitivity_grouped10fold,main_10fold,Servo,1,7,42,70600705,100,dfbc4e70db6ad23976e0cc13acf719767ca490bf30dc7f47312927789c2bc63f,30d35d0f69ed591465eebdc3794abb204a4db6a7114e91033ba2c3a2f35b8993,0,0,17,0.109258,protocol_sensitivity_grouped10fold|servo|r1|f7|relevance_weighted_rf
servo,ekk,151,16,12,afb09361aaa8917ee768b2b3d04f658fa011dd371e99d80d1f3d64e2e69569e1,0269111467860b5f0bb06e2c19426537be8aa4f460578c05fe71b581ae9fdf45,af7c1d84df8f3323f27776c7eef758be2d7fe7aea337f40abad9ba6e398802e8,none,0,151,0.2052980132450331,0,0,0,0,0,,,,16,1.049001328932118,0.9411633437221492,0.5462607219646315,1.3964014031718441,0.47160687365503495,0.938287880509927,3,13,0.1875,1.4056309112489256,1.3789442910152647,0.9478342046535575,0.8401369712698916,protocol_sensitivity_grouped10fold,main_10fold,Servo,1,8,42,70600801,100,b5a08d3af0b968a3c0924aaadd4ce37eee1fc44b1283c2e90d433bd88d2ff954,2daee3b991723bd73da792e4042fc7c34c8151a8a27cbca67b44983ed4a40722,0,0,16,0.017195,protocol_sensitivity_grouped10fold|servo|r1|f8|ekk
servo,rf,151,16,12,afb09361aaa8917ee768b2b3d04f658fa011dd371e99d80d1f3d64e2e69569e1,0269111467860b5f0bb06e2c19426537be8aa4f460578c05fe71b581ae9fdf45,af7c1d84df8f3323f27776c7eef758be2d7fe7aea337f40abad9ba6e398802e8,none,0,151,0.2052980132450331,0,0,0,0,0,,,,16,0.6064006556314696,0.40207537868750065,0.8483740191519429,0.774116665459724,0.261623616277422,0.332015831849526,3,13,0.1875,1.0628212140641229,0.9212211258333367,0.43807105879598074,0.28227251396153846,protocol_sensitivity_grouped10fold,main_10fold,Servo,1,8,42,70600802,100,b5a08d3af0b968a3c0924aaadd4ce37eee1fc44b1283c2e90d433bd88d2ff954,2daee3b991723bd73da792e4042fc7c34c8151a8a27cbca67b44983ed4a40722,0,0,16,0.122116,protocol_sensitivity_grouped10fold|servo|r1|f8|rf
servo,smote_r_rf,151,16,12,afb09361aaa8917ee768b2b3d04f658fa011dd371e99d80d1f3d64e2e69569e1,0269111467860b5f0bb06e2c19426537be8aa4f460578c05fe71b581ae9fdf45,af7c1d84df8f3323f27776c7eef758be2d7fe7aea337f40abad9ba6e398802e8,smote_r,89,240,0.5,0,0,0,0,0,,,,16,0.7260170387249976,0.4268645729803622,0.7826558650187253,0.7415481593396966,0.2511483039701647,0.48738911446137756,3,13,0.1875,0.776154124473129,0.6937044143540656,0.7139471093044468,0.365286148047969,protocol_sensitivity_grouped10fold,main_10fold,Servo,1,8,42,70600803,100,b5a08d3af0b968a3c0924aaadd4ce37eee1fc44b1283c2e90d433bd88d2ff954,2daee3b991723bd73da792e4042fc7c34c8151a8a27cbca67b44983ed4a40722,0,0,16,0.132304,protocol_sensitivity_grouped10fold|servo|r1|f8|smote_r_rf
servo,smogn_rf,151,16,12,afb09361aaa8917ee768b2b3d04f658fa011dd371e99d80d1f3d64e2e69569e1,0269111467860b5f0bb06e2c19426537be8aa4f460578c05fe71b581ae9fdf45,af7c1d84df8f3323f27776c7eef758be2d7fe7aea337f40abad9ba6e398802e8,smogn,89,240,0.5,0,0,0,0,0,,,,16,0.6478825787159398,0.4369940393125982,0.8269199933779112,0.6141455211334466,0.20785734355087115,0.3565372557416513,3,13,0.1875,0.7935273112646674,0.6312538566673064,0.6093484914037954,0.39216485069228096,protocol_sensitivity_grouped10fold,main_10fold,Servo,1,8,42,70600804,100,b5a08d3af0b968a3c0924aaadd4ce37eee1fc44b1283c2e90d433bd88d2ff954,2daee3b991723bd73da792e4042fc7c34c8151a8a27cbca67b44983ed4a40722,0,0,16,0.120777,protocol_sensitivity_grouped10fold|servo|r1|f8|smogn_rf
servo,relevance_weighted_rf,151,16,12,afb09361aaa8917ee768b2b3d04f658fa011dd371e99d80d1f3d64e2e69569e1,0269111467860b5f0bb06e2c19426537be8aa4f460578c05fe71b581ae9fdf45,af7c1d84df8f3323f27776c7eef758be2d7fe7aea337f40abad9ba6e398802e8,none,0,151,0.2052980132450331,0,0,0,0,0,0.14308381162491537,1.0,2.8616762324983074,16,0.6500001455182082,0.4199538568000005,0.8257867403962253,0.765059352198606,0.2587486439531335,0.3794444145495573,3,13,0.1875,0.986245929422212,0.8078654853333367,0.5436316574577525,0.33043578867692297,protocol_sensitivity_grouped10fold,main_10fold,Servo,1,8,42,70600805,100,b5a08d3af0b968a3c0924aaadd4ce37eee1fc44b1283c2e90d433bd88d2ff954,2daee3b991723bd73da792e4042fc7c34c8151a8a27cbca67b44983ed4a40722,0,0,16,0.111219,protocol_sensitivity_grouped10fold|servo|r1|f8|relevance_weighted_rf
servo,ekk,151,16,12,40438a752ac4827dff969ae2cfafab53d6a6fee81c7f8c06eee546cc990b3657,7ace9d1e238598b9b47630793d5ff80cf781950354e876b70883afb09e9e7929,72b25cb2de6f48805191df090c963e62419a2edcd35f96bcf0b7356bde1cdd97,none,0,151,0.2052980132450331,0,0,0,0,0,,,,16,0.9976490320899377,0.8225282036190764,0.5531899758199216,1.6625624910719852,0.5869929355565607,0.8550107556985412,3,13,0.1875,1.654171976106176,1.6483241392294445,0.7704146076613952,0.6319599107859145,protocol_sensitivity_grouped10fold,main_10fold,Servo,1,9,42,70600901,100,462827ab84cb2ae27c62aa8254d726ae720d3e5edd0c5ed9092e539c69122938,f99d8bc666625a810efc0b899252ad038df6af1b580d006815732082d50a4c04,0,0,16,0.017403,protocol_sensitivity_grouped10fold|servo|r1|f9|ekk
servo,rf,151,16,12,40438a752ac4827dff969ae2cfafab53d6a6fee81c7f8c06eee546cc990b3657,7ace9d1e238598b9b47630793d5ff80cf781950354e876b70883afb09e9e7929,72b25cb2de6f48805191df090c963e62419a2edcd35f96bcf0b7356bde1cdd97,none,0,151,0.2052980132450331,0,0,0,0,0,,,,16,0.5333083726834041,0.35174153014999987,0.8723196275805605,0.7130771385548877,0.25146563077553724,0.2527461190010606,3,13,0.1875,1.137161109476155,1.0335191535999995,0.22723741553924326,0.19440823243076918,protocol_sensitivity_grouped10fold,main_10fold,Servo,1,9,42,70600902,100,462827ab84cb2ae27c62aa8254d726ae720d3e5edd0c5ed9092e539c69122938,f99d8bc666625a810efc0b899252ad038df6af1b580d006815732082d50a4c04,0,0,16,0.10782,protocol_sensitivity_grouped10fold|servo|r1|f9|rf
servo,smote_r_rf,151,16,12,40438a752ac4827dff969ae2cfafab53d6a6fee81c7f8c06eee546cc990b3657,7ace9d1e238598b9b47630793d5ff80cf781950354e876b70883afb09e9e7929,72b25cb2de6f48805191df090c963e62419a2edcd35f96bcf0b7356bde1cdd97,smote_r,89,240,0.5,0,0,0,0,0,,,,16,0.5457084905758627,0.38554708019342604,0.8663131289404138,0.6440419894735027,0.2271544836462122,0.23617648213125988,3,13,0.1875,1.0605714687589416,0.9785948542732875,0.32702959004545595,0.24868990155961182,protocol_sensitivity_grouped10fold,main_10fold,Servo,1,9,42,70600903,100,462827ab84cb2ae27c62aa8254d726ae720d3e5edd0c5ed9092e539c69122938,f99d8bc666625a810efc0b899252ad038df6af1b580d006815732082d50a4c04,0,0,16,0.119694,protocol_sensitivity_grouped10fold|servo|r1|f9|smote_r_rf
servo,smogn_rf,151,16,12,40438a752ac4827dff969ae2cfafab53d6a6fee81c7f8c06eee546cc990b3657,7ace9d1e238598b9b47630793d5ff80cf781950354e876b70883afb09e9e7929,72b25cb2de6f48805191df090c963e62419a2edcd35f96bcf0b7356bde1cdd97,smogn,89,240,0.5,0,0,0,0,0,,,,16,0.5397617655862118,0.36797175893430034,0.8692108936501388,0.6925411747561478,0.24415699220639542,0.24610917739127444,3,13,0.1875,1.1114225332031802,1.0975549655355485,0.27113778437207803,0.1996064035647815,protocol_sensitivity_grouped10fold,main_10fold,Servo,1,9,42,70600904,100,462827ab84cb2ae27c62aa8254d726ae720d3e5edd0c5ed9092e539c69122938,f99d8bc666625a810efc0b899252ad038df6af1b580d006815732082d50a4c04,0,0,16,0.121003,protocol_sensitivity_grouped10fold|servo|r1|f9|smogn_rf
servo,relevance_weighted_rf,151,16,12,40438a752ac4827dff969ae2cfafab53d6a6fee81c7f8c06eee546cc990b3657,7ace9d1e238598b9b47630793d5ff80cf781950354e876b70883afb09e9e7929,72b25cb2de6f48805191df090c963e62419a2edcd35f96bcf0b7356bde1cdd97,none,0,151,0.2052980132450331,0,0,0,0,0,0.14397640073693813,1.0000000000000002,2.8795280147387627,16,0.5859464423616253,0.36059686907500005,0.8458714189001573,0.8787930103969955,0.3098453899243795,0.3106227610631854,3,13,0.1875,1.265585571460946,1.1861648332999999,0.2300854719094858,0.17008118502307704,protocol_sensitivity_grouped10fold,main_10fold,Servo,1,9,42,70600905,100,462827ab84cb2ae27c62aa8254d726ae720d3e5edd0c5ed9092e539c69122938,f99d8bc666625a810efc0b899252ad038df6af1b580d006815732082d50a4c04,0,0,16,0.111208,protocol_sensitivity_grouped10fold|servo|r1|f9|relevance_weighted_rf
servo,ekk,151,16,12,0f2df5cd281a6685febbdcbb256035a8e761252020b2f6ea5d9aa98a65578df6,85be3b257be32bc688afa22043cd7674c849c718295ad7877ec27f47f64f2593,b98df60693efd49fafe0569259322d332cb26616bc93ea3a3e7aeb5cfb0821dd,none,0,151,0.2052980132450331,0,0,0,0,0,,,,16,1.1009687212926142,0.8761402507410877,0.5496530514273789,1.4394723577235433,0.4651957687505436,1.0710423974338625,3,13,0.1875,1.3070209596745954,1.2943935905449642,1.0476788496902973,0.7796202492478854,protocol_sensitivity_grouped10fold,main_10fold,Servo,1,10,42,70601001,100,5797dd3f7fc6cd457e61535e26da96563a774752b8d975620a0983975a76fa83,681321f68e98035ea306b11b6a4b46acd2ec9b3a583b7bc09f82d8a4007597d5,0,0,16,0.017489,protocol_sensitivity_grouped10fold|servo|r1|f10|ekk
servo,rf,151,16,12,0f2df5cd281a6685febbdcbb256035a8e761252020b2f6ea5d9aa98a65578df6,85be3b257be32bc688afa22043cd7674c849c718295ad7877ec27f47f64f2593,b98df60693efd49fafe0569259322d332cb26616bc93ea3a3e7aeb5cfb0821dd,none,0,151,0.2052980132450331,0,0,0,0,0,,,,16,0.555848168744478,0.41624498691875017,0.8852085289732818,0.5195931077150846,0.16711222979169862,0.2195028291910054,3,13,0.1875,0.8552001598763355,0.8111413856333355,0.4598806740539338,0.32511504875384595,protocol_sensitivity_grouped10fold,main_10fold,Servo,1,10,42,70601002,100,5797dd3f7fc6cd457e61535e26da96563a774752b8d975620a0983975a76fa83,681321f68e98035ea306b11b6a4b46acd2ec9b3a583b7bc09f82d8a4007597d5,0,0,16,0.101409,protocol_sensitivity_grouped10fold|servo|r1|f10|rf
servo,smote_r_rf,151,16,12,0f2df5cd281a6685febbdcbb256035a8e761252020b2f6ea5d9aa98a65578df6,85be3b257be32bc688afa22043cd7674c849c718295ad7877ec27f47f64f2593,b98df60693efd49fafe0569259322d332cb26616bc93ea3a3e7aeb5cfb0821dd,smote_r,89,240,0.5,0,0,0,0,0,,,,16,0.5403669911265107,0.42506291304173827,0.8915137027412724,0.3996392398882062,0.12842601410373444,0.17544180587843725,3,13,0.1875,0.6729705131458643,0.648234267306859,0.5048439078562548,0.3735618312882488,protocol_sensitivity_grouped10fold,main_10fold,Servo,1,10,42,70601003,100,5797dd3f7fc6cd457e61535e26da96563a774752b8d975620a0983975a76fa83,681321f68e98035ea306b11b6a4b46acd2ec9b3a583b7bc09f82d8a4007597d5,0,0,16,0.120708,protocol_sensitivity_grouped10fold|servo|r1|f10|smote_r_rf
servo,smogn_rf,151,16,12,0f2df5cd281a6685febbdcbb256035a8e761252020b2f6ea5d9aa98a65578df6,85be3b257be32bc688afa22043cd7674c849c718295ad7877ec27f47f64f2593,b98df60693efd49fafe0569259322d332cb26616bc93ea3a3e7aeb5cfb0821dd,smogn,89,240,0.5,0,0,0,0,0,,,,16,0.6099766205829662,0.44875765776740484,0.8617632095366559,0.5108126488903202,0.164211376178387,0.24589587831865745,3,13,0.1875,0.8059491169091224,0.6389295601522047,0.5550108595878153,0.40487183414014327,protocol_sensitivity_grouped10fold,main_10fold,Servo,1,10,42,70601004,100,5797dd3f7fc6cd457e61535e26da96563a774752b8d975620a0983975a76fa83,681321f68e98035ea306b11b6a4b46acd2ec9b3a583b7bc09f82d8a4007597d5,0,0,16,0.118338,protocol_sensitivity_grouped10fold|servo|r1|f10|smogn_rf
servo,relevance_weighted_rf,151,16,12,0f2df5cd281a6685febbdcbb256035a8e761252020b2f6ea5d9aa98a65578df6,85be3b257be32bc688afa22043cd7674c849c718295ad7877ec27f47f64f2593,b98df60693efd49fafe0569259322d332cb26616bc93ea3a3e7aeb5cfb0821dd,none,0,151,0.2052980132450331,0,0,0,0,0,0.1463952194522891,1.0,2.927904389045781,16,0.5563504664688662,0.40638981229305576,0.8850009703261281,0.4527746160228143,0.1455201309766014,0.21414289921156063,3,13,0.1875,0.7605878758712307,0.6899314600296318,0.49744978207121326,0.3409571243538459,protocol_sensitivity_grouped10fold,main_10fold,Servo,1,10,42,70601005,100,5797dd3f7fc6cd457e61535e26da96563a774752b8d975620a0983975a76fa83,681321f68e98035ea306b11b6a4b46acd2ec9b3a583b7bc09f82d8a4007597d5,0,0,16,0.111409,protocol_sensitivity_grouped10fold|servo|r1|f10|relevance_weighted_rf
tgss_bmi,ekk,1524,171,31,0211b2f13bd17dfce700bd73887e2381b9fc6fecbe0879280e9e16f4f8db2e0b,b3a8078cc42f6aa21d7b722657308862d99865c8c72a49a7b5181fea012f6718,f0e815e4e794aebdeb493acfe0b4ed043edaf07dcb9290920523b547857f1b12,none,0,1524,0.19028871391076116,0,0,0,0,0,,,,171,4.954098565035325,3.8383300072032345,0.056746019822956795,48.87657418654143,15.26110429905006,15.584458569542997,33,138,0.19298245614035087,8.937557979133167,8.320050375926515,3.3630889942032014,2.766614266856362,protocol_sensitivity_grouped10fold,main_10fold,TGSS BMI,1,1,42,70700101,100,f7920742bc8edd4ff1ae50ef789bab817c31d7b793a9578e9d16f9202e0aff68,0f7866dcd67a36fb266e47addde9c2cb42875d08e605720063830da59459e699,0,0,170,0.031133,protocol_sensitivity_grouped10fold|tgss_bmi|r1|f1|ekk
tgss_bmi,rf,1524,171,31,0211b2f13bd17dfce700bd73887e2381b9fc6fecbe0879280e9e16f4f8db2e0b,b3a8078cc42f6aa21d7b722657308862d99865c8c72a49a7b5181fea012f6718,f0e815e4e794aebdeb493acfe0b4ed043edaf07dcb9290920523b547857f1b12,none,0,1524,0.19028871391076116,0,0,0,0,0,,,,171,4.813031264465456,3.7047307288718025,0.10969927678033076,45.90561816137452,14.335467353254705,14.675748605888002,33,138,0.19298245614035087,8.573764862305953,7.81433139380161,3.3356327352637902,2.72200013508424,protocol_sensitivity_grouped10fold,main_10fold,TGSS BMI,1,1,42,70700102,100,f7920742bc8edd4ff1ae50ef789bab817c31d7b793a9578e9d16f9202e0aff68,0f7866dcd67a36fb266e47addde9c2cb42875d08e605720063830da59459e699,0,0,170,0.150888,protocol_sensitivity_grouped10fold|tgss_bmi|r1|f1|rf
tgss_bmi,smote_r_rf,1524,171,31,0211b2f13bd17dfce700bd73887e2381b9fc6fecbe0879280e9e16f4f8db2e0b,b3a8078cc42f6aa21d7b722657308862d99865c8c72a49a7b5181fea012f6718,f0e815e4e794aebdeb493acfe0b4ed043edaf07dcb9290920523b547857f1b12,smote_r,944,2468,0.5,0,0,0,0,0,,,,171,5.037849520375445,3.8590279779746384,0.02458429740863599,44.151268361870585,13.782577574753784,15.26880463661324,33,138,0.19298245614035087,8.377144324346588,7.535777163082802,3.829842392848478,2.9798053467531216,protocol_sensitivity_grouped10fold,main_10fold,TGSS BMI,1,1,42,70700103,100,f7920742bc8edd4ff1ae50ef789bab817c31d7b793a9578e9d16f9202e0aff68,0f7866dcd67a36fb266e47addde9c2cb42875d08e605720063830da59459e699,0,0,170,0.274718,protocol_sensitivity_grouped10fold|tgss_bmi|r1|f1|smote_r_rf
tgss_bmi,smogn_rf,1524,171,31,0211b2f13bd17dfce700bd73887e2381b9fc6fecbe0879280e9e16f4f8db2e0b,b3a8078cc42f6aa21d7b722657308862d99865c8c72a49a7b5181fea012f6718,f0e815e4e794aebdeb493acfe0b4ed043edaf07dcb9290920523b547857f1b12,smogn,944,2468,0.5,0,0,0,0,0,,,,171,5.049828317331485,3.9403247101142718,0.0199401738237166,43.09055439984403,13.452274494106582,15.486040013995972,33,138,0.19298245614035087,8.228169587266,7.450889758063921,3.925427535958752,3.100841763865442,protocol_sensitivity_grouped10fold,main_10fold,TGSS BMI,1,1,42,70700104,100,f7920742bc8edd4ff1ae50ef789bab817c31d7b793a9578e9d16f9202e0aff68,0f7866dcd67a36fb266e47addde9c2cb42875d08e605720063830da59459e699,0,0,170,0.271745,protocol_sensitivity_grouped10fold|tgss_bmi|r1|f1|smogn_rf
tgss_bmi,relevance_weighted_rf,1524,171,31,0211b2f13bd17dfce700bd73887e2381b9fc6fecbe0879280e9e16f4f8db2e0b,b3a8078cc42f6aa21d7b722657308862d99865c8c72a49a7b5181fea012f6718,f0e815e4e794aebdeb493acfe0b4ed043edaf07dcb9290920523b547857f1b12,none,0,1524,0.19028871391076116,0,0,0,0,0,0.16291501628683663,1.0,3.2583003257367325,171,4.766533164311222,3.6651515824678347,0.12681835325017254,44.278556688753135,13.822454106926976,14.420754939001116,33,138,0.19298245614035087,8.52474368370911,7.7770611972793535,3.282519530611677,2.6818688484911664,protocol_sensitivity_grouped10fold,main_10fold,TGSS BMI,1,1,42,70700105,100,f7920742bc8edd4ff1ae50ef789bab817c31d7b793a9578e9d16f9202e0aff68,0f7866dcd67a36fb266e47addde9c2cb42875d08e605720063830da59459e699,0,0,170,0.147615,protocol_sensitivity_grouped10fold|tgss_bmi|r1|f1|relevance_weighted_rf
tgss_bmi,ekk,1525,170,31,fc608b651f56c83ac52fd5bba09bb566fdde1871dd445b8c52910b3e6f87e96f,943d2185696b63f43b013b1d71a5e8871d1eb08c193359f080a7043481a40056,d525e9c353572482aeb420b52c154756f14081ff7170572ae3029e1040e6bc5b,none,0,1525,0.18950819672131147,0,0,0,0,0,,,,170,4.219913130735822,3.52792857107812,0.14209412407647015,28.980916310832733,8.554085653824917,8.823240369903136,33,137,0.19411764705882353,6.763604440291747,6.401702333699552,3.328349775720052,2.83570569395033,protocol_sensitivity_grouped10fold,main_10fold,TGSS BMI,1,2,42,70700201,100,7547e4d265b629aa6c8045dad7c723aa7a1b2c6311e1fca3aec3cb780e909a43,e0a3f9344b794eba922f4746e6c80946dc4b5e9e0820648ae190169d0aae38d0,0,0,169,0.030352,protocol_sensitivity_grouped10fold|tgss_bmi|r1|f2|ekk
tgss_bmi,rf,1525,170,31,fc608b651f56c83ac52fd5bba09bb566fdde1871dd445b8c52910b3e6f87e96f,943d2185696b63f43b013b1d71a5e8871d1eb08c193359f080a7043481a40056,d525e9c353572482aeb420b52c154756f14081ff7170572ae3029e1040e6bc5b,none,0,1525,0.18950819672131147,0,0,0,0,0,,,,170,4.4538595060786115,3.6534553207866605,0.044335073432100414,30.979152164135,9.142720415986728,9.936788999403074,33,137,0.19411764705882353,6.868598714616958,6.32812512923641,3.6402099191498194,3.009191790284166,protocol_sensitivity_grouped10fold,main_10fold,TGSS BMI,1,2,42,70700202,100,7547e4d265b629aa6c8045dad7c723aa7a1b2c6311e1fca3aec3cb780e909a43,e0a3f9344b794eba922f4746e6c80946dc4b5e9e0820648ae190169d0aae38d0,0,0,169,0.167113,protocol_sensitivity_grouped10fold|tgss_bmi|r1|f2|rf
tgss_bmi,smote_r_rf,1525,170,31,fc608b651f56c83ac52fd5bba09bb566fdde1871dd445b8c52910b3e6f87e96f,943d2185696b63f43b013b1d71a5e8871d1eb08c193359f080a7043481a40056,d525e9c353572482aeb420b52c154756f14081ff7170572ae3029e1040e6bc5b,smote_r,947,2472,0.5,0,0,0,0,0,,,,170,4.850283401286652,3.9984997774329165,-0.13335731197711187,31.620693990759378,9.34089481634584,11.73452703037476,33,137,0.19411764705882353,6.503810751489664,5.600124866627424,4.359239747189321,3.61270687273643,protocol_sensitivity_grouped10fold,main_10fold,TGSS BMI,1,2,42,70700203,100,7547e4d265b629aa6c8045dad7c723aa7a1b2c6311e1fca3aec3cb780e909a43,e0a3f9344b794eba922f4746e6c80946dc4b5e9e0820648ae190169d0aae38d0,0,0,169,0.270899,protocol_sensitivity_grouped10fold|tgss_bmi|r1|f2|smote_r_rf
tgss_bmi,smogn_rf,1525,170,31,fc608b651f56c83ac52fd5bba09bb566fdde1871dd445b8c52910b3e6f87e96f,943d2185696b63f43b013b1d71a5e8871d1eb08c193359f080a7043481a40056,d525e9c353572482aeb420b52c154756f14081ff7170572ae3029e1040e6bc5b,smogn,947,2472,0.5,0,0,0,0,0,,,,170,4.775358026832616,3.9375270032776646,-0.09861239948782052,31.26054380497946,9.228494738249571,11.470803276294113,33,137,0.19411764705882353,6.667289379335226,5.734564875357223,4.193971042401327,3.5046638662074057,protocol_sensitivity_grouped10fold,main_10fold,TGSS BMI,1,2,42,70700204,100,7547e4d265b629aa6c8045dad7c723aa7a1b2c6311e1fca3aec3cb780e909a43,e0a3f9344b794eba922f4746e6c80946dc4b5e9e0820648ae190169d0aae38d0,0,0,169,0.279509,protocol_sensitivity_grouped10fold|tgss_bmi|r1|f2|smogn_rf
tgss_bmi,relevance_weighted_rf,1525,170,31,fc608b651f56c83ac52fd5bba09bb566fdde1871dd445b8c52910b3e6f87e96f,943d2185696b63f43b013b1d71a5e8871d1eb08c193359f080a7043481a40056,d525e9c353572482aeb420b52c154756f14081ff7170572ae3029e1040e6bc5b,none,0,1525,0.18950819672131147,0,0,0,0,0,0.1627979614327419,1.0000000000000002,3.2559592286548376,170,4.514821200913982,3.6798072804276263,0.01799492510225753,31.255573440853162,9.223587582844893,10.21315101484565,33,137,0.19411764705882353,6.8417818781124655,6.3185296375056765,3.7440799646819127,3.0442026250730594,protocol_sensitivity_grouped10fold,main_10fold,TGSS BMI,1,2,42,70700205,100,7547e4d265b629aa6c8045dad7c723aa7a1b2c6311e1fca3aec3cb780e909a43,e0a3f9344b794eba922f4746e6c80946dc4b5e9e0820648ae190169d0aae38d0,0,0,169,0.14914,protocol_sensitivity_grouped10fold|tgss_bmi|r1|f2|relevance_weighted_rf
tgss_bmi,ekk,1526,169,31,530274d561a4be84aa09cdfec3990832e1c394a014283a82e09abe0fb9619fc0,ccc44a42c978235974ffee75d546e186197a4153c0d1fc050f1f202ecb527dae,d12fd9b89eb3d4949e4b48b5a595b2df567d126a6114a19fa54e5f8f80cee4d7,none,0,1526,0.190694626474443,0,0,0,0,0,,,,169,5.115231113209036,3.6861900476255007,0.1311338800137124,59.02321493269897,18.052683798951193,18.40235971458751,32,137,0.1893491124260355,9.73194585469352,8.107708366146461,3.1866967485655415,2.653426644759291,protocol_sensitivity_grouped10fold,main_10fold,TGSS BMI,1,3,42,70700301,100,df4f8dde6e1baa2341f2499dbb514ed281c535f6638544be3dec7eb9165712cc,ba916eeaf7eddc2512165fdb3861cece1668e4a09f5808d0c72ea8f821481aaa,0,0,169,0.080776,protocol_sensitivity_grouped10fold|tgss_bmi|r1|f3|ekk
tgss_bmi,rf,1526,169,31,530274d561a4be84aa09cdfec3990832e1c394a014283a82e09abe0fb9619fc0,ccc44a42c978235974ffee75d546e186197a4153c0d1fc050f1f202ecb527dae,d12fd9b89eb3d4949e4b48b5a595b2df567d126a6114a19fa54e5f8f80cee4d7,none,0,1526,0.190694626474443,0,0,0,0,0,,,,169,5.213408447841935,3.7832657830232104,0.09746127612546984,61.00879599691062,18.65927579393115,19.06506205704717,32,137,0.1893491124260355,10.006596706758966,8.35279850826239,3.184283699473066,2.715929672018438,protocol_sensitivity_grouped10fold,main_10fold,TGSS BMI,1,3,42,70700302,100,df4f8dde6e1baa2341f2499dbb514ed281c535f6638544be3dec7eb9165712cc,ba916eeaf7eddc2512165fdb3861cece1668e4a09f5808d0c72ea8f821481aaa,0,0,169,0.164828,protocol_sensitivity_grouped10fold|tgss_bmi|r1|f3|rf
tgss_bmi,smote_r_rf,1526,169,31,530274d561a4be84aa09cdfec3990832e1c394a014283a82e09abe0fb9619fc0,ccc44a42c978235974ffee75d546e186197a4153c0d1fc050f1f202ecb527dae,d12fd9b89eb3d4949e4b48b5a595b2df567d126a6114a19fa54e5f8f80cee4d7,smote_r,944,2470,0.5,0,0,0,0,0,,,,169,5.3819298720187385,4.004801231590105,0.038169796090585906,58.077963940763276,17.766308914579348,19.29384040642723,32,137,0.1893491124260355,9.70407046686001,7.9458150514058,3.706087032702472,3.084272456158702,protocol_sensitivity_grouped10fold,main_10fold,TGSS BMI,1,3,42,70700303,100,df4f8dde6e1baa2341f2499dbb514ed281c535f6638544be3dec7eb9165712cc,ba916eeaf7eddc2512165fdb3861cece1668e4a09f5808d0c72ea8f821481aaa,0,0,169,0.294436,protocol_sensitivity_grouped10fold|tgss_bmi|r1|f3|smote_r_rf
tgss_bmi,smogn_rf,1526,169,31,530274d561a4be84aa09cdfec3990832e1c394a014283a82e09abe0fb9619fc0,ccc44a42c978235974ffee75d546e186197a4153c0d1fc050f1f202ecb527dae,d12fd9b89eb3d4949e4b48b5a595b2df567d126a6114a19fa54e5f8f80cee4d7,smogn,944,2470,0.5,0,0,0,0,0,,,,169,5.375798897512305,3.9743219559364866,0.040359938942380436,59.48738401738887,18.195227601429814,19.274683014544145,32,137,0.1893491124260355,9.775627756024672,7.936581062325008,3.6507717343709882,3.0488307778019417,protocol_sensitivity_grouped10fold,main_10fold,TGSS BMI,1,3,42,70700304,100,df4f8dde6e1baa2341f2499dbb514ed281c535f6638544be3dec7eb9165712cc,ba916eeaf7eddc2512165fdb3861cece1668e4a09f5808d0c72ea8f821481aaa,0,0,169,0.286054,protocol_sensitivity_grouped10fold|tgss_bmi|r1|f3|smogn_rf
tgss_bmi,relevance_weighted_rf,1526,169,31,530274d561a4be84aa09cdfec3990832e1c394a014283a82e09abe0fb9619fc0,ccc44a42c978235974ffee75d546e186197a4153c0d1fc050f1f202ecb527dae,d12fd9b89eb3d4949e4b48b5a595b2df567d126a6114a19fa54e5f8f80cee4d7,none,0,1526,0.190694626474443,0,0,0,0,0,0.16252889275423776,1.0,3.2505778550847553,169,5.1932635064434045,3.804553731929031,0.10442273424836679,58.915230118957254,18.02007131041154,18.5196220454035,32,137,0.1893491124260355,9.78921543273629,8.180513401132117,3.2994226070528354,2.782431765399843,protocol_sensitivity_grouped10fold,main_10fold,TGSS BMI,1,3,42,70700305,100,df4f8dde6e1baa2341f2499dbb514ed281c535f6638544be3dec7eb9165712cc,ba916eeaf7eddc2512165fdb3861cece1668e4a09f5808d0c72ea8f821481aaa,0,0,169,0.148982,protocol_sensitivity_grouped10fold|tgss_bmi|r1|f3|relevance_weighted_rf
tgss_bmi,ekk,1525,170,31,679d1050b9a322251dc85db8324e3201673e8c42fa9fa61bf1106f2dda1216b4,1106047aae9b114757323cd4bf5f148a89ea5e0f04291a5a60bb22f99526bc3f,f2fe04df9b9891d3651259e7224b4963c905bf7d2f9801bbe45ebcb60eaeb30f,none,0,1525,0.1901639344262295,0,0,0,0,0,,,,170,4.923392872339747,3.721114406886937,0.06860494697041364,50.21647472610535,15.544620738028904,15.809639216931961,33,137,0.19411764705882353,8.942336549343294,7.984814488458784,3.2888973992494464,2.6940917595010165,protocol_sensitivity_grouped10fold,main_10fold,TGSS BMI,1,4,42,70700401,100,bd32acf4861ad9abbf486bf209d229438026b5072f6f2ff2230b485f4f60adbd,ff5fffba50d934f963a413eabce2222ac2e8867aa0f3d79848d0473a63fd2b08,0,0,169,0.06983,protocol_sensitivity_grouped10fold|tgss_bmi|r1|f4|ekk
tgss_bmi,rf,1525,170,31,679d1050b9a322251dc85db8324e3201673e8c42fa9fa61bf1106f2dda1216b4,1106047aae9b114757323cd4bf5f148a89ea5e0f04291a5a60bb22f99526bc3f,f2fe04df9b9891d3651259e7224b4963c905bf7d2f9801bbe45ebcb60eaeb30f,none,0,1525,0.1901639344262295,0,0,0,0,0,,,,170,4.972000095450901,3.7290683145454175,0.05012337966072189,51.51371128967441,15.942468541507674,16.11968120334937,33,137,0.19411764705882353,9.0175315715813,7.969996575689732,3.329923548683436,2.7075308501821898,protocol_sensitivity_grouped10fold,main_10fold,TGSS BMI,1,4,42,70700402,100,bd32acf4861ad9abbf486bf209d229438026b5072f6f2ff2230b485f4f60adbd,ff5fffba50d934f963a413eabce2222ac2e8867aa0f3d79848d0473a63fd2b08,0,0,169,0.160415,protocol_sensitivity_grouped10fold|tgss_bmi|r1|f4|rf
tgss_bmi,smote_r_rf,1525,170,31,679d1050b9a322251dc85db8324e3201673e8c42fa9fa61bf1106f2dda1216b4,1106047aae9b114757323cd4bf5f148a89ea5e0f04291a5a60bb22f99526bc3f,f2fe04df9b9891d3651259e7224b4963c905bf7d2f9801bbe45ebcb60eaeb30f,smote_r,945,2470,0.5,0,0,0,0,0,,,,170,5.119945453795767,3.954933988487103,-0.0072461361438174166,48.8763161998125,15.126171412214145,16.292749479812652,33,137,0.19411764705882353,8.543091578731337,7.291594663429282,3.866256222725848,3.151212804011979,protocol_sensitivity_grouped10fold,main_10fold,TGSS BMI,1,4,42,70700403,100,bd32acf4861ad9abbf486bf209d229438026b5072f6f2ff2230b485f4f60adbd,ff5fffba50d934f963a413eabce2222ac2e8867aa0f3d79848d0473a63fd2b08,0,0,169,0.272963,protocol_sensitivity_grouped10fold|tgss_bmi|r1|f4|smote_r_rf
tgss_bmi,smogn_rf,1525,170,31,679d1050b9a322251dc85db8324e3201673e8c42fa9fa61bf1106f2dda1216b4,1106047aae9b114757323cd4bf5f148a89ea5e0f04291a5a60bb22f99526bc3f,f2fe04df9b9891d3651259e7224b4963c905bf7d2f9801bbe45ebcb60eaeb30f,smogn,945,2470,0.5,0,0,0,0,0,,,,170,5.228446428437184,4.003497701031632,-0.05038924608695394,51.91263249060501,16.06609668465115,17.23353601488502,33,137,0.19411764705882353,8.83391055963709,7.5627297829848406,3.8889490152866366,3.1461644258166253,protocol_sensitivity_grouped10fold,main_10fold,TGSS BMI,1,4,42,70700404,100,bd32acf4861ad9abbf486bf209d229438026b5072f6f2ff2230b485f4f60adbd,ff5fffba50d934f963a413eabce2222ac2e8867aa0f3d79848d0473a63fd2b08,0,0,169,0.273139,protocol_sensitivity_grouped10fold|tgss_bmi|r1|f4|smogn_rf
tgss_bmi,relevance_weighted_rf,1525,170,31,679d1050b9a322251dc85db8324e3201673e8c42fa9fa61bf1106f2dda1216b4,1106047aae9b114757323cd4bf5f148a89ea5e0f04291a5a60bb22f99526bc3f,f2fe04df9b9891d3651259e7224b4963c905bf7d2f9801bbe45ebcb60eaeb30f,none,0,1525,0.1901639344262295,0,0,0,0,0,0.16273985602131685,1.0,3.254797120426337,170,4.971721667500172,3.7875552259862855,0.050229761314243726,50.31731192473466,15.571540114578202,15.867111719025772,33,137,0.19411764705882353,8.917191515973643,7.948690546230844,3.393881063333317,2.7852379590660643,protocol_sensitivity_grouped10fold,main_10fold,TGSS BMI,1,4,42,70700405,100,bd32acf4861ad9abbf486bf209d229438026b5072f6f2ff2230b485f4f60adbd,ff5fffba50d934f963a413eabce2222ac2e8867aa0f3d79848d0473a63fd2b08,0,0,169,0.136537,protocol_sensitivity_grouped10fold|tgss_bmi|r1|f4|relevance_weighted_rf
tgss_bmi,ekk,1526,169,31,849ed9a8fdac72c5d10a2cdfcaddbf9cc65929eef02604f25909391492bc4419,80c8ee47c56ed5d3337927b58f6f966a1909d4548d259fc83c582a41947b9f65,c09c62d93cc90417ee15a330b6a9e6a9e03cb8574ac457e1de8ea78e8f4726b4,none,0,1526,0.1854521625163827,0,0,0,0,0,,,,169,4.885873920196528,3.7738137581951667,0.08657196528230082,46.419360802579526,14.847298720023446,14.967704397256696,40,129,0.23668639053254437,8.049709092814737,7.421471730118043,3.3438772588465246,2.642757022715205,protocol_sensitivity_grouped10fold,main_10fold,TGSS BMI,1,5,42,70700501,100,09d5e7f8cb219f9cceec1c4cd8c0589ee75425a4505872ae09089f42f9549c30,0ac1285dcba4a817826a82d1d40ca588b07f645cd0d84a89e43d1428c260d0c9,0,0,169,0.029126,protocol_sensitivity_grouped10fold|tgss_bmi|r1|f5|ekk
tgss_bmi,rf,1526,169,31,849ed9a8fdac72c5d10a2cdfcaddbf9cc65929eef02604f25909391492bc4419,80c8ee47c56ed5d3337927b58f6f966a1909d4548d259fc83c582a41947b9f65,c09c62d93cc90417ee15a330b6a9e6a9e03cb8574ac457e1de8ea78e8f4726b4,none,0,1526,0.1854521625163827,0,0,0,0,0,,,,169,5.127502132025415,4.0257484285598055,-0.006008208441508733,49.547196886450664,15.84810928873518,16.08746388556569,40,129,0.23668639053254437,8.222516034839606,7.424043013317342,3.671422430474186,2.9720136735962295,protocol_sensitivity_grouped10fold,main_10fold,TGSS BMI,1,5,42,70700502,100,09d5e7f8cb219f9cceec1c4cd8c0589ee75425a4505872ae09089f42f9549c30,0ac1285dcba4a817826a82d1d40ca588b07f645cd0d84a89e43d1428c260d0c9,0,0,169,0.16657,protocol_sensitivity_grouped10fold|tgss_bmi|r1|f5|rf
tgss_bmi,smote_r_rf,1526,169,31,849ed9a8fdac72c5d10a2cdfcaddbf9cc65929eef02604f25909391492bc4419,80c8ee47c56ed5d3337927b58f6f966a1909d4548d259fc83c582a41947b9f65,c09c62d93cc90417ee15a330b6a9e6a9e03cb8574ac457e1de8ea78e8f4726b4,smote_r,960,2486,0.5,0,0,0,0,0,,,,169,5.517142427174766,4.211025273300924,-0.16471110487739882,52.74251751069955,16.870240446674792,18.775558488321906,40,129,0.23668639053254437,8.110538807113837,6.586017793988785,4.413627456824303,3.4745934839403474,protocol_sensitivity_grouped10fold,main_10fold,TGSS BMI,1,5,42,70700503,100,09d5e7f8cb219f9cceec1c4cd8c0589ee75425a4505872ae09089f42f9549c30,0ac1285dcba4a817826a82d1d40ca588b07f645cd0d84a89e43d1428c260d0c9,0,0,169,0.302058,protocol_sensitivity_grouped10fold|tgss_bmi|r1|f5|smote_r_rf
tgss_bmi,smogn_rf,1526,169,31,849ed9a8fdac72c5d10a2cdfcaddbf9cc65929eef02604f25909391492bc4419,80c8ee47c56ed5d3337927b58f6f966a1909d4548d259fc83c582a41947b9f65,c09c62d93cc90417ee15a330b6a9e6a9e03cb8574ac457e1de8ea78e8f4726b4,smogn,960,2486,0.5,0,0,0,0,0,,,,169,5.552020944950992,4.217506589898255,-0.179483898916192,52.87406029083431,16.910062417921797,18.43982280567927,40,129,0.23668639053254437,8.1553847629816,6.785899880777414,4.445189243166454,3.4211055694706087,protocol_sensitivity_grouped10fold,main_10fold,TGSS BMI,1,5,42,70700504,100,09d5e7f8cb219f9cceec1c4cd8c0589ee75425a4505872ae09089f42f9549c30,0ac1285dcba4a817826a82d1d40ca588b07f645cd0d84a89e43d1428c260d0c9,0,0,169,0.289868,protocol_sensitivity_grouped10fold|tgss_bmi|r1|f5|smogn_rf
tgss_bmi,relevance_weighted_rf,1526,169,31,849ed9a8fdac72c5d10a2cdfcaddbf9cc65929eef02604f25909391492bc4419,80c8ee47c56ed5d3337927b58f6f966a1909d4548d259fc83c582a41947b9f65,c09c62d93cc90417ee15a330b6a9e6a9e03cb8574ac457e1de8ea78e8f4726b4,none,0,1526,0.1854521625163827,0,0,0,0,0,0.16331549389277183,1.0,3.2663098778554365,169,5.114649740557074,3.9641307910225554,-0.000971289271186615,49.308391109347305,15.771035759180604,16.022074450471276,40,129,0.23668639053254437,8.15259030782916,7.292168161681536,3.6962062507447135,2.932181218725197,protocol_sensitivity_grouped10fold,main_10fold,TGSS BMI,1,5,42,70700505,100,09d5e7f8cb219f9cceec1c4cd8c0589ee75425a4505872ae09089f42f9549c30,0ac1285dcba4a817826a82d1d40ca588b07f645cd0d84a89e43d1428c260d0c9,0,0,169,0.169076,protocol_sensitivity_grouped10fold|tgss_bmi|r1|f5|relevance_weighted_rf
tgss_bmi,ekk,1526,169,31,b6325d37d8e14d455ea2cf5d9bf0b1cd7cbb7461688450deb6af739d96451ea7,08c9f7c715a938b133f0317a74c1bac2abe5c4a00d548e026432c54385d09707,26b4e106a0e79745394de02f55eb8a6f793e23b36bdc81de5f2d5c5271c4daf2,none,0,1526,0.19397116644823068,0,0,0,0,0,,,,169,4.2336725468158765,3.2698726948215153,0.17847964950334827,34.982817372047336,10.174533926157656,10.316148421035058,27,142,0.15976331360946747,7.78445947524732,7.119116864398842,3.132083312889655,2.5379741555356854,protocol_sensitivity_grouped10fold,main_10fold,TGSS BMI,1,6,42,70700601,100,abaf4c58e88eabfb6f28890ec94431083a698051aae376116ac7fb4fb165588b,d99781727bd74c19d2d06808ac848aa8a8f945114aa43a7e29392086ad026ca1,0,0,169,0.045863,protocol_sensitivity_grouped10fold|tgss_bmi|r1|f6|ekk
tgss_bmi,rf,1526,169,31,b6325d37d8e14d455ea2cf5d9bf0b1cd7cbb7461688450deb6af739d96451ea7,08c9f7c715a938b133f0317a74c1bac2abe5c4a00d548e026432c54385d09707,26b4e106a0e79745394de02f55eb8a6f793e23b36bdc81de5f2d5c5271c4daf2,none,0,1526,0.19397116644823068,0,0,0,0,0,,,,169,4.351430784642215,3.414206377662045,0.1321434273869243,35.218952794993854,10.240397490822563,10.531805534549019,27,142,0.15976331360946747,8.01924759256517,7.483858755227448,3.2105477198828885,2.6403992354489048,protocol_sensitivity_grouped10fold,main_10fold,TGSS BMI,1,6,42,70700602,100,abaf4c58e88eabfb6f28890ec94431083a698051aae376116ac7fb4fb165588b,d99781727bd74c19d2d06808ac848aa8a8f945114aa43a7e29392086ad026ca1,0,0,169,0.167775,protocol_sensitivity_grouped10fold|tgss_bmi|r1|f6|rf
tgss_bmi,smote_r_rf,1526,169,31,b6325d37d8e14d455ea2cf5d9bf0b1cd7cbb7461688450deb6af739d96451ea7,08c9f7c715a938b133f0317a74c1bac2abe5c4a00d548e026432c54385d09707,26b4e106a0e79745394de02f55eb8a6f793e23b36bdc81de5f2d5c5271c4daf2,smote_r,934,2460,0.5,0,0,0,0,0,,,,169,4.446396754766641,3.5998414904751663,0.09384973443515066,32.1227187922194,9.336659183311923,10.465291650627808,27,142,0.15976331360946747,7.431629734952104,6.883769143702102,3.6094738400303714,2.9754327113404666,protocol_sensitivity_grouped10fold,main_10fold,TGSS BMI,1,6,42,70700603,100,abaf4c58e88eabfb6f28890ec94431083a698051aae376116ac7fb4fb165588b,d99781727bd74c19d2d06808ac848aa8a8f945114aa43a7e29392086ad026ca1,0,0,169,0.272717,protocol_sensitivity_grouped10fold|tgss_bmi|r1|f6|smote_r_rf
tgss_bmi,smogn_rf,1526,169,31,b6325d37d8e14d455ea2cf5d9bf0b1cd7cbb7461688450deb6af739d96451ea7,08c9f7c715a938b133f0317a74c1bac2abe5c4a00d548e026432c54385d09707,26b4e106a0e79745394de02f55eb8a6f793e23b36bdc81de5f2d5c5271c4daf2,smogn,934,2460,0.5,0,0,0,0,0,,,,169,4.4551189926964865,3.604755396418854,0.09029116297779816,31.49678270178881,9.159113662123055,10.427550670543887,27,142,0.15976331360946747,7.216945731388274,6.590709339676652,3.703871358552955,3.037003590306456,protocol_sensitivity_grouped10fold,main_10fold,TGSS BMI,1,6,42,70700604,100,abaf4c58e88eabfb6f28890ec94431083a698051aae376116ac7fb4fb165588b,d99781727bd74c19d2d06808ac848aa8a8f945114aa43a7e29392086ad026ca1,0,0,169,0.282547,protocol_sensitivity_grouped10fold|tgss_bmi|r1|f6|smogn_rf
tgss_bmi,relevance_weighted_rf,1526,169,31,b6325d37d8e14d455ea2cf5d9bf0b1cd7cbb7461688450deb6af739d96451ea7,08c9f7c715a938b133f0317a74c1bac2abe5c4a00d548e026432c54385d09707,26b4e106a0e79745394de02f55eb8a6f793e23b36bdc81de5f2d5c5271c4daf2,none,0,1526,0.19397116644823068,0,0,0,0,0,0.16201564561448176,1.0,3.2403129122896352,169,4.268437273096281,3.4350992089646573,0.1649324563848562,32.76029252743079,9.524473874723473,9.810372543350256,27,142,0.15976331360946747,7.612252358637521,7.091621305734702,3.265863419530297,2.7398450074661276,protocol_sensitivity_grouped10fold,main_10fold,TGSS BMI,1,6,42,70700605,100,abaf4c58e88eabfb6f28890ec94431083a698051aae376116ac7fb4fb165588b,d99781727bd74c19d2d06808ac848aa8a8f945114aa43a7e29392086ad026ca1,0,0,169,0.146675,protocol_sensitivity_grouped10fold|tgss_bmi|r1|f6|relevance_weighted_rf
tgss_bmi,ekk,1526,169,31,d3feecbc92362fe994723eb940ba78bd200bb07c98b1246eb7b21f11bbe7de66,363282372da5b77ba5a336348b0b168a4d4bb10d605f97157aeaab2fee2ccbd7,b22086f32866e76528ada98247b7788e1320e7409b4e91d35b883ec463140603,none,0,1526,0.190694626474443,0,0,0,0,0,,,,169,4.6290569973480835,3.4934023965616685,0.13961154068955328,44.507656668506215,13.28801587798652,13.50307076803648,31,138,0.1834319526627219,8.530467121790409,7.550037968986278,3.1456498129628634,2.5821291882633863,protocol_sensitivity_grouped10fold,main_10fold,TGSS BMI,1,7,42,70700701,100,b8b4eeb3bb4284b53bd6fdec92dc20dc75fe23912cbc9bfb60d26379f941e28e,b818b7187d969b58cd25fb58aeb748c941c220e0e489160d98115160d5c5cd89,0,0,169,0.030743,protocol_sensitivity_grouped10fold|tgss_bmi|r1|f7|ekk
tgss_bmi,rf,1526,169,31,d3feecbc92362fe994723eb940ba78bd200bb07c98b1246eb7b21f11bbe7de66,363282372da5b77ba5a336348b0b168a4d4bb10d605f97157aeaab2fee2ccbd7,b22086f32866e76528ada98247b7788e1320e7409b4e91d35b883ec463140603,none,0,1526,0.190694626474443,0,0,0,0,0,,,,169,4.730587293003655,3.642123612027847,0.1014553935738004,44.78932439980846,13.375598174814094,13.667878687540696,31,138,0.1834319526627219,8.425005455728188,7.454093666601507,3.3853444393791006,2.785811498319272,protocol_sensitivity_grouped10fold,main_10fold,TGSS BMI,1,7,42,70700702,100,b8b4eeb3bb4284b53bd6fdec92dc20dc75fe23912cbc9bfb60d26379f941e28e,b818b7187d969b58cd25fb58aeb748c941c220e0e489160d98115160d5c5cd89,0,0,169,0.172946,protocol_sensitivity_grouped10fold|tgss_bmi|r1|f7|rf
tgss_bmi,smote_r_rf,1526,169,31,d3feecbc92362fe994723eb940ba78bd200bb07c98b1246eb7b21f11bbe7de66,363282372da5b77ba5a336348b0b168a4d4bb10d605f97157aeaab2fee2ccbd7,b22086f32866e76528ada98247b7788e1320e7409b4e91d35b883ec463140603,smote_r,944,2470,0.5,0,0,0,0,0,,,,169,4.943212998698416,3.9100247328794597,0.01886635597087727,43.912645990178284,13.11388861431561,14.140311371364897,31,138,0.1834319526627219,8.08320975395273,6.8193024205433135,3.904742819488954,3.256491339273811,protocol_sensitivity_grouped10fold,main_10fold,TGSS BMI,1,7,42,70700703,100,b8b4eeb3bb4284b53bd6fdec92dc20dc75fe23912cbc9bfb60d26379f941e28e,b818b7187d969b58cd25fb58aeb748c941c220e0e489160d98115160d5c5cd89,0,0,169,0.30918,protocol_sensitivity_grouped10fold|tgss_bmi|r1|f7|smote_r_rf
tgss_bmi,smogn_rf,1526,169,31,d3feecbc92362fe994723eb940ba78bd200bb07c98b1246eb7b21f11bbe7de66,363282372da5b77ba5a336348b0b168a4d4bb10d605f97157aeaab2fee2ccbd7,b22086f32866e76528ada98247b7788e1320e7409b4e91d35b883ec463140603,smogn,944,2470,0.5,0,0,0,0,0,,,,169,4.923694755079365,3.8366053506047244,0.026599058833346567,42.98296803630243,12.833714688177665,14.017854209926334,31,138,0.1834319526627219,8.027825016649821,6.751480672529144,3.900207099226023,3.1818145174188053,protocol_sensitivity_grouped10fold,main_10fold,TGSS BMI,1,7,42,70700704,100,b8b4eeb3bb4284b53bd6fdec92dc20dc75fe23912cbc9bfb60d26379f941e28e,b818b7187d969b58cd25fb58aeb748c941c220e0e489160d98115160d5c5cd89,0,0,169,0.277456,protocol_sensitivity_grouped10fold|tgss_bmi|r1|f7|smogn_rf
tgss_bmi,relevance_weighted_rf,1526,169,31,d3feecbc92362fe994723eb940ba78bd200bb07c98b1246eb7b21f11bbe7de66,363282372da5b77ba5a336348b0b168a4d4bb10d605f97157aeaab2fee2ccbd7,b22086f32866e76528ada98247b7788e1320e7409b4e91d35b883ec463140603,none,0,1526,0.190694626474443,0,0,0,0,0,0.16294898712565548,1.0,3.2589797425131093,169,4.721259016712276,3.6408210367967606,0.10499559173336726,45.13137185479847,13.479140487297613,13.706811539081833,31,138,0.1834319526627219,8.447783834939907,7.427708974969148,3.356522796820953,2.790143311555138,protocol_sensitivity_grouped10fold,main_10fold,TGSS BMI,1,7,42,70700705,100,b8b4eeb3bb4284b53bd6fdec92dc20dc75fe23912cbc9bfb60d26379f941e28e,b818b7187d969b58cd25fb58aeb748c941c220e0e489160d98115160d5c5cd89,0,0,169,0.152005,protocol_sensitivity_grouped10fold|tgss_bmi|r1|f7|relevance_weighted_rf
tgss_bmi,ekk,1526,169,31,0e194fd9df419361c45828348a692eec1d587fdeaf79a045e844a7d7a864ac0e,b301b19f4ee7f1e8a1042c73029155b0534b5de3f9fc6d2d9f73005f2006efdb,8bb1465376c80564c43b5d1ca8c1d654c1bff5b5c91ba98344ef8e897ee854bf,none,0,1526,0.1854521625163827,0,0,0,0,0,,,,169,4.966849410441159,3.7150068921354764,0.011975427404425032,51.07320615932727,15.133237011543262,15.52180642292496,27,142,0.15976331360946747,9.511358653796973,8.735600082834527,3.4869785492769183,2.7603870601011495,protocol_sensitivity_grouped10fold,main_10fold,TGSS BMI,1,8,42,70700801,100,e82378bd8c11158d6e35c5c8d37b66c7ba9e159385f5cbc72576d50ec74e5a2a,538e2824ca6a989e6d00da7f4fbd10f8d721807e7ee6552bd8e8139b3d8b6979,0,0,169,0.064635,protocol_sensitivity_grouped10fold|tgss_bmi|r1|f8|ekk
tgss_bmi,rf,1526,169,31,0e194fd9df419361c45828348a692eec1d587fdeaf79a045e844a7d7a864ac0e,b301b19f4ee7f1e8a1042c73029155b0534b5de3f9fc6d2d9f73005f2006efdb,8bb1465376c80564c43b5d1ca8c1d654c1bff5b5c91ba98344ef8e897ee854bf,none,0,1526,0.1854521625163827,0,0,0,0,0,,,,169,4.950289065487684,3.8257640736007645,0.018552937396462243,48.539614766318266,14.383818349662741,14.716523773387035,27,142,0.15976331360946747,9.283621461860456,8.576388996001727,3.574552280165886,2.922476236242836,protocol_sensitivity_grouped10fold,main_10fold,TGSS BMI,1,8,42,70700802,100,e82378bd8c11158d6e35c5c8d37b66c7ba9e159385f5cbc72576d50ec74e5a2a,538e2824ca6a989e6d00da7f4fbd10f8d721807e7ee6552bd8e8139b3d8b6979,0,0,169,0.176929,protocol_sensitivity_grouped10fold|tgss_bmi|r1|f8|rf
tgss_bmi,smote_r_rf,1526,169,31,0e194fd9df419361c45828348a692eec1d587fdeaf79a045e844a7d7a864ac0e,b301b19f4ee7f1e8a1042c73029155b0534b5de3f9fc6d2d9f73005f2006efdb,8bb1465376c80564c43b5d1ca8c1d654c1bff5b5c91ba98344ef8e897ee854bf,smote_r,960,2486,0.5,0,0,0,0,0,,,,169,5.212462167383327,3.9461789077180134,-0.08815707920261806,48.097858783773134,14.251927614484632,15.94537785737171,27,142,0.15976331360946747,8.954533123608885,7.8386781179385645,4.133963448407462,3.2060558184507255,protocol_sensitivity_grouped10fold,main_10fold,TGSS BMI,1,8,42,70700803,100,e82378bd8c11158d6e35c5c8d37b66c7ba9e159385f5cbc72576d50ec74e5a2a,538e2824ca6a989e6d00da7f4fbd10f8d721807e7ee6552bd8e8139b3d8b6979,0,0,169,0.274975,protocol_sensitivity_grouped10fold|tgss_bmi|r1|f8|smote_r_rf
tgss_bmi,smogn_rf,1526,169,31,0e194fd9df419361c45828348a692eec1d587fdeaf79a045e844a7d7a864ac0e,b301b19f4ee7f1e8a1042c73029155b0534b5de3f9fc6d2d9f73005f2006efdb,8bb1465376c80564c43b5d1ca8c1d654c1bff5b5c91ba98344ef8e897ee854bf,smogn,960,2486,0.5,0,0,0,0,0,,,,169,5.08955014543745,3.864568551772397,-0.03744374230227643,46.30220772191873,13.720636464376952,15.119245173645142,27,142,0.15976331360946747,8.71890275661739,7.633526094816212,4.046538107323852,3.1479357795035026,protocol_sensitivity_grouped10fold,main_10fold,TGSS BMI,1,8,42,70700804,100,e82378bd8c11158d6e35c5c8d37b66c7ba9e159385f5cbc72576d50ec74e5a2a,538e2824ca6a989e6d00da7f4fbd10f8d721807e7ee6552bd8e8139b3d8b6979,0,0,169,0.2733,protocol_sensitivity_grouped10fold|tgss_bmi|r1|f8|smogn_rf
tgss_bmi,relevance_weighted_rf,1526,169,31,0e194fd9df419361c45828348a692eec1d587fdeaf79a045e844a7d7a864ac0e,b301b19f4ee7f1e8a1042c73029155b0534b5de3f9fc6d2d9f73005f2006efdb,8bb1465376c80564c43b5d1ca8c1d654c1bff5b5c91ba98344ef8e897ee854bf,none,0,1526,0.1854521625163827,0,0,0,0,0,0.16524169361333244,1.0,3.304833872266648,169,4.950530593705589,3.7661740138047053,0.018457164022538053,48.66245766651657,14.42075197618627,14.819079784415853,27,142,0.15976331360946747,9.301917488989258,8.530646691973432,3.5658959935859813,2.8602531524627643,protocol_sensitivity_grouped10fold,main_10fold,TGSS BMI,1,8,42,70700805,100,e82378bd8c11158d6e35c5c8d37b66c7ba9e159385f5cbc72576d50ec74e5a2a,538e2824ca6a989e6d00da7f4fbd10f8d721807e7ee6552bd8e8139b3d8b6979,0,0,169,0.148564,protocol_sensitivity_grouped10fold|tgss_bmi|r1|f8|relevance_weighted_rf
tgss_bmi,ekk,1525,170,31,27ea8eea3845779a31de7b72f804c65d6dc0951e76704b9666235164b3360763,1f10e237ca9fe00bb211e9151e810f96da40972778adb98fac8878ad9c12c31c,0304d7eb217ba95a69d48647cb5342517e500f0b992a39d47f31c8dd0248e4bb,none,0,1525,0.1881967213114754,0,0,0,0,0,,,,170,4.757293697058597,3.7226030691438488,0.12849028093540138,44.97439380262106,13.88114661429563,14.105886447541543,36,134,0.21176470588235294,8.341585249760005,7.783760350636628,3.165178737694318,2.631545889041311,protocol_sensitivity_grouped10fold,main_10fold,TGSS BMI,1,9,42,70700901,100,4e9d7fc886d1f43b1622b90a22cf05a8ad37eb20425a2fe3e1353b9c87fa78a3,f89a9a3b9d132900774178818a420db84f673f750129d1aee546eb3df592a187,0,0,169,0.031369,protocol_sensitivity_grouped10fold|tgss_bmi|r1|f9|ekk
tgss_bmi,rf,1525,170,31,27ea8eea3845779a31de7b72f804c65d6dc0951e76704b9666235164b3360763,1f10e237ca9fe00bb211e9151e810f96da40972778adb98fac8878ad9c12c31c,0304d7eb217ba95a69d48647cb5342517e500f0b992a39d47f31c8dd0248e4bb,none,0,1525,0.1881967213114754,0,0,0,0,0,,,,170,4.806602714822037,3.8090723993994784,0.11033037804168466,44.47441087718948,13.727372348335747,14.257415694353625,36,134,0.21176470588235294,8.172873071129922,7.507231122372318,3.371226236622653,2.8155372200933426,protocol_sensitivity_grouped10fold,main_10fold,TGSS BMI,1,9,42,70700902,100,4e9d7fc886d1f43b1622b90a22cf05a8ad37eb20425a2fe3e1353b9c87fa78a3,f89a9a3b9d132900774178818a420db84f673f750129d1aee546eb3df592a187,0,0,169,0.164926,protocol_sensitivity_grouped10fold|tgss_bmi|r1|f9|rf
tgss_bmi,smote_r_rf,1525,170,31,27ea8eea3845779a31de7b72f804c65d6dc0951e76704b9666235164b3360763,1f10e237ca9fe00bb211e9151e810f96da40972778adb98fac8878ad9c12c31c,0304d7eb217ba95a69d48647cb5342517e500f0b992a39d47f31c8dd0248e4bb,smote_r,951,2476,0.5,0,0,0,0,0,,,,170,5.018114543456609,3.9588968394537134,0.030308815444640036,42.15227907087431,13.010121990716033,14.909723746186295,36,134,0.21176470588235294,7.805381966051473,6.827257589920228,3.947025095702399,3.1882924587313664,protocol_sensitivity_grouped10fold,main_10fold,TGSS BMI,1,9,42,70700903,100,4e9d7fc886d1f43b1622b90a22cf05a8ad37eb20425a2fe3e1353b9c87fa78a3,f89a9a3b9d132900774178818a420db84f673f750129d1aee546eb3df592a187,0,0,169,0.283872,protocol_sensitivity_grouped10fold|tgss_bmi|r1|f9|smote_r_rf
tgss_bmi,smogn_rf,1525,170,31,27ea8eea3845779a31de7b72f804c65d6dc0951e76704b9666235164b3360763,1f10e237ca9fe00bb211e9151e810f96da40972778adb98fac8878ad9c12c31c,0304d7eb217ba95a69d48647cb5342517e500f0b992a39d47f31c8dd0248e4bb,smogn,951,2476,0.5,0,0,0,0,0,,,,170,4.989486072319938,3.9969722237919134,0.04134148035568652,41.15078218521451,12.704546854412467,14.88997608351595,36,134,0.21176470588235294,7.696003912716928,6.881806891780416,3.9586670181460994,3.2219420144815696,protocol_sensitivity_grouped10fold,main_10fold,TGSS BMI,1,9,42,70700904,100,4e9d7fc886d1f43b1622b90a22cf05a8ad37eb20425a2fe3e1353b9c87fa78a3,f89a9a3b9d132900774178818a420db84f673f750129d1aee546eb3df592a187,0,0,169,0.271301,protocol_sensitivity_grouped10fold|tgss_bmi|r1|f9|smogn_rf
tgss_bmi,relevance_weighted_rf,1525,170,31,27ea8eea3845779a31de7b72f804c65d6dc0951e76704b9666235164b3360763,1f10e237ca9fe00bb211e9151e810f96da40972778adb98fac8878ad9c12c31c,0304d7eb217ba95a69d48647cb5342517e500f0b992a39d47f31c8dd0248e4bb,none,0,1525,0.1881967213114754,0,0,0,0,0,0.16320620956750964,0.9999999999999999,3.264124191350193,170,4.782995823665085,3.774662159852004,0.11904786950298807,44.38439410952205,13.69919699205853,14.14877193651849,36,134,0.21176470588235294,8.16659079238386,7.487418645216018,3.3324982250050033,2.7772051936348054,protocol_sensitivity_grouped10fold,main_10fold,TGSS BMI,1,9,42,70700905,100,4e9d7fc886d1f43b1622b90a22cf05a8ad37eb20425a2fe3e1353b9c87fa78a3,f89a9a3b9d132900774178818a420db84f673f750129d1aee546eb3df592a187,0,0,169,0.158479,protocol_sensitivity_grouped10fold|tgss_bmi|r1|f9|relevance_weighted_rf
tgss_bmi,ekk,1526,169,31,c78b62bcec1a473a96b9274abdc6f17b5a989674e394f02a98bf5630332b9815,9295ac9afa6458f54d901bc8a1b15c74caa9df5a526aeff63a15d0a4cb2d1deb,6b06da5c7b2a0be3c8fec8ba2d5ee6e2980620b2fcfda9e4e121786c0f74e488,none,0,1526,0.190694626474443,0,0,0,0,0,,,,169,4.558466271600258,3.601569279412591,0.1306776431364669,40.19242592790462,12.13819444423012,12.284076178086282,30,139,0.17751479289940827,8.166414752658417,7.6203591949153004,3.297093766340211,2.734204549447978,protocol_sensitivity_grouped10fold,main_10fold,TGSS BMI,1,10,42,70701001,100,617c90150e9bac01570a11c5f1edca0f95cefa5e7f1413517f003415c219c28f,6f55b576094d095690697ee97d72157109af5e7fa0f2b3117525b6fdd41e8222,0,0,169,0.057839,protocol_sensitivity_grouped10fold|tgss_bmi|r1|f10|ekk
tgss_bmi,rf,1526,169,31,c78b62bcec1a473a96b9274abdc6f17b5a989674e394f02a98bf5630332b9815,9295ac9afa6458f54d901bc8a1b15c74caa9df5a526aeff63a15d0a4cb2d1deb,6b06da5c7b2a0be3c8fec8ba2d5ee6e2980620b2fcfda9e4e121786c0f74e488,none,0,1526,0.190694626474443,0,0,0,0,0,,,,169,4.542677665997222,3.516695889570809,0.1366891468042386,39.68416387722866,11.98098128223653,12.175221648963902,30,139,0.17751479289940827,8.117261976322903,7.505419640392225,3.296796225475059,2.6558202598971214,protocol_sensitivity_grouped10fold,main_10fold,TGSS BMI,1,10,42,70701002,100,617c90150e9bac01570a11c5f1edca0f95cefa5e7f1413517f003415c219c28f,6f55b576094d095690697ee97d72157109af5e7fa0f2b3117525b6fdd41e8222,0,0,169,0.151808,protocol_sensitivity_grouped10fold|tgss_bmi|r1|f10|rf
tgss_bmi,smote_r_rf,1526,169,31,c78b62bcec1a473a96b9274abdc6f17b5a989674e394f02a98bf5630332b9815,9295ac9afa6458f54d901bc8a1b15c74caa9df5a526aeff63a15d0a4cb2d1deb,6b06da5c7b2a0be3c8fec8ba2d5ee6e2980620b2fcfda9e4e121786c0f74e488,smote_r,944,2470,0.5,0,0,0,0,0,,,,169,4.687961066926223,3.814095920051561,0.08058549780207735,36.05158978003691,10.882622478180771,11.877431854529709,30,139,0.17751479289940827,7.3497395543832695,6.6556633917666055,3.880915581702369,3.20080797651594,protocol_sensitivity_grouped10fold,main_10fold,TGSS BMI,1,10,42,70701003,100,617c90150e9bac01570a11c5f1edca0f95cefa5e7f1413517f003415c219c28f,6f55b576094d095690697ee97d72157109af5e7fa0f2b3117525b6fdd41e8222,0,0,169,0.295587,protocol_sensitivity_grouped10fold|tgss_bmi|r1|f10|smote_r_rf
tgss_bmi,smogn_rf,1526,169,31,c78b62bcec1a473a96b9274abdc6f17b5a989674e394f02a98bf5630332b9815,9295ac9afa6458f54d901bc8a1b15c74caa9df5a526aeff63a15d0a4cb2d1deb,6b06da5c7b2a0be3c8fec8ba2d5ee6e2980620b2fcfda9e4e121786c0f74e488,smogn,944,2470,0.5,0,0,0,0,0,,,,169,4.744200325513482,3.7893151469226507,0.0583936141304876,37.84429062943282,11.425519688573777,12.362872562436642,30,139,0.17751479289940827,7.59966779274669,6.981818419961238,3.8600595387461345,3.100285663533027,protocol_sensitivity_grouped10fold,main_10fold,TGSS BMI,1,10,42,70701004,100,617c90150e9bac01570a11c5f1edca0f95cefa5e7f1413517f003415c219c28f,6f55b576094d095690697ee97d72157109af5e7fa0f2b3117525b6fdd41e8222,0,0,169,0.280974,protocol_sensitivity_grouped10fold|tgss_bmi|r1|f10|smogn_rf
tgss_bmi,relevance_weighted_rf,1526,169,31,c78b62bcec1a473a96b9274abdc6f17b5a989674e394f02a98bf5630332b9815,9295ac9afa6458f54d901bc8a1b15c74caa9df5a526aeff63a15d0a4cb2d1deb,6b06da5c7b2a0be3c8fec8ba2d5ee6e2980620b2fcfda9e4e121786c0f74e488,none,0,1526,0.190694626474443,0,0,0,0,0,0.1630798659597991,1.0,3.2615973191959817,169,4.5983064704628305,3.608689589741183,0.11541578928098672,40.4917405641195,12.22691006044252,12.46517358903482,30,139,0.17751479289940827,8.20071754852276,7.630820291554993,3.3456235083150814,2.740603826759785,protocol_sensitivity_grouped10fold,main_10fold,TGSS BMI,1,10,42,70701005,100,617c90150e9bac01570a11c5f1edca0f95cefa5e7f1413517f003415c219c28f,6f55b576094d095690697ee97d72157109af5e7fa0f2b3117525b6fdd41e8222,0,0,169,0.148108,protocol_sensitivity_grouped10fold|tgss_bmi|r1|f10|relevance_weighted_rf
tgss_income,ekk,2297,258,17,23091cf5a17fc55ea5091dba34c9e54131823424066e4b7f4d9fabe6d921f1c9,268f6d5cc865d34e286351dc04494d2887890289350c18dcc6678909a5b153c1,6c7ccabd028e3359f03a206783f78ef7a11e8a9319254e7e2a4b0971b2428519,none,0,2297,0.11885067479320853,0,0,0,0,0,,,,258,20228.48146074232,11504.895029425466,0.3121014192292312,1194742043.5907047,318745674.2565588,332882440.4283896,31,227,0.12015503875968993,50089.936868267636,30038.084396803093,11064.954839269476,8973.930842691076,protocol_sensitivity_grouped10fold,main_10fold,TGSS approximate personal monthly net income,1,1,42,70800101,100,9ea8c9b50537f727ce6d452cdff2f45fd42280e5ff12435b6623b23c9693ab40,06f32a1ec0153dfb6e1c5bc4064fc1f1c1f4d4e6740e45f3d476b6ae549aeee9,0,0,252,0.024161,protocol_sensitivity_grouped10fold|tgss_income|r1|f1|ekk
tgss_income,rf,2297,258,17,23091cf5a17fc55ea5091dba34c9e54131823424066e4b7f4d9fabe6d921f1c9,268f6d5cc865d34e286351dc04494d2887890289350c18dcc6678909a5b153c1,6c7ccabd028e3359f03a206783f78ef7a11e8a9319254e7e2a4b0971b2428519,none,0,2297,0.11885067479320853,0,0,0,0,0,,,,258,20105.719901929726,10784.120574391429,0.3204254505643648,1205171260.3149228,321486865.30462706,339596685.6068125,31,227,0.12015503875968993,50186.405181496695,29740.881474167156,10746.371123926987,8195.311817153335,protocol_sensitivity_grouped10fold,main_10fold,TGSS approximate personal monthly net income,1,1,42,70800102,100,9ea8c9b50537f727ce6d452cdff2f45fd42280e5ff12435b6623b23c9693ab40,06f32a1ec0153dfb6e1c5bc4064fc1f1c1f4d4e6740e45f3d476b6ae549aeee9,0,0,252,0.169319,protocol_sensitivity_grouped10fold|tgss_income|r1|f1|rf
tgss_income,smote_r_rf,2297,258,17,23091cf5a17fc55ea5091dba34c9e54131823424066e4b7f4d9fabe6d921f1c9,268f6d5cc865d34e286351dc04494d2887890289350c18dcc6678909a5b153c1,6c7ccabd028e3359f03a206783f78ef7a11e8a9319254e7e2a4b0971b2428519,smote_r,1751,4048,0.5,0,0,0,0,0,,,,258,21210.7752131965,12880.446318399083,0.24367068681137083,1140570626.6729147,304446403.9014042,361098430.9054075,31,227,0.12015503875968993,47553.68165499246,26791.203540909602,14230.867109165356,10980.739384928487,protocol_sensitivity_grouped10fold,main_10fold,TGSS approximate personal monthly net income,1,1,42,70800103,100,9ea8c9b50537f727ce6d452cdff2f45fd42280e5ff12435b6623b23c9693ab40,06f32a1ec0153dfb6e1c5bc4064fc1f1c1f4d4e6740e45f3d476b6ae549aeee9,0,0,252,0.405568,protocol_sensitivity_grouped10fold|tgss_income|r1|f1|smote_r_rf
tgss_income,smogn_rf,2297,258,17,23091cf5a17fc55ea5091dba34c9e54131823424066e4b7f4d9fabe6d921f1c9,268f6d5cc865d34e286351dc04494d2887890289350c18dcc6678909a5b153c1,6c7ccabd028e3359f03a206783f78ef7a11e8a9319254e7e2a4b0971b2428519,smogn,1751,4048,0.5,0,0,0,0,0,,,,258,21193.793698197893,12548.880931261629,0.24488124852782533,1148400328.0053456,306513622.9027156,365826624.5072868,31,227,0.12015503875968993,47667.30852319823,26387.323231380014,14149.96717105181,10659.049603932684,protocol_sensitivity_grouped10fold,main_10fold,TGSS approximate personal monthly net income,1,1,42,70800104,100,9ea8c9b50537f727ce6d452cdff2f45fd42280e5ff12435b6623b23c9693ab40,06f32a1ec0153dfb6e1c5bc4064fc1f1c1f4d4e6740e45f3d476b6ae549aeee9,0,0,252,0.410929,protocol_sensitivity_grouped10fold|tgss_income|r1|f1|smogn_rf
tgss_income,relevance_weighted_rf,2297,258,17,23091cf5a17fc55ea5091dba34c9e54131823424066e4b7f4d9fabe6d921f1c9,268f6d5cc865d34e286351dc04494d2887890289350c18dcc6678909a5b153c1,6c7ccabd028e3359f03a206783f78ef7a11e8a9319254e7e2a4b0971b2428519,none,0,2297,0.11885067479320853,0,0,0,0,0,0.18435065997572714,1.0,3.6870131995145425,258,19893.908409263822,10639.696566096925,0.334668511305508,1175523829.9400156,313592267.2525597,329809813.82835025,31,227,0.12015503875968993,49474.753184981244,28869.064696976548,10748.988559990014,8150.223385227901,protocol_sensitivity_grouped10fold,main_10fold,TGSS approximate personal monthly net income,1,1,42,70800105,100,9ea8c9b50537f727ce6d452cdff2f45fd42280e5ff12435b6623b23c9693ab40,06f32a1ec0153dfb6e1c5bc4064fc1f1c1f4d4e6740e45f3d476b6ae549aeee9,0,0,252,0.150858,protocol_sensitivity_grouped10fold|tgss_income|r1|f1|relevance_weighted_rf
tgss_income,ekk,2298,257,17,6ba909388a63d6c028da59c6b331612108d5a52b3ff3d58f0c9bed5448fcdbc0,a83727ff0b33219c976e1ea483382b9cf8ecda8a387bfaafb7c13be72d35e02b,6678aca6c667034d3aafb238f6b11dab4688a7f2f46139ca20343f6a3fdd4752,none,0,2298,0.11966927763272411,0,0,0,0,0,,,,257,17333.797242031575,10415.032453164938,0.4030845087561288,809168163.5646507,218311023.90892112,229955648.74419984,29,228,0.11284046692607004,42783.56311708894,29536.360930299194,10288.767183991838,7982.933655634706,protocol_sensitivity_grouped10fold,main_10fold,TGSS approximate personal monthly net income,1,2,42,70800201,100,dd4c2c819c35aa3b4ae8cebf4f4064724a670ecd49bf8451741543535895c513,45c947a322ac080259e454164bcfa653dbb7d6fc77c58e007df842b613a177fc,0,0,252,0.024867,protocol_sensitivity_grouped10fold|tgss_income|r1|f2|ekk
tgss_income,rf,2298,257,17,6ba909388a63d6c028da59c6b331612108d5a52b3ff3d58f0c9bed5448fcdbc0,a83727ff0b33219c976e1ea483382b9cf8ecda8a387bfaafb7c13be72d35e02b,6678aca6c667034d3aafb238f6b11dab4688a7f2f46139ca20343f6a3fdd4752,none,0,2298,0.11966927763272411,0,0,0,0,0,,,,257,16748.69245510975,10287.180384095838,0.44270231182062914,717919932.099381,193708182.72659662,213010274.12259957,29,228,0.11284046692607004,40106.112953372925,28259.89539488711,10564.504671391202,8001.1771590390545,protocol_sensitivity_grouped10fold,main_10fold,TGSS approximate personal monthly net income,1,2,42,70800202,100,dd4c2c819c35aa3b4ae8cebf4f4064724a670ecd49bf8451741543535895c513,45c947a322ac080259e454164bcfa653dbb7d6fc77c58e007df842b613a177fc,0,0,252,0.166836,protocol_sensitivity_grouped10fold|tgss_income|r1|f2|rf
tgss_income,smote_r_rf,2298,257,17,6ba909388a63d6c028da59c6b331612108d5a52b3ff3d58f0c9bed5448fcdbc0,a83727ff0b33219c976e1ea483382b9cf8ecda8a387bfaafb7c13be72d35e02b,6678aca6c667034d3aafb238f6b11dab4688a7f2f46139ca20343f6a3fdd4752,smote_r,1748,4046,0.5,0,0,0,0,0,,,,257,18508.53729000872,12249.876903284545,0.3194349818665432,695262156.4226677,187843884.32268625,253800584.9831179,29,228,0.11284046692607004,37614.49425081509,25250.499637392357,14358.931853756383,10596.288923946271,protocol_sensitivity_grouped10fold,main_10fold,TGSS approximate personal monthly net income,1,2,42,70800203,100,dd4c2c819c35aa3b4ae8cebf4f4064724a670ecd49bf8451741543535895c513,45c947a322ac080259e454164bcfa653dbb7d6fc77c58e007df842b613a177fc,0,0,252,0.412421,protocol_sensitivity_grouped10fold|tgss_income|r1|f2|smote_r_rf
tgss_income,smogn_rf,2298,257,17,6ba909388a63d6c028da59c6b331612108d5a52b3ff3d58f0c9bed5448fcdbc0,a83727ff0b33219c976e1ea483382b9cf8ecda8a387bfaafb7c13be72d35e02b,6678aca6c667034d3aafb238f6b11dab4688a7f2f46139ca20343f6a3fdd4752,smogn,1748,4046,0.5,0,0,0,0,0,,,,257,17666.940232867546,11494.74812934743,0.3799194556043942,666190972.3985422,179910812.88303536,227757484.2861934,29,228,0.11284046692607004,37189.29052521625,25541.325225769626,13262.991508323972,9708.12209515338,protocol_sensitivity_grouped10fold,main_10fold,TGSS approximate personal monthly net income,1,2,42,70800204,100,dd4c2c819c35aa3b4ae8cebf4f4064724a670ecd49bf8451741543535895c513,45c947a322ac080259e454164bcfa653dbb7d6fc77c58e007df842b613a177fc,0,0,252,0.408585,protocol_sensitivity_grouped10fold|tgss_income|r1|f2|smogn_rf
tgss_income,relevance_weighted_rf,2298,257,17,6ba909388a63d6c028da59c6b331612108d5a52b3ff3d58f0c9bed5448fcdbc0,a83727ff0b33219c976e1ea483382b9cf8ecda8a387bfaafb7c13be72d35e02b,6678aca6c667034d3aafb238f6b11dab4688a7f2f46139ca20343f6a3fdd4752,none,0,2298,0.11966927763272411,0,0,0,0,0,0.1845749754745727,1.0,3.6914995094914533,257,16900.8231650804,10246.700360575227,0.4325323075669053,719058306.1146798,194020109.41110864,220152396.6781889,29,228,0.11284046692607004,40274.306233304924,29204.213996955117,10754.507040764005,7835.437661211116,protocol_sensitivity_grouped10fold,main_10fold,TGSS approximate personal monthly net income,1,2,42,70800205,100,dd4c2c819c35aa3b4ae8cebf4f4064724a670ecd49bf8451741543535895c513,45c947a322ac080259e454164bcfa653dbb7d6fc77c58e007df842b613a177fc,0,0,252,0.141001,protocol_sensitivity_grouped10fold|tgss_income|r1|f2|relevance_weighted_rf
tgss_income,ekk,2298,257,17,75145ec23ecce233f0ec03d9d4fbce18aab27f4eb0de3a118f28abea7d5fe4ff,1fbe029c0d3fd1aa7a2d1f9a7bfde94a8a98c318b4ea442efe15616f0b8d26a1,5dd8bb42d082e6060f0bb6ed0aa6fd0a4a00b0d4708c7fbf1154720fd338a21b,none,0,2298,0.1174934725848564,0,0,0,0,0,,,,257,21191.391057619647,12005.791638735029,0.3201950377903282,1280533470.1665478,349269821.5360305,365258693.5051669,34,223,0.13229571984435798,50789.927820560224,32090.172984876444,11146.259404192344,8943.598967126023,protocol_sensitivity_grouped10fold,main_10fold,TGSS approximate personal monthly net income,1,3,42,70800301,100,73ee488343aba97faf04f5899e99a18d3d60cf8d72ae44807a3e3f3b9e48b316,8540aa0eb6c4bcfbec7611642a015d3e9363621f4e92b8a2957d362a74821a97,0,0,252,0.026508,protocol_sensitivity_grouped10fold|tgss_income|r1|f3|ekk
tgss_income,rf,2298,257,17,75145ec23ecce233f0ec03d9d4fbce18aab27f4eb0de3a118f28abea7d5fe4ff,1fbe029c0d3fd1aa7a2d1f9a7bfde94a8a98c318b4ea442efe15616f0b8d26a1,5dd8bb42d082e6060f0bb6ed0aa6fd0a4a00b0d4708c7fbf1154720fd338a21b,none,0,2298,0.1174934725848564,0,0,0,0,0,,,,257,19306.097691404324,10962.440928536082,0.4357723076559521,1036142470.3439144,282622469.67755365,297812706.06468153,34,223,0.13229571984435798,45718.45388988577,28456.529342264108,10529.56780447335,8295.180811644814,protocol_sensitivity_grouped10fold,main_10fold,TGSS approximate personal monthly net income,1,3,42,70800302,100,73ee488343aba97faf04f5899e99a18d3d60cf8d72ae44807a3e3f3b9e48b316,8540aa0eb6c4bcfbec7611642a015d3e9363621f4e92b8a2957d362a74821a97,0,0,252,0.17046,protocol_sensitivity_grouped10fold|tgss_income|r1|f3|rf
tgss_income,smote_r_rf,2298,257,17,75145ec23ecce233f0ec03d9d4fbce18aab27f4eb0de3a118f28abea7d5fe4ff,1fbe029c0d3fd1aa7a2d1f9a7bfde94a8a98c318b4ea442efe15616f0b8d26a1,5dd8bb42d082e6060f0bb6ed0aa6fd0a4a00b0d4708c7fbf1154720fd338a21b,smote_r,1758,4056,0.5,0,0,0,0,0,,,,257,20425.035688509022,12831.897749525244,0.36847427405683775,968011125.39064,264260787.93374228,318843920.19808805,34,223,0.13229571984435798,42903.61306218339,25570.124800414967,14147.099534848974,10889.74653997255,protocol_sensitivity_grouped10fold,main_10fold,TGSS approximate personal monthly net income,1,3,42,70800303,100,73ee488343aba97faf04f5899e99a18d3d60cf8d72ae44807a3e3f3b9e48b316,8540aa0eb6c4bcfbec7611642a015d3e9363621f4e92b8a2957d362a74821a97,0,0,252,0.414168,protocol_sensitivity_grouped10fold|tgss_income|r1|f3|smote_r_rf
tgss_income,smogn_rf,2298,257,17,75145ec23ecce233f0ec03d9d4fbce18aab27f4eb0de3a118f28abea7d5fe4ff,1fbe029c0d3fd1aa7a2d1f9a7bfde94a8a98c318b4ea442efe15616f0b8d26a1,5dd8bb42d082e6060f0bb6ed0aa6fd0a4a00b0d4708c7fbf1154720fd338a21b,smogn,1758,4056,0.5,0,0,0,0,0,,,,257,19741.768168856695,12252.432114023828,0.4100197224350096,907228333.5747507,247643845.9724087,297412342.0532174,34,223,0.13229571984435798,41651.72321647814,24345.31876031274,13588.617778261143,10408.673611899061,protocol_sensitivity_grouped10fold,main_10fold,TGSS approximate personal monthly net income,1,3,42,70800304,100,73ee488343aba97faf04f5899e99a18d3d60cf8d72ae44807a3e3f3b9e48b316,8540aa0eb6c4bcfbec7611642a015d3e9363621f4e92b8a2957d362a74821a97,0,0,252,0.407689,protocol_sensitivity_grouped10fold|tgss_income|r1|f3|smogn_rf
tgss_income,relevance_weighted_rf,2298,257,17,75145ec23ecce233f0ec03d9d4fbce18aab27f4eb0de3a118f28abea7d5fe4ff,1fbe029c0d3fd1aa7a2d1f9a7bfde94a8a98c318b4ea442efe15616f0b8d26a1,5dd8bb42d082e6060f0bb6ed0aa6fd0a4a00b0d4708c7fbf1154720fd338a21b,none,0,2298,0.1174934725848564,0,0,0,0,0,0.1848671538161299,1.0,3.6973430763225976,257,19428.562781659803,10981.880647573122,0.42859143113119647,1035782424.0575875,282530442.1876719,299742881.09899676,34,223,0.13229571984435798,45710.016312586566,28414.37499906885,10791.492288959256,8324.011553623099,protocol_sensitivity_grouped10fold,main_10fold,TGSS approximate personal monthly net income,1,3,42,70800305,100,73ee488343aba97faf04f5899e99a18d3d60cf8d72ae44807a3e3f3b9e48b316,8540aa0eb6c4bcfbec7611642a015d3e9363621f4e92b8a2957d362a74821a97,0,0,252,0.149674,protocol_sensitivity_grouped10fold|tgss_income|r1|f3|relevance_weighted_rf
tgss_income,ekk,2299,256,17,b93fefeeb3224f1e4513f27e1253491ac2ba818db8a48554713b8e3bc6aa811c,00e7ca6fdd691d2d860e2b5c3129e56a5dee5944850037e496fd244238d84cfc,74c4144c02da8d87f9aee4355ccbe5674a6cabe26101c1ec07440b5af09ef246,none,0,2299,0.117442366246194,0,0,0,0,0,,,,256,21319.587562737273,11801.189750862097,0.24831439248861908,1333318636.7093701,356294355.76583743,374647572.304036,34,222,0.1328125,50794.34455824722,29847.29012476455,11357.445352368246,9037.37257648064,protocol_sensitivity_grouped10fold,main_10fold,TGSS approximate personal monthly net income,1,4,42,70800401,100,c7ffbcbe2581d1882e40b3aad438cc5b2e73d45a91f7371db9185699ae82cc4c,0a6d84730f8c54ac0869c84b4ee2d7f3e15b0be3bdacf50efca9146079bb02b3,0,0,252,0.051101,protocol_sensitivity_grouped10fold|tgss_income|r1|f4|ekk
tgss_income,rf,2299,256,17,b93fefeeb3224f1e4513f27e1253491ac2ba818db8a48554713b8e3bc6aa811c,00e7ca6fdd691d2d860e2b5c3129e56a5dee5944850037e496fd244238d84cfc,74c4144c02da8d87f9aee4355ccbe5674a6cabe26101c1ec07440b5af09ef246,none,0,2299,0.117442366246194,0,0,0,0,0,,,,256,21491.26724045469,11803.077356618865,0.23615949148340665,1313285829.1066108,350862841.58936965,384449850.02806544,34,222,0.1328125,50291.227585498644,31152.83528781551,12052.219685628736,8839.600916705864,protocol_sensitivity_grouped10fold,main_10fold,TGSS approximate personal monthly net income,1,4,42,70800402,100,c7ffbcbe2581d1882e40b3aad438cc5b2e73d45a91f7371db9185699ae82cc4c,0a6d84730f8c54ac0869c84b4ee2d7f3e15b0be3bdacf50efca9146079bb02b3,0,0,252,0.164738,protocol_sensitivity_grouped10fold|tgss_income|r1|f4|rf
tgss_income,smote_r_rf,2299,256,17,b93fefeeb3224f1e4513f27e1253491ac2ba818db8a48554713b8e3bc6aa811c,00e7ca6fdd691d2d860e2b5c3129e56a5dee5944850037e496fd244238d84cfc,74c4144c02da8d87f9aee4355ccbe5674a6cabe26101c1ec07440b5af09ef246,smote_r,1759,4058,0.5,0,0,0,0,0,,,,256,21970.71164492176,12794.452408028967,0.20169860952479757,1219733907.0122454,326074958.6143045,389230572.48969114,34,222,0.1328125,47258.941610988375,25750.485500238214,14648.810555393517,10810.195087600521,protocol_sensitivity_grouped10fold,main_10fold,TGSS approximate personal monthly net income,1,4,42,70800403,100,c7ffbcbe2581d1882e40b3aad438cc5b2e73d45a91f7371db9185699ae82cc4c,0a6d84730f8c54ac0869c84b4ee2d7f3e15b0be3bdacf50efca9146079bb02b3,0,0,252,0.415801,protocol_sensitivity_grouped10fold|tgss_income|r1|f4|smote_r_rf
tgss_income,smogn_rf,2299,256,17,b93fefeeb3224f1e4513f27e1253491ac2ba818db8a48554713b8e3bc6aa811c,00e7ca6fdd691d2d860e2b5c3129e56a5dee5944850037e496fd244238d84cfc,74c4144c02da8d87f9aee4355ccbe5674a6cabe26101c1ec07440b5af09ef246,smogn,1759,4058,0.5,0,0,0,0,0,,,,256,21961.86437132455,12661.481470865398,0.2023414078910153,1242029290.8047533,332037475.0853899,391298266.29151636,34,222,0.1328125,47804.40940348497,26427.261871580355,14359.590385377966,10553.208796882027,protocol_sensitivity_grouped10fold,main_10fold,TGSS approximate personal monthly net income,1,4,42,70800404,100,c7ffbcbe2581d1882e40b3aad438cc5b2e73d45a91f7371db9185699ae82cc4c,0a6d84730f8c54ac0869c84b4ee2d7f3e15b0be3bdacf50efca9146079bb02b3,0,0,252,0.465968,protocol_sensitivity_grouped10fold|tgss_income|r1|f4|smogn_rf
tgss_income,relevance_weighted_rf,2299,256,17,b93fefeeb3224f1e4513f27e1253491ac2ba818db8a48554713b8e3bc6aa811c,00e7ca6fdd691d2d860e2b5c3129e56a5dee5944850037e496fd244238d84cfc,74c4144c02da8d87f9aee4355ccbe5674a6cabe26101c1ec07440b5af09ef246,none,0,2299,0.117442366246194,0,0,0,0,0,0.1844602528180096,1.0,3.6892050563601915,256,21511.45500368748,11782.177742398326,0.23472379449662162,1330033243.2999215,355358474.1191865,383741570.5433568,34,222,0.1328125,50566.99490985129,30754.93520725259,11916.265125648226,8876.44011264587,protocol_sensitivity_grouped10fold,main_10fold,TGSS approximate personal monthly net income,1,4,42,70800405,100,c7ffbcbe2581d1882e40b3aad438cc5b2e73d45a91f7371db9185699ae82cc4c,0a6d84730f8c54ac0869c84b4ee2d7f3e15b0be3bdacf50efca9146079bb02b3,0,0,252,0.175427,protocol_sensitivity_grouped10fold|tgss_income|r1|f4|relevance_weighted_rf
tgss_income,ekk,2300,255,17,e25eeab96d9e0a49c4eb5ba1e7162d2d73681668bcb44f2489246bc38b09d9b2,18365fe213d655e47e1ab968b4982b7a14a6172677b492fd885850f48ebd39c7,f7725235dc6ae16128fcb67fc9090b185879bc44f6004af7e916d3aaff67a5e1,none,0,2300,0.11956521739130435,0,0,0,0,0,,,,255,21943.43050346466,12124.388576348592,0.2924926912936511,1454205813.8426347,391861572.13135934,404703656.9050894,29,226,0.11372549019607843,57584.4940700427,38781.16479845788,10853.58338009024,8703.828795635454,protocol_sensitivity_grouped10fold,main_10fold,TGSS approximate personal monthly net income,1,5,42,70800501,100,6f9f672822b936fccb8bbc7d620186de1204de23ed28fec33016ed7a5a8f6b9f,3049da51667d245a57ddd7976be15888ae6b8705c7cc8ecc4a5ff054c62a24fd,0,0,252,0.062909,protocol_sensitivity_grouped10fold|tgss_income|r1|f5|ekk
tgss_income,rf,2300,255,17,e25eeab96d9e0a49c4eb5ba1e7162d2d73681668bcb44f2489246bc38b09d9b2,18365fe213d655e47e1ab968b4982b7a14a6172677b492fd885850f48ebd39c7,f7725235dc6ae16128fcb67fc9090b185879bc44f6004af7e916d3aaff67a5e1,none,0,2300,0.11956521739130435,0,0,0,0,0,,,,255,21044.417417370405,11448.608730841956,0.3492776874496365,1314003436.6929471,354061641.1604911,376683661.15311444,29,226,0.11372549019607843,54956.49087755943,38965.868954251346,10589.891831287261,7917.632861466415,protocol_sensitivity_grouped10fold,main_10fold,TGSS approximate personal monthly net income,1,5,42,70800502,100,6f9f672822b936fccb8bbc7d620186de1204de23ed28fec33016ed7a5a8f6b9f,3049da51667d245a57ddd7976be15888ae6b8705c7cc8ecc4a5ff054c62a24fd,0,0,252,0.193628,protocol_sensitivity_grouped10fold|tgss_income|r1|f5|rf
tgss_income,smote_r_rf,2300,255,17,e25eeab96d9e0a49c4eb5ba1e7162d2d73681668bcb44f2489246bc38b09d9b2,18365fe213d655e47e1ab968b4982b7a14a6172677b492fd885850f48ebd39c7,f7725235dc6ae16128fcb67fc9090b185879bc44f6004af7e916d3aaff67a5e1,smote_r,1750,4050,0.5,0,0,0,0,0,,,,255,22873.338516698183,13733.176634940859,0.23125731127442928,1294022938.2882857,348984880.29942364,435979397.5149969,29,226,0.11372549019607843,53138.24090042104,34493.11602525798,15099.499649686615,11069.290606979812,protocol_sensitivity_grouped10fold,main_10fold,TGSS approximate personal monthly net income,1,5,42,70800503,100,6f9f672822b936fccb8bbc7d620186de1204de23ed28fec33016ed7a5a8f6b9f,3049da51667d245a57ddd7976be15888ae6b8705c7cc8ecc4a5ff054c62a24fd,0,0,252,0.505027,protocol_sensitivity_grouped10fold|tgss_income|r1|f5|smote_r_rf
tgss_income,smogn_rf,2300,255,17,e25eeab96d9e0a49c4eb5ba1e7162d2d73681668bcb44f2489246bc38b09d9b2,18365fe213d655e47e1ab968b4982b7a14a6172677b492fd885850f48ebd39c7,f7725235dc6ae16128fcb67fc9090b185879bc44f6004af7e916d3aaff67a5e1,smogn,1750,4050,0.5,0,0,0,0,0,,,,255,22481.055159980482,13089.260798831365,0.2573994510142459,1331831358.1017597,359076693.7480203,423066774.86710006,29,226,0.11372549019607843,54735.95361297832,36311.70801452617,13630.999217087521,10109.389253454598,protocol_sensitivity_grouped10fold,main_10fold,TGSS approximate personal monthly net income,1,5,42,70800504,100,6f9f672822b936fccb8bbc7d620186de1204de23ed28fec33016ed7a5a8f6b9f,3049da51667d245a57ddd7976be15888ae6b8705c7cc8ecc4a5ff054c62a24fd,0,0,252,0.460931,protocol_sensitivity_grouped10fold|tgss_income|r1|f5|smogn_rf
tgss_income,relevance_weighted_rf,2300,255,17,e25eeab96d9e0a49c4eb5ba1e7162d2d73681668bcb44f2489246bc38b09d9b2,18365fe213d655e47e1ab968b4982b7a14a6172677b492fd885850f48ebd39c7,f7725235dc6ae16128fcb67fc9090b185879bc44f6004af7e916d3aaff67a5e1,none,0,2300,0.11956521739130435,0,0,0,0,0,0.18460227212835473,1.0,3.6920454425670943,255,21271.246218412125,11368.470768674668,0.33517437144337925,1362833399.771028,367194942.74130607,384569757.48083496,29,226,0.11372549019607843,56081.78227841898,39471.133693874064,10341.29656231946,7762.376853494213,protocol_sensitivity_grouped10fold,main_10fold,TGSS approximate personal monthly net income,1,5,42,70800505,100,6f9f672822b936fccb8bbc7d620186de1204de23ed28fec33016ed7a5a8f6b9f,3049da51667d245a57ddd7976be15888ae6b8705c7cc8ecc4a5ff054c62a24fd,0,0,252,0.169974,protocol_sensitivity_grouped10fold|tgss_income|r1|f5|relevance_weighted_rf
tgss_income,ekk,2299,256,17,f24dda516e7e608ef490a8f8a5c094891786c4c7e72213516c4f709f47d998d3,f07e6f7c7b5b58df43dcf00af3f71f1fc01a48f180e1881feda8398124e6bc4f,19a38f006f82d86f5ab467dfbacca526560c84f29d1afa54059af2cb456e7686,none,0,2299,0.12005219660722052,0,0,0,0,0,,,,256,17907.185445123323,10559.381146877276,0.28345494846692787,847499988.1617967,221524838.63383672,238124045.59227777,28,228,0.109375,43985.57488648855,25236.972024812447,11065.666047736877,8756.869986429097,protocol_sensitivity_grouped10fold,main_10fold,TGSS approximate personal monthly net income,1,6,42,70800601,100,c9365d5f90d60adac7bed1bc9f8943593b987a012409f08bb5fc84bed411f4f4,76ca15582c20284da7b8175bf74d5b249afb0736f36e89a5bb1804193b26639f,0,0,252,0.04607,protocol_sensitivity_grouped10fold|tgss_income|r1|f6|ekk
tgss_income,rf,2299,256,17,f24dda516e7e608ef490a8f8a5c094891786c4c7e72213516c4f709f47d998d3,f07e6f7c7b5b58df43dcf00af3f71f1fc01a48f180e1881feda8398124e6bc4f,19a38f006f82d86f5ab467dfbacca526560c84f29d1afa54059af2cb456e7686,none,0,2299,0.12005219660722052,0,0,0,0,0,,,,256,18472.669526120095,10350.16118146244,0.2374854055204496,937743637.3725476,245054213.34397507,268641379.01414543,28,228,0.109375,46937.74019846895,27790.23821915063,10610.545117523396,8208.397334728801,protocol_sensitivity_grouped10fold,main_10fold,TGSS approximate personal monthly net income,1,6,42,70800602,100,c9365d5f90d60adac7bed1bc9f8943593b987a012409f08bb5fc84bed411f4f4,76ca15582c20284da7b8175bf74d5b249afb0736f36e89a5bb1804193b26639f,0,0,252,0.176575,protocol_sensitivity_grouped10fold|tgss_income|r1|f6|rf
tgss_income,smote_r_rf,2299,256,17,f24dda516e7e608ef490a8f8a5c094891786c4c7e72213516c4f709f47d998d3,f07e6f7c7b5b58df43dcf00af3f71f1fc01a48f180e1881feda8398124e6bc4f,19a38f006f82d86f5ab467dfbacca526560c84f29d1afa54059af2cb456e7686,smote_r,1747,4046,0.5,0,0,0,0,0,,,,256,20184.409063247058,12804.806869581946,0.08962375457285876,928887066.1866261,242913620.18042985,306625267.2599477,28,228,0.109375,44958.33713144625,26204.12774525271,14464.414341304862,11159.276235727639,protocol_sensitivity_grouped10fold,main_10fold,TGSS approximate personal monthly net income,1,6,42,70800603,100,c9365d5f90d60adac7bed1bc9f8943593b987a012409f08bb5fc84bed411f4f4,76ca15582c20284da7b8175bf74d5b249afb0736f36e89a5bb1804193b26639f,0,0,252,0.393449,protocol_sensitivity_grouped10fold|tgss_income|r1|f6|smote_r_rf
tgss_income,smogn_rf,2299,256,17,f24dda516e7e608ef490a8f8a5c094891786c4c7e72213516c4f709f47d998d3,f07e6f7c7b5b58df43dcf00af3f71f1fc01a48f180e1881feda8398124e6bc4f,19a38f006f82d86f5ab467dfbacca526560c84f29d1afa54059af2cb456e7686,smogn,1747,4046,0.5,0,0,0,0,0,,,,256,19409.162450869077,12196.310997989647,0.15821258459060772,855216582.101468,223703214.12445775,280447522.0199312,28,228,0.109375,42800.30566578663,22866.98297382699,14071.705102006787,10885.87759744822,protocol_sensitivity_grouped10fold,main_10fold,TGSS approximate personal monthly net income,1,6,42,70800604,100,c9365d5f90d60adac7bed1bc9f8943593b987a012409f08bb5fc84bed411f4f4,76ca15582c20284da7b8175bf74d5b249afb0736f36e89a5bb1804193b26639f,0,0,252,0.401652,protocol_sensitivity_grouped10fold|tgss_income|r1|f6|smogn_rf
tgss_income,relevance_weighted_rf,2299,256,17,f24dda516e7e608ef490a8f8a5c094891786c4c7e72213516c4f709f47d998d3,f07e6f7c7b5b58df43dcf00af3f71f1fc01a48f180e1881feda8398124e6bc4f,19a38f006f82d86f5ab467dfbacca526560c84f29d1afa54059af2cb456e7686,none,0,2299,0.12005219660722052,0,0,0,0,0,0.18392651507055258,1.0,3.678530301411051,256,17903.956249988038,10158.05036014207,0.28371335369455863,860206609.9907613,224795794.57656324,246729794.62884006,28,228,0.109375,44671.226214357725,25721.430573984424,10716.99453911816,8246.758053178974,protocol_sensitivity_grouped10fold,main_10fold,TGSS approximate personal monthly net income,1,6,42,70800605,100,c9365d5f90d60adac7bed1bc9f8943593b987a012409f08bb5fc84bed411f4f4,76ca15582c20284da7b8175bf74d5b249afb0736f36e89a5bb1804193b26639f,0,0,252,0.139705,protocol_sensitivity_grouped10fold|tgss_income|r1|f6|relevance_weighted_rf
tgss_income,ekk,2299,256,17,134f26332c380734db604fa7c5c58c116ccbca94c91ea6fae9916c5675a11184,97f0e4984a46f753ee6ad18f23b3d46ba4d95278d4dd138012b1d6d57967a256,914530f78f576f99916a06672333d732f9a2b9cb312ce10c5d11a97ef8d4cd27,none,0,2299,0.11918225315354503,0,0,0,0,0,,,,256,15060.919172951566,10221.442887204506,0.4449657421495278,511358278.52339625,140888538.85937423,156124088.98174155,30,226,0.1171875,33117.71290730362,23996.619285112432,10552.297500794639,8392.87964854416,protocol_sensitivity_grouped10fold,main_10fold,TGSS approximate personal monthly net income,1,7,42,70800701,100,baaacf24c514dbefcfa604442f1992706c0a545e917420a42d9fb85feb297946,349a8bde8e5b3fec6cf7293e616277c766267cf0581174ee45fa85964286e062,0,0,252,0.024119,protocol_sensitivity_grouped10fold|tgss_income|r1|f7|ekk
tgss_income,rf,2299,256,17,134f26332c380734db604fa7c5c58c116ccbca94c91ea6fae9916c5675a11184,97f0e4984a46f753ee6ad18f23b3d46ba4d95278d4dd138012b1d6d57967a256,914530f78f576f99916a06672333d732f9a2b9cb312ce10c5d11a97ef8d4cd27,none,0,2299,0.11918225315354503,0,0,0,0,0,,,,256,13538.043168353923,9170.034071298112,0.5515349293522769,377699263.51301676,104086078.90533224,119405430.80178171,30,226,0.1171875,28249.763456125394,19868.246860750045,10083.248796981152,7749.917329335464,protocol_sensitivity_grouped10fold,main_10fold,TGSS approximate personal monthly net income,1,7,42,70800702,100,baaacf24c514dbefcfa604442f1992706c0a545e917420a42d9fb85feb297946,349a8bde8e5b3fec6cf7293e616277c766267cf0581174ee45fa85964286e062,0,0,252,0.168309,protocol_sensitivity_grouped10fold|tgss_income|r1|f7|rf
tgss_income,smote_r_rf,2299,256,17,134f26332c380734db604fa7c5c58c116ccbca94c91ea6fae9916c5675a11184,97f0e4984a46f753ee6ad18f23b3d46ba4d95278d4dd138012b1d6d57967a256,914530f78f576f99916a06672333d732f9a2b9cb312ce10c5d11a97ef8d4cd27,smote_r,1751,4050,0.5,0,0,0,0,0,,,,256,15361.576997586932,10842.617568565696,0.4225844998030085,378643989.222066,104499706.58440234,151095745.70481068,30,226,0.1171875,25964.618344494338,16212.064640744658,13334.62093144041,10129.859107656981,protocol_sensitivity_grouped10fold,main_10fold,TGSS approximate personal monthly net income,1,7,42,70800703,100,baaacf24c514dbefcfa604442f1992706c0a545e917420a42d9fb85feb297946,349a8bde8e5b3fec6cf7293e616277c766267cf0581174ee45fa85964286e062,0,0,252,0.396252,protocol_sensitivity_grouped10fold|tgss_income|r1|f7|smote_r_rf
tgss_income,smogn_rf,2299,256,17,134f26332c380734db604fa7c5c58c116ccbca94c91ea6fae9916c5675a11184,97f0e4984a46f753ee6ad18f23b3d46ba4d95278d4dd138012b1d6d57967a256,914530f78f576f99916a06672333d732f9a2b9cb312ce10c5d11a97ef8d4cd27,smogn,1751,4050,0.5,0,0,0,0,0,,,,256,14629.462401326153,10103.085811996898,0.4763108596734926,357767471.9011682,98719485.70628512,138499326.1536048,30,226,0.1171875,25710.762333787385,16128.150040518982,12437.119819480477,9303.298525024944,protocol_sensitivity_grouped10fold,main_10fold,TGSS approximate personal monthly net income,1,7,42,70800704,100,baaacf24c514dbefcfa604442f1992706c0a545e917420a42d9fb85feb297946,349a8bde8e5b3fec6cf7293e616277c766267cf0581174ee45fa85964286e062,0,0,252,0.391055,protocol_sensitivity_grouped10fold|tgss_income|r1|f7|smogn_rf
tgss_income,relevance_weighted_rf,2299,256,17,134f26332c380734db604fa7c5c58c116ccbca94c91ea6fae9916c5675a11184,97f0e4984a46f753ee6ad18f23b3d46ba4d95278d4dd138012b1d6d57967a256,914530f78f576f99916a06672333d732f9a2b9cb312ce10c5d11a97ef8d4cd27,none,0,2299,0.11918225315354503,0,0,0,0,0,0.18501097931482088,1.0,3.7002195862964173,256,13623.864257670433,9329.894032455022,0.5458310396184018,377462969.13866,104015816.5921149,120665201.9559296,30,226,0.1171875,28100.651276526452,20076.391308808452,10267.803301181779,7903.367845328461,protocol_sensitivity_grouped10fold,main_10fold,TGSS approximate personal monthly net income,1,7,42,70800705,100,baaacf24c514dbefcfa604442f1992706c0a545e917420a42d9fb85feb297946,349a8bde8e5b3fec6cf7293e616277c766267cf0581174ee45fa85964286e062,0,0,252,0.148568,protocol_sensitivity_grouped10fold|tgss_income|r1|f7|relevance_weighted_rf
tgss_income,ekk,2300,255,17,a05b0ccb0b01a4bf0ac4971a8368e86d4896a3e873d83129fd3da29f0c8c77a9,540392895e8b31fd31cfdb3476461cf2d5ef573c1528a8c209e40d792e74d8aa,60b6db2e01de8ef4c9a9787391a24dca7b4d30cc479fa77ebf65b5a0e702df51,none,0,2300,0.11869565217391305,0,0,0,0,0,,,,255,19392.384580257363,11328.979716245702,0.3100300746478646,1048938515.1524453,282850082.4950317,301557772.5317217,31,224,0.12156862745098039,47585.689947258215,32618.282983696812,10711.336889941394,8382.692210482379,protocol_sensitivity_grouped10fold,main_10fold,TGSS approximate personal monthly net income,1,8,42,70800801,100,df27fb80780045008d1ed42d33730f799182837fd26aef7787f03e55f8dc93a6,116fb308f4cc5a05b6384d807ea32c5612ee4c1354972ba74ce8f8edd94c3648,0,0,252,0.025331,protocol_sensitivity_grouped10fold|tgss_income|r1|f8|ekk
tgss_income,rf,2300,255,17,a05b0ccb0b01a4bf0ac4971a8368e86d4896a3e873d83129fd3da29f0c8c77a9,540392895e8b31fd31cfdb3476461cf2d5ef573c1528a8c209e40d792e74d8aa,60b6db2e01de8ef4c9a9787391a24dca7b4d30cc479fa77ebf65b5a0e702df51,none,0,2300,0.11869565217391305,0,0,0,0,0,,,,255,19954.90920188205,11019.936690893088,0.26942090264819296,1053335815.3064419,284115000.3966709,335123122.1442952,31,224,0.12156862745098039,46767.94018382275,33349.66284158391,12272.236599760037,7929.662089681412,protocol_sensitivity_grouped10fold,main_10fold,TGSS approximate personal monthly net income,1,8,42,70800802,100,df27fb80780045008d1ed42d33730f799182837fd26aef7787f03e55f8dc93a6,116fb308f4cc5a05b6384d807ea32c5612ee4c1354972ba74ce8f8edd94c3648,0,0,252,0.156866,protocol_sensitivity_grouped10fold|tgss_income|r1|f8|rf
tgss_income,smote_r_rf,2300,255,17,a05b0ccb0b01a4bf0ac4971a8368e86d4896a3e873d83129fd3da29f0c8c77a9,540392895e8b31fd31cfdb3476461cf2d5ef573c1528a8c209e40d792e74d8aa,60b6db2e01de8ef4c9a9787391a24dca7b4d30cc479fa77ebf65b5a0e702df51,smote_r,1754,4054,0.5,0,0,0,0,0,,,,255,21045.500161129494,12823.120682469664,0.18738238274362984,1007942974.4254514,272072108.84264207,366750590.89556384,31,224,0.12156862745098039,44332.875738367606,29584.065535225145,15238.478468957004,10503.525635882967,protocol_sensitivity_grouped10fold,main_10fold,TGSS approximate personal monthly net income,1,8,42,70800803,100,df27fb80780045008d1ed42d33730f799182837fd26aef7787f03e55f8dc93a6,116fb308f4cc5a05b6384d807ea32c5612ee4c1354972ba74ce8f8edd94c3648,0,0,252,0.404755,protocol_sensitivity_grouped10fold|tgss_income|r1|f8|smote_r_rf
tgss_income,smogn_rf,2300,255,17,a05b0ccb0b01a4bf0ac4971a8368e86d4896a3e873d83129fd3da29f0c8c77a9,540392895e8b31fd31cfdb3476461cf2d5ef573c1528a8c209e40d792e74d8aa,60b6db2e01de8ef4c9a9787391a24dca7b4d30cc479fa77ebf65b5a0e702df51,smogn,1754,4054,0.5,0,0,0,0,0,,,,255,20987.48729888671,12331.741414657736,0.1918562416334212,1020766662.64213,275507766.60604805,365121401.011761,31,224,0.12156862745098039,44564.73879285115,29795.84729272319,15052.665675457676,9914.83390474689,protocol_sensitivity_grouped10fold,main_10fold,TGSS approximate personal monthly net income,1,8,42,70800804,100,df27fb80780045008d1ed42d33730f799182837fd26aef7787f03e55f8dc93a6,116fb308f4cc5a05b6384d807ea32c5612ee4c1354972ba74ce8f8edd94c3648,0,0,252,0.400422,protocol_sensitivity_grouped10fold|tgss_income|r1|f8|smogn_rf
tgss_income,relevance_weighted_rf,2300,255,17,a05b0ccb0b01a4bf0ac4971a8368e86d4896a3e873d83129fd3da29f0c8c77a9,540392895e8b31fd31cfdb3476461cf2d5ef573c1528a8c209e40d792e74d8aa,60b6db2e01de8ef4c9a9787391a24dca7b4d30cc479fa77ebf65b5a0e702df51,none,0,2300,0.11869565217391305,0,0,0,0,0,0.1846005115828953,1.0,3.692010231657906,255,19962.51042937965,11052.110258176797,0.2688642120063688,1064448415.0550023,287107165.9850247,334138635.21902263,31,224,0.12156862745098039,47100.58199386973,33344.52751387501,12109.167724030576,7966.998941539992,protocol_sensitivity_grouped10fold,main_10fold,TGSS approximate personal monthly net income,1,8,42,70800805,100,df27fb80780045008d1ed42d33730f799182837fd26aef7787f03e55f8dc93a6,116fb308f4cc5a05b6384d807ea32c5612ee4c1354972ba74ce8f8edd94c3648,0,0,252,0.140125,protocol_sensitivity_grouped10fold|tgss_income|r1|f8|relevance_weighted_rf
tgss_income,ekk,2302,253,17,e6537d7d20b47b8c017205fdf0099f85c5ea5a8d39fbc27c927b5d798bb03c61,047eeb7d8aad520fcc104f99d23601f6835630ed554abdd535a218853ef1807d,1394529df49d632df87c2afa688dc311683b41381f1192a813698983a7d83a76,none,0,2302,0.11989574283231973,0,0,0,0,0,,,,253,14557.740318628075,10123.077277980472,0.44267936128281427,482033284.2390729,129592177.09590527,141557220.97584623,28,225,0.11067193675889328,32873.22877155581,26138.09508126992,10189.222508650764,8130.097284682229,protocol_sensitivity_grouped10fold,main_10fold,TGSS approximate personal monthly net income,1,9,42,70800901,100,924405e7ec3d9352127f40d97a21c077dbfdd2ab2586cff11099f393bfc55547,875f41d386cb1de5f119c407686761158381d834e94b1b3a1c9abe40b8d0ade7,0,0,252,0.02459,protocol_sensitivity_grouped10fold|tgss_income|r1|f9|ekk
tgss_income,rf,2302,253,17,e6537d7d20b47b8c017205fdf0099f85c5ea5a8d39fbc27c927b5d798bb03c61,047eeb7d8aad520fcc104f99d23601f6835630ed554abdd535a218853ef1807d,1394529df49d632df87c2afa688dc311683b41381f1192a813698983a7d83a76,none,0,2302,0.11989574283231973,0,0,0,0,0,,,,253,14862.64912924044,9806.413332208123,0.4190889462803421,520690742.3812507,139896867.7102161,156580652.1903609,28,225,0.11067193675889328,35687.200685655276,29550.88772031235,9481.4775230104,7349.323186132931,protocol_sensitivity_grouped10fold,main_10fold,TGSS approximate personal monthly net income,1,9,42,70800902,100,924405e7ec3d9352127f40d97a21c077dbfdd2ab2586cff11099f393bfc55547,875f41d386cb1de5f119c407686761158381d834e94b1b3a1c9abe40b8d0ade7,0,0,252,0.163991,protocol_sensitivity_grouped10fold|tgss_income|r1|f9|rf
tgss_income,smote_r_rf,2302,253,17,e6537d7d20b47b8c017205fdf0099f85c5ea5a8d39fbc27c927b5d798bb03c61,047eeb7d8aad520fcc104f99d23601f6835630ed554abdd535a218853ef1807d,1394529df49d632df87c2afa688dc311683b41381f1192a813698983a7d83a76,smote_r,1750,4052,0.5,0,0,0,0,0,,,,253,17063.02982773635,11486.401415172208,0.23435140523028208,556162656.5579876,149664038.51717803,205010722.2010001,28,225,0.11067193675889328,35974.04886306554,26421.99649573333,12896.939571748433,9627.749582924604,protocol_sensitivity_grouped10fold,main_10fold,TGSS approximate personal monthly net income,1,9,42,70800903,100,924405e7ec3d9352127f40d97a21c077dbfdd2ab2586cff11099f393bfc55547,875f41d386cb1de5f119c407686761158381d834e94b1b3a1c9abe40b8d0ade7,0,0,252,0.410614,protocol_sensitivity_grouped10fold|tgss_income|r1|f9|smote_r_rf
tgss_income,smogn_rf,2302,253,17,e6537d7d20b47b8c017205fdf0099f85c5ea5a8d39fbc27c927b5d798bb03c61,047eeb7d8aad520fcc104f99d23601f6835630ed554abdd535a218853ef1807d,1394529df49d632df87c2afa688dc311683b41381f1192a813698983a7d83a76,smogn,1750,4052,0.5,0,0,0,0,0,,,,253,15982.048460447606,11112.651157613049,0.3282895941838955,467527939.4355875,125806050.99098703,174235644.99868798,28,225,0.11067193675889328,32109.45430713934,24686.30486684654,12605.866059848078,9423.485362686217,protocol_sensitivity_grouped10fold,main_10fold,TGSS approximate personal monthly net income,1,9,42,70800904,100,924405e7ec3d9352127f40d97a21c077dbfdd2ab2586cff11099f393bfc55547,875f41d386cb1de5f119c407686761158381d834e94b1b3a1c9abe40b8d0ade7,0,0,252,0.39305,protocol_sensitivity_grouped10fold|tgss_income|r1|f9|smogn_rf
tgss_income,relevance_weighted_rf,2302,253,17,e6537d7d20b47b8c017205fdf0099f85c5ea5a8d39fbc27c927b5d798bb03c61,047eeb7d8aad520fcc104f99d23601f6835630ed554abdd535a218853ef1807d,1394529df49d632df87c2afa688dc311683b41381f1192a813698983a7d83a76,none,0,2302,0.11989574283231973,0,0,0,0,0,0.18453194438741896,1.0,3.6906388877483787,253,14979.287729825182,10000.662422655434,0.40993546079153664,522439316.8264882,140386480.36186096,159285057.70289236,28,225,0.11067193675889328,35626.30132038554,30241.249493199426,9713.534366328753,7481.833809432184,protocol_sensitivity_grouped10fold,main_10fold,TGSS approximate personal monthly net income,1,9,42,70800905,100,924405e7ec3d9352127f40d97a21c077dbfdd2ab2586cff11099f393bfc55547,875f41d386cb1de5f119c407686761158381d834e94b1b3a1c9abe40b8d0ade7,0,0,252,0.138483,protocol_sensitivity_grouped10fold|tgss_income|r1|f9|relevance_weighted_rf
tgss_income,ekk,2303,252,17,329e9aaf00b2ebb1e47e80c07d6c211a239480bfa063839d12848225a9f38a56,82db4f534c54853292ca2bfb34a5573c8ebf31ba37eb9c74f3fc0a7d7a5dac87,a9f07ba8978147ba06c1c2b52dd29ce953cc30d707ca2f73a9bb0464434db650,none,0,2303,0.11897524967433783,0,0,0,0,0,,,,252,18944.781054752293,10993.380192483386,0.3377322860486742,1013080849.3107495,273948049.6149589,288050648.42964554,30,222,0.11904761904761904,47196.26497595951,32607.34151127583,10314.72509298177,8072.574608862784,protocol_sensitivity_grouped10fold,main_10fold,TGSS approximate personal monthly net income,1,10,42,70801001,100,cd68f82d3188bf7dbbd6b6e51c8f56bfd35dd1b502dcaa7ea36660b565d4b791,771ddeac6cb7138d91c4dcfd5acb19fb46e92f06ed4eeb628294d7f46410f3d9,0,0,251,0.026758,protocol_sensitivity_grouped10fold|tgss_income|r1|f10|ekk
tgss_income,rf,2303,252,17,329e9aaf00b2ebb1e47e80c07d6c211a239480bfa063839d12848225a9f38a56,82db4f534c54853292ca2bfb34a5573c8ebf31ba37eb9c74f3fc0a7d7a5dac87,a9f07ba8978147ba06c1c2b52dd29ce953cc30d707ca2f73a9bb0464434db650,none,0,2303,0.11897524967433783,0,0,0,0,0,,,,252,19203.326514233206,10418.051006773863,0.3195325824052496,1046328950.6023362,282906634.18413544,311604823.94179064,30,222,0.11904761904761904,48193.484402527145,33487.074276443025,10233.99973674324,7300.615429791546,protocol_sensitivity_grouped10fold,main_10fold,TGSS approximate personal monthly net income,1,10,42,70801002,100,cd68f82d3188bf7dbbd6b6e51c8f56bfd35dd1b502dcaa7ea36660b565d4b791,771ddeac6cb7138d91c4dcfd5acb19fb46e92f06ed4eeb628294d7f46410f3d9,0,0,251,0.174447,protocol_sensitivity_grouped10fold|tgss_income|r1|f10|rf
tgss_income,smote_r_rf,2303,252,17,329e9aaf00b2ebb1e47e80c07d6c211a239480bfa063839d12848225a9f38a56,82db4f534c54853292ca2bfb34a5573c8ebf31ba37eb9c74f3fc0a7d7a5dac87,a9f07ba8978147ba06c1c2b52dd29ce953cc30d707ca2f73a9bb0464434db650,smote_r,1755,4058,0.5,0,0,0,0,0,,,,252,20353.378852778398,11778.030116785296,0.2355881068175275,1045827442.7963756,282914119.8058449,342846130.300619,30,222,0.11904761904761904,47216.65780206312,30970.92175408282,12998.812233111903,9184.396111745089,protocol_sensitivity_grouped10fold,main_10fold,TGSS approximate personal monthly net income,1,10,42,70801003,100,cd68f82d3188bf7dbbd6b6e51c8f56bfd35dd1b502dcaa7ea36660b565d4b791,771ddeac6cb7138d91c4dcfd5acb19fb46e92f06ed4eeb628294d7f46410f3d9,0,0,251,0.412907,protocol_sensitivity_grouped10fold|tgss_income|r1|f10|smote_r_rf
tgss_income,smogn_rf,2303,252,17,329e9aaf00b2ebb1e47e80c07d6c211a239480bfa063839d12848225a9f38a56,82db4f534c54853292ca2bfb34a5573c8ebf31ba37eb9c74f3fc0a7d7a5dac87,a9f07ba8978147ba06c1c2b52dd29ce953cc30d707ca2f73a9bb0464434db650,smogn,1755,4058,0.5,0,0,0,0,0,,,,252,20216.453789769614,11901.615224379759,0.24583850103218363,1008699295.4514128,272903855.32981384,336798267.5806296,30,222,0.11904761904761904,46116.22109841916,31187.45082290898,13286.938230510632,9295.421224578507,protocol_sensitivity_grouped10fold,main_10fold,TGSS approximate personal monthly net income,1,10,42,70801004,100,cd68f82d3188bf7dbbd6b6e51c8f56bfd35dd1b502dcaa7ea36660b565d4b791,771ddeac6cb7138d91c4dcfd5acb19fb46e92f06ed4eeb628294d7f46410f3d9,0,0,251,0.391708,protocol_sensitivity_grouped10fold|tgss_income|r1|f10|smogn_rf
tgss_income,relevance_weighted_rf,2303,252,17,329e9aaf00b2ebb1e47e80c07d6c211a239480bfa063839d12848225a9f38a56,82db4f534c54853292ca2bfb34a5573c8ebf31ba37eb9c74f3fc0a7d7a5dac87,a9f07ba8978147ba06c1c2b52dd29ce953cc30d707ca2f73a9bb0464434db650,none,0,2303,0.11897524967433783,0,0,0,0,0,0.18462980328048198,1.0,3.6925960656096395,252,19415.05517333045,10484.425815141336,0.3044447059206348,1066971786.7530985,288481660.2494182,319979231.5818832,30,222,0.11904761904761904,48677.36856478606,34117.1174676352,10376.991672257087,7290.818835074598,protocol_sensitivity_grouped10fold,main_10fold,TGSS approximate personal monthly net income,1,10,42,70801005,100,cd68f82d3188bf7dbbd6b6e51c8f56bfd35dd1b502dcaa7ea36660b565d4b791,771ddeac6cb7138d91c4dcfd5acb19fb46e92f06ed4eeb628294d7f46410f3d9,0,0,251,0.138739,protocol_sensitivity_grouped10fold|tgss_income|r1|f10|relevance_weighted_rf
