dataset_key,model_key,train_n,test_n,model_feature_count,fit_index_hash,test_index_hash,relevance_train_hash,resampling_method,synthetic_n,resampled_train_n,final_rare_ratio_train,invalid_nominal_total,invalid_binary_total,invalid_onehot_group_total,ordinal_noninteger_total,out_of_bounds_total,sample_weight_min,sample_weight_mean,sample_weight_max,n,rmse,mae,r2,wmse,sera,oiha,rare_count,normal_count,rare_ratio,rare_rmse,rare_mae,normal_rmse,normal_mae,protocol,scenario,dataset_name,repeat,fold,split_seed,model_seed,rf_n_estimators,train_index_sha256,test_index_sha256,actual_group_overlap_n,overlap_test_rows_n,test_group_n,elapsed_seconds,task_id
abalone,ekk,3341,836,10,3b2b1a1ab46df5f5d1b04ca9d81d3617bfaff751ac48a3823fa41927fd6d5dfa,70f8009f6cf93fd55bd7602a764c876433c5df99840b6669403a8c5be87ce44a,3547926a94f1f721647e56721f955e8a549c08d22d2343efc12eb854a085aee9,none,0,3341,0.27297216402274765,0,0,0,0,0,,,,836,2.291484995950162,1.5745644070684415,0.5073223051078976,8.697321315492163,3.1123273456725653,4.015144499247066,229,607,0.27392344497607657,3.2242244908523956,2.3430190712292593,1.819334888477673,1.284653174625563,main_grouped_repeated5fold,main,Abalone,1,1,42,50110101,100,79079eb9238ab2f01424982d0989aa4c5a6cf691ef285e00bc036e75741f3a1d,58a03d1b681a09218d8191859e08d819082946a4f2372f4052b109f3fb15cd21,0,0,836,0.039831,main_grouped_repeated5fold|main|abalone|r1|f1|ekk
abalone,rf,3341,836,10,3b2b1a1ab46df5f5d1b04ca9d81d3617bfaff751ac48a3823fa41927fd6d5dfa,70f8009f6cf93fd55bd7602a764c876433c5df99840b6669403a8c5be87ce44a,3547926a94f1f721647e56721f955e8a549c08d22d2343efc12eb854a085aee9,none,0,3341,0.27297216402274765,0,0,0,0,0,,,,836,2.188974099515531,1.532279324234872,0.5504167621239707,8.673189580806616,3.10234836074143,3.6136111695759436,229,607,0.27392344497607657,3.272635865429659,2.309871361782008,1.5996090128322056,1.2389208784386707,main_grouped_repeated5fold,main,Abalone,1,1,42,50110102,100,79079eb9238ab2f01424982d0989aa4c5a6cf691ef285e00bc036e75741f3a1d,58a03d1b681a09218d8191859e08d819082946a4f2372f4052b109f3fb15cd21,0,0,836,0.250246,main_grouped_repeated5fold|main|abalone|r1|f1|rf
abalone,smote_r_rf,3341,836,10,3b2b1a1ab46df5f5d1b04ca9d81d3617bfaff751ac48a3823fa41927fd6d5dfa,70f8009f6cf93fd55bd7602a764c876433c5df99840b6669403a8c5be87ce44a,3547926a94f1f721647e56721f955e8a549c08d22d2343efc12eb854a085aee9,smote_r,1517,4858,0.5,0,0,0,0,0,,,,836,2.2509268712387844,1.5962314297796154,0.5246082546518678,8.290483984235221,2.9663448904249456,3.803559925164068,229,607,0.27392344497607657,3.1429648302573345,2.161143420884703,1.8031746730143685,1.3831097725093267,main_grouped_repeated5fold,main,Abalone,1,1,42,50110103,100,79079eb9238ab2f01424982d0989aa4c5a6cf691ef285e00bc036e75741f3a1d,58a03d1b681a09218d8191859e08d819082946a4f2372f4052b109f3fb15cd21,0,0,836,0.640974,main_grouped_repeated5fold|main|abalone|r1|f1|smote_r_rf
abalone,smogn_rf,3341,836,10,3b2b1a1ab46df5f5d1b04ca9d81d3617bfaff751ac48a3823fa41927fd6d5dfa,70f8009f6cf93fd55bd7602a764c876433c5df99840b6669403a8c5be87ce44a,3547926a94f1f721647e56721f955e8a549c08d22d2343efc12eb854a085aee9,smogn,1517,4858,0.5,0,0,0,0,0,,,,836,2.23607254207077,1.5917633702645935,0.5308619672890855,8.18773244277008,2.9298886642502344,3.717625143404133,229,607,0.27392344497607657,3.1184637273801163,2.1631510789747312,1.7937444830869216,1.3761986498451182,main_grouped_repeated5fold,main,Abalone,1,1,42,50110104,100,79079eb9238ab2f01424982d0989aa4c5a6cf691ef285e00bc036e75741f3a1d,58a03d1b681a09218d8191859e08d819082946a4f2372f4052b109f3fb15cd21,0,0,836,0.624747,main_grouped_repeated5fold|main|abalone|r1|f1|smogn_rf
abalone,relevance_weighted_rf,3341,836,10,3b2b1a1ab46df5f5d1b04ca9d81d3617bfaff751ac48a3823fa41927fd6d5dfa,70f8009f6cf93fd55bd7602a764c876433c5df99840b6669403a8c5be87ce44a,3547926a94f1f721647e56721f955e8a549c08d22d2343efc12eb854a085aee9,none,0,3341,0.27297216402274765,0,0,0,0,0,0.13726861422377323,1.0,2.7453722844754647,836,2.1959642480348385,1.5229803366599222,0.5475408291532448,8.781079472132728,3.140835165163941,3.6664187718399694,229,607,0.27392344497607657,3.3036837046671144,2.3255901603934714,1.5886893500107735,1.2201835497818618,main_grouped_repeated5fold,main,Abalone,1,1,42,50110105,100,79079eb9238ab2f01424982d0989aa4c5a6cf691ef285e00bc036e75741f3a1d,58a03d1b681a09218d8191859e08d819082946a4f2372f4052b109f3fb15cd21,0,0,836,0.213946,main_grouped_repeated5fold|main|abalone|r1|f1|relevance_weighted_rf
abalone,ekk,3341,836,10,f5c8e87956cf0a924578c909552f054918c9d26c8ed13bab0b8134a9a5b9dd7e,e053b655aea9ed4cd167e8423d676b3273b1036b77788d835cbe903af2cb7ebd,1c91fb1211a0cd0cb9b54fa1ef50b70dfd556bc78a7209e02d3ad7d6d837c9c2,none,0,3341,0.2741694103561808,0,0,0,0,0,,,,836,2.253859600845767,1.6448218073858267,0.49990471138999426,9.364802085873288,3.337580531540638,3.7913898401614077,225,611,0.26913875598086123,3.4863055195956294,2.750950416460986,1.573126861245069,1.2374913048622413,main_grouped_repeated5fold,main,Abalone,1,2,42,50110201,100,b61d11a742961cfdf97a8eea6f3c256e1db7c76e24850ee49adb62172cd2707a,7fd889c3e417eadec95f1ed03d1a4aa2a6da39c7c6282dd0a4376eead1895248,0,0,836,0.030701,main_grouped_repeated5fold|main|abalone|r1|f2|ekk
abalone,rf,3341,836,10,f5c8e87956cf0a924578c909552f054918c9d26c8ed13bab0b8134a9a5b9dd7e,e053b655aea9ed4cd167e8423d676b3273b1036b77788d835cbe903af2cb7ebd,1c91fb1211a0cd0cb9b54fa1ef50b70dfd556bc78a7209e02d3ad7d6d837c9c2,none,0,3341,0.2741694103561808,0,0,0,0,0,,,,836,2.1766755716127832,1.5734095018704946,0.5335700261767239,8.484238870134288,3.025030073800359,3.5268576643224,225,611,0.26913875598086123,3.283473496979946,2.4924717375635908,1.585082171491596,1.2349659617216462,main_grouped_repeated5fold,main,Abalone,1,2,42,50110202,100,b61d11a742961cfdf97a8eea6f3c256e1db7c76e24850ee49adb62172cd2707a,7fd889c3e417eadec95f1ed03d1a4aa2a6da39c7c6282dd0a4376eead1895248,0,0,836,0.22521,main_grouped_repeated5fold|main|abalone|r1|f2|rf
abalone,smote_r_rf,3341,836,10,f5c8e87956cf0a924578c909552f054918c9d26c8ed13bab0b8134a9a5b9dd7e,e053b655aea9ed4cd167e8423d676b3273b1036b77788d835cbe903af2cb7ebd,1c91fb1211a0cd0cb9b54fa1ef50b70dfd556bc78a7209e02d3ad7d6d837c9c2,smote_r,1509,4850,0.5,0,0,0,0,0,,,,836,2.2218158103539016,1.6276533064722154,0.5140236324834153,7.866941338525071,2.8062371784098974,3.6366319365266784,225,611,0.26913875598086123,3.1151844085100002,2.328574055658813,1.7834486474232678,1.3695401009616024,main_grouped_repeated5fold,main,Abalone,1,2,42,50110203,100,b61d11a742961cfdf97a8eea6f3c256e1db7c76e24850ee49adb62172cd2707a,7fd889c3e417eadec95f1ed03d1a4aa2a6da39c7c6282dd0a4376eead1895248,0,0,836,0.632459,main_grouped_repeated5fold|main|abalone|r1|f2|smote_r_rf
abalone,smogn_rf,3341,836,10,f5c8e87956cf0a924578c909552f054918c9d26c8ed13bab0b8134a9a5b9dd7e,e053b655aea9ed4cd167e8423d676b3273b1036b77788d835cbe903af2cb7ebd,1c91fb1211a0cd0cb9b54fa1ef50b70dfd556bc78a7209e02d3ad7d6d837c9c2,smogn,1509,4850,0.5,0,0,0,0,0,,,,836,2.2159930055962436,1.6229975530828036,0.5165675314655598,7.904991039655416,2.819953233126783,3.596772386288293,225,611,0.26913875598086123,3.1279272374255966,2.334911490997734,1.7652299730650964,1.3608361193170764,main_grouped_repeated5fold,main,Abalone,1,2,42,50110204,100,b61d11a742961cfdf97a8eea6f3c256e1db7c76e24850ee49adb62172cd2707a,7fd889c3e417eadec95f1ed03d1a4aa2a6da39c7c6282dd0a4376eead1895248,0,0,836,0.638669,main_grouped_repeated5fold|main|abalone|r1|f2|smogn_rf
abalone,relevance_weighted_rf,3341,836,10,f5c8e87956cf0a924578c909552f054918c9d26c8ed13bab0b8134a9a5b9dd7e,e053b655aea9ed4cd167e8423d676b3273b1036b77788d835cbe903af2cb7ebd,1c91fb1211a0cd0cb9b54fa1ef50b70dfd556bc78a7209e02d3ad7d6d837c9c2,none,0,3341,0.2741694103561808,0,0,0,0,0,0.13721393360605924,1.0000000000000002,2.744278672121185,836,2.166497930057086,1.5602955880724783,0.537921670336249,8.57822998431444,3.0583184887257295,3.4843850090977435,225,611,0.26913875598086123,3.3175386741554194,2.5266208847439984,1.5392200293836569,1.2044474837335388,main_grouped_repeated5fold,main,Abalone,1,2,42,50110205,100,b61d11a742961cfdf97a8eea6f3c256e1db7c76e24850ee49adb62172cd2707a,7fd889c3e417eadec95f1ed03d1a4aa2a6da39c7c6282dd0a4376eead1895248,0,0,836,0.229448,main_grouped_repeated5fold|main|abalone|r1|f2|relevance_weighted_rf
abalone,ekk,3342,835,10,09a3c346d815ceeaaf14446725251c5a0b6cb43932e71957c6ae961e892f6dd1,54a3ed5165f667cc5ebb7f601abcb6fa64f1bd9536eb8995b69ce8c6759f6528,fbcf88ea135075abd3a43dc0ffb62fe870b6a52a4c7a29fcab3f5613f4684303,none,0,3342,0.2719928186714542,0,0,0,0,0,,,,835,2.2442892482069032,1.6147890581600888,0.5418930373895874,9.154465592875585,3.265942346744887,3.7660670356445323,232,603,0.2778443113772455,3.3748592497665535,2.6401959032758855,1.6101625805038202,1.2202710016644585,main_grouped_repeated5fold,main,Abalone,1,3,42,50110301,100,024caf12e227c8aafcff9101c96d12200482dd59c7d64047c0338e7fb16b1a24,a4f2f3e7be469140c6fd8c8aaf357abed8e4ba8bba4fc51da212518cf51a4656,0,0,835,0.030839,main_grouped_repeated5fold|main|abalone|r1|f3|ekk
abalone,rf,3342,835,10,09a3c346d815ceeaaf14446725251c5a0b6cb43932e71957c6ae961e892f6dd1,54a3ed5165f667cc5ebb7f601abcb6fa64f1bd9536eb8995b69ce8c6759f6528,fbcf88ea135075abd3a43dc0ffb62fe870b6a52a4c7a29fcab3f5613f4684303,none,0,3342,0.2719928186714542,0,0,0,0,0,,,,835,2.1790828027561013,1.522218061840433,0.5681263558113578,8.939678153668224,3.188984100463395,3.615967410286924,232,603,0.2778443113772455,3.3214011655870253,2.453688233653499,1.5267432638007623,1.1638414783236317,main_grouped_repeated5fold,main,Abalone,1,3,42,50110302,100,024caf12e227c8aafcff9101c96d12200482dd59c7d64047c0338e7fb16b1a24,a4f2f3e7be469140c6fd8c8aaf357abed8e4ba8bba4fc51da212518cf51a4656,0,0,835,0.219708,main_grouped_repeated5fold|main|abalone|r1|f3|rf
abalone,smote_r_rf,3342,835,10,09a3c346d815ceeaaf14446725251c5a0b6cb43932e71957c6ae961e892f6dd1,54a3ed5165f667cc5ebb7f601abcb6fa64f1bd9536eb8995b69ce8c6759f6528,fbcf88ea135075abd3a43dc0ffb62fe870b6a52a4c7a29fcab3f5613f4684303,smote_r,1524,4866,0.5,0,0,0,0,0,,,,835,2.2236540247921033,1.5897321105334865,0.5502784813426056,8.249549115889064,2.9442618594109695,3.678632415882589,232,603,0.2778443113772455,3.108760981802316,2.21550726562305,1.7688255264350483,1.3489695301341849,main_grouped_repeated5fold,main,Abalone,1,3,42,50110303,100,024caf12e227c8aafcff9101c96d12200482dd59c7d64047c0338e7fb16b1a24,a4f2f3e7be469140c6fd8c8aaf357abed8e4ba8bba4fc51da212518cf51a4656,0,0,835,0.621702,main_grouped_repeated5fold|main|abalone|r1|f3|smote_r_rf
abalone,smogn_rf,3342,835,10,09a3c346d815ceeaaf14446725251c5a0b6cb43932e71957c6ae961e892f6dd1,54a3ed5165f667cc5ebb7f601abcb6fa64f1bd9536eb8995b69ce8c6759f6528,fbcf88ea135075abd3a43dc0ffb62fe870b6a52a4c7a29fcab3f5613f4684303,smogn,1524,4866,0.5,0,0,0,0,0,,,,835,2.190415828394168,1.5704924150451574,0.563622476818832,8.249585726506966,2.9440050186209836,3.5471479631354286,232,603,0.2778443113772455,3.125157903292807,2.2416756415379293,1.6988975490802924,1.3122593992137757,main_grouped_repeated5fold,main,Abalone,1,3,42,50110304,100,024caf12e227c8aafcff9101c96d12200482dd59c7d64047c0338e7fb16b1a24,a4f2f3e7be469140c6fd8c8aaf357abed8e4ba8bba4fc51da212518cf51a4656,0,0,835,0.649148,main_grouped_repeated5fold|main|abalone|r1|f3|smogn_rf
abalone,relevance_weighted_rf,3342,835,10,09a3c346d815ceeaaf14446725251c5a0b6cb43932e71957c6ae961e892f6dd1,54a3ed5165f667cc5ebb7f601abcb6fa64f1bd9536eb8995b69ce8c6759f6528,fbcf88ea135075abd3a43dc0ffb62fe870b6a52a4c7a29fcab3f5613f4684303,none,0,3342,0.2719928186714542,0,0,0,0,0,0.137263124275134,1.0,2.74526248550268,835,2.175268536812423,1.5292767887663752,0.5696369356120625,8.953850341146723,3.194245764441736,3.5800720799289216,232,603,0.2778443113772455,3.3339552428253265,2.475205771812142,1.5085755825699645,1.1653372795348362,main_grouped_repeated5fold,main,Abalone,1,3,42,50110305,100,024caf12e227c8aafcff9101c96d12200482dd59c7d64047c0338e7fb16b1a24,a4f2f3e7be469140c6fd8c8aaf357abed8e4ba8bba4fc51da212518cf51a4656,0,0,835,0.238201,main_grouped_repeated5fold|main|abalone|r1|f3|relevance_weighted_rf
abalone,ekk,3342,835,10,1843307dddecaefbb4571fe0e44d1f6985f6a6fab4d5e8da624497174ab90010,1518fc67779b305279c33ef8686402747bec390497fccf6628b389cb81d2a97e,e442497eeae9a62b24ebff18f9e56aabc4f7991d017fb739e60c411b6fce40bf,none,0,3342,0.2710951526032316,0,0,0,0,0,,,,835,2.1037317375485878,1.5399674079309902,0.5566418843126426,7.781132391805374,2.789852020605795,3.2281782100365284,235,600,0.281437125748503,3.083434572709031,2.3350785017786566,1.5605395285491326,1.2285488961739877,main_grouped_repeated5fold,main,Abalone,1,4,42,50110401,100,6d7605294fd8a240c0cdbb0bfbad79a3f6c40316bc40180177c2f3c02c98a568,62e3a4db97143af6721c778b8da6504dc6e9e618317fc3e147aa5695dc7efef9,0,0,835,0.039775,main_grouped_repeated5fold|main|abalone|r1|f4|ekk
abalone,rf,3342,835,10,1843307dddecaefbb4571fe0e44d1f6985f6a6fab4d5e8da624497174ab90010,1518fc67779b305279c33ef8686402747bec390497fccf6628b389cb81d2a97e,e442497eeae9a62b24ebff18f9e56aabc4f7991d017fb739e60c411b6fce40bf,none,0,3342,0.2710951526032316,0,0,0,0,0,,,,835,2.066855920801008,1.4758071056466837,0.5720486985659602,7.409839896125116,2.657379472490082,3.127182532676115,235,600,0.281437125748503,2.999782619372325,2.197246323700911,1.555815693008899,1.1932434119087783,main_grouped_repeated5fold,main,Abalone,1,4,42,50110402,100,6d7605294fd8a240c0cdbb0bfbad79a3f6c40316bc40180177c2f3c02c98a568,62e3a4db97143af6721c778b8da6504dc6e9e618317fc3e147aa5695dc7efef9,0,0,835,0.227529,main_grouped_repeated5fold|main|abalone|r1|f4|rf
abalone,smote_r_rf,3342,835,10,1843307dddecaefbb4571fe0e44d1f6985f6a6fab4d5e8da624497174ab90010,1518fc67779b305279c33ef8686402747bec390497fccf6628b389cb81d2a97e,e442497eeae9a62b24ebff18f9e56aabc4f7991d017fb739e60c411b6fce40bf,smote_r,1530,4872,0.5,0,0,0,0,0,,,,835,2.111122456422088,1.5518444924287822,0.5535212478161031,6.65051838559545,2.3868226578727416,3.1853769281571735,235,600,0.281437125748503,2.758441254624715,1.9530796814497597,1.7950604378137163,1.394694043395566,main_grouped_repeated5fold,main,Abalone,1,4,42,50110403,100,6d7605294fd8a240c0cdbb0bfbad79a3f6c40316bc40180177c2f3c02c98a568,62e3a4db97143af6721c778b8da6504dc6e9e618317fc3e147aa5695dc7efef9,0,0,835,0.631859,main_grouped_repeated5fold|main|abalone|r1|f4|smote_r_rf
abalone,smogn_rf,3342,835,10,1843307dddecaefbb4571fe0e44d1f6985f6a6fab4d5e8da624497174ab90010,1518fc67779b305279c33ef8686402747bec390497fccf6628b389cb81d2a97e,e442497eeae9a62b24ebff18f9e56aabc4f7991d017fb739e60c411b6fce40bf,smogn,1530,4872,0.5,0,0,0,0,0,,,,835,2.1090264572555455,1.5442713985965242,0.5544073684028018,6.776126894460383,2.4318762425370393,3.198660686646595,235,600,0.281437125748503,2.806812915272296,2.025906546104488,1.7619577722037338,1.3556309658225716,main_grouped_repeated5fold,main,Abalone,1,4,42,50110404,100,6d7605294fd8a240c0cdbb0bfbad79a3f6c40316bc40180177c2f3c02c98a568,62e3a4db97143af6721c778b8da6504dc6e9e618317fc3e147aa5695dc7efef9,0,0,835,0.623679,main_grouped_repeated5fold|main|abalone|r1|f4|smogn_rf
abalone,relevance_weighted_rf,3342,835,10,1843307dddecaefbb4571fe0e44d1f6985f6a6fab4d5e8da624497174ab90010,1518fc67779b305279c33ef8686402747bec390497fccf6628b389cb81d2a97e,e442497eeae9a62b24ebff18f9e56aabc4f7991d017fb739e60c411b6fce40bf,none,0,3342,0.2710951526032316,0,0,0,0,0,0.1374015646158756,1.0,2.7480312923175116,835,2.039752799362236,1.4618999595475846,0.5831987425579712,7.255162960519257,2.601963238779155,3.0441896373414883,235,600,0.281437125748503,2.9753100956311616,2.1952000851200637,1.5241190893315328,1.1746907436983636,main_grouped_repeated5fold,main,Abalone,1,4,42,50110405,100,6d7605294fd8a240c0cdbb0bfbad79a3f6c40316bc40180177c2f3c02c98a568,62e3a4db97143af6721c778b8da6504dc6e9e618317fc3e147aa5695dc7efef9,0,0,835,0.214471,main_grouped_repeated5fold|main|abalone|r1|f4|relevance_weighted_rf
abalone,ekk,3342,835,10,2972c2de4aee6442ea8353780138d82abee4e3d620a8f42a2cc03e52f209dd9d,39f659427a5dd5f24a43d01193134e16898539e200292d0e1dfd080c7b1a096b,689adfd9896a578bc98c56bd2de509eea73763deb9ed207a3e9e1b6813afc3be,none,0,3342,0.2755834829443447,0,0,0,0,0,,,,835,2.1809040202197156,1.5422713873487726,0.5317924845190931,8.915409333983147,3.1475635762754197,3.6124416532444275,220,615,0.2634730538922156,3.3831069648393943,2.584469839228164,1.5373692325104575,1.1694524289528927,main_grouped_repeated5fold,main,Abalone,1,5,42,50110501,100,96f101852eec0c5e212604b85d7648dd48a81c258b3f0a7af5def84d0c169aef,8bc48f9c33500f115626e6242fbde87ae239f51aea4dc712ca9cd2d185046acb,0,0,835,0.030026,main_grouped_repeated5fold|main|abalone|r1|f5|ekk
abalone,rf,3342,835,10,2972c2de4aee6442ea8353780138d82abee4e3d620a8f42a2cc03e52f209dd9d,39f659427a5dd5f24a43d01193134e16898539e200292d0e1dfd080c7b1a096b,689adfd9896a578bc98c56bd2de509eea73763deb9ed207a3e9e1b6813afc3be,none,0,3342,0.2755834829443447,0,0,0,0,0,,,,835,2.1706313479976673,1.5382253947117452,0.536192875066655,8.697445677490489,3.071688804876836,3.5371074312188546,220,615,0.2634730538922156,3.3484411397990272,2.4708339412070055,1.544761407191561,1.2046093292988067,main_grouped_repeated5fold,main,Abalone,1,5,42,50110502,100,96f101852eec0c5e212604b85d7648dd48a81c258b3f0a7af5def84d0c169aef,8bc48f9c33500f115626e6242fbde87ae239f51aea4dc712ca9cd2d185046acb,0,0,835,0.22739,main_grouped_repeated5fold|main|abalone|r1|f5|rf
abalone,smote_r_rf,3342,835,10,2972c2de4aee6442ea8353780138d82abee4e3d620a8f42a2cc03e52f209dd9d,39f659427a5dd5f24a43d01193134e16898539e200292d0e1dfd080c7b1a096b,689adfd9896a578bc98c56bd2de509eea73763deb9ed207a3e9e1b6813afc3be,smote_r,1500,4842,0.5,0,0,0,0,0,,,,835,2.1901925375308675,1.5650083523416825,0.5277957797434419,7.790237304816946,2.752851466287117,3.5637522180379775,220,615,0.2634730538922156,3.0962310246688243,2.217246176022781,1.7560050075298024,1.3316875048460048,main_grouped_repeated5fold,main,Abalone,1,5,42,50110503,100,96f101852eec0c5e212604b85d7648dd48a81c258b3f0a7af5def84d0c169aef,8bc48f9c33500f115626e6242fbde87ae239f51aea4dc712ca9cd2d185046acb,0,0,835,0.616115,main_grouped_repeated5fold|main|abalone|r1|f5|smote_r_rf
abalone,smogn_rf,3342,835,10,2972c2de4aee6442ea8353780138d82abee4e3d620a8f42a2cc03e52f209dd9d,39f659427a5dd5f24a43d01193134e16898539e200292d0e1dfd080c7b1a096b,689adfd9896a578bc98c56bd2de509eea73763deb9ed207a3e9e1b6813afc3be,smogn,1500,4842,0.5,0,0,0,0,0,,,,835,2.218243625334676,1.591825268637354,0.5156227260309085,8.201340011465684,2.897786828309803,3.6506995008608034,220,615,0.2634730538922156,3.2048168683601883,2.308093414410367,1.733982556938854,1.335599265271398,main_grouped_repeated5fold,main,Abalone,1,5,42,50110504,100,96f101852eec0c5e212604b85d7648dd48a81c258b3f0a7af5def84d0c169aef,8bc48f9c33500f115626e6242fbde87ae239f51aea4dc712ca9cd2d185046acb,0,0,835,0.612846,main_grouped_repeated5fold|main|abalone|r1|f5|smogn_rf
abalone,relevance_weighted_rf,3342,835,10,2972c2de4aee6442ea8353780138d82abee4e3d620a8f42a2cc03e52f209dd9d,39f659427a5dd5f24a43d01193134e16898539e200292d0e1dfd080c7b1a096b,689adfd9896a578bc98c56bd2de509eea73763deb9ed207a3e9e1b6813afc3be,none,0,3342,0.2755834829443447,0,0,0,0,0,0.13688094657757538,1.0000000000000002,2.7376189315515074,835,2.156601591853795,1.5120374904397427,0.5421690826088624,8.611561146599383,3.0412109698439433,3.5166858156948804,220,615,0.2634730538922156,3.3361661006979006,2.4728396273227977,1.5274858297111258,1.1683359130181623,main_grouped_repeated5fold,main,Abalone,1,5,42,50110505,100,96f101852eec0c5e212604b85d7648dd48a81c258b3f0a7af5def84d0c169aef,8bc48f9c33500f115626e6242fbde87ae239f51aea4dc712ca9cd2d185046acb,0,0,835,0.22541,main_grouped_repeated5fold|main|abalone|r1|f5|relevance_weighted_rf
abalone,ekk,3341,836,10,c226ef0cac42111935a7ea8e5a23933f378c8cc345c3efa55533e48f2daf9255,fdafa10f16aec48712ab5c125b616e24f3c384a844e3b93f0c2ce4b543b265b1,eea50909422c295f0de62efc46fccabf71a163ea40f6dab16ed57a922d9a5d24,none,0,3341,0.276563903023047,0,0,0,0,0,,,,836,2.115644582934736,1.5457191250279831,0.5246910486218659,7.584942383402401,2.658425683113366,3.2192599755795417,217,619,0.2595693779904306,3.0726882701628675,2.295996482737755,1.6538539743442922,1.2826978219213265,main_grouped_repeated5fold,main,Abalone,2,1,43,50120101,100,9d1522a35999386f66a519f8d45850c7a01f3ce31587cbc82d77c2a672d7a00b,af8a9cab91c463482e12420e8755ee9437bec8ddf0765ddff43edb570d9cdf72,0,0,836,0.030491,main_grouped_repeated5fold|main|abalone|r2|f1|ekk
abalone,rf,3341,836,10,c226ef0cac42111935a7ea8e5a23933f378c8cc345c3efa55533e48f2daf9255,fdafa10f16aec48712ab5c125b616e24f3c384a844e3b93f0c2ce4b543b265b1,eea50909422c295f0de62efc46fccabf71a163ea40f6dab16ed57a922d9a5d24,none,0,3341,0.276563903023047,0,0,0,0,0,,,,836,2.0158532310956,1.482612526310039,0.5684725858242079,6.657232544677575,2.3345253806578024,2.8596630257963844,217,619,0.2595693779904306,2.8774625723699896,2.1355584573681834,1.6079912999440482,1.2537122564560532,main_grouped_repeated5fold,main,Abalone,2,1,43,50120102,100,9d1522a35999386f66a519f8d45850c7a01f3ce31587cbc82d77c2a672d7a00b,af8a9cab91c463482e12420e8755ee9437bec8ddf0765ddff43edb570d9cdf72,0,0,836,0.219034,main_grouped_repeated5fold|main|abalone|r2|f1|rf
abalone,smote_r_rf,3341,836,10,c226ef0cac42111935a7ea8e5a23933f378c8cc345c3efa55533e48f2daf9255,fdafa10f16aec48712ab5c125b616e24f3c384a844e3b93f0c2ce4b543b265b1,eea50909422c295f0de62efc46fccabf71a163ea40f6dab16ed57a922d9a5d24,smote_r,1493,4834,0.5,0,0,0,0,0,,,,836,2.092793930533183,1.5586128335101561,0.5349030335007052,6.335532291898591,2.2232758900099667,3.0699073976577407,217,619,0.2595693779904306,2.7338589784346397,2.0018582469854884,1.8152320571975162,1.4032263153774467,main_grouped_repeated5fold,main,Abalone,2,1,43,50120103,100,9d1522a35999386f66a519f8d45850c7a01f3ce31587cbc82d77c2a672d7a00b,af8a9cab91c463482e12420e8755ee9437bec8ddf0765ddff43edb570d9cdf72,0,0,836,0.632818,main_grouped_repeated5fold|main|abalone|r2|f1|smote_r_rf
abalone,smogn_rf,3341,836,10,c226ef0cac42111935a7ea8e5a23933f378c8cc345c3efa55533e48f2daf9255,fdafa10f16aec48712ab5c125b616e24f3c384a844e3b93f0c2ce4b543b265b1,eea50909422c295f0de62efc46fccabf71a163ea40f6dab16ed57a922d9a5d24,smogn,1493,4834,0.5,0,0,0,0,0,,,,836,2.0818083367922102,1.5291302543185368,0.5397730363089523,6.4716365196892935,2.270775650638318,3.077674533358362,217,619,0.2595693779904306,2.7637369037527137,1.98304454586474,1.7820064801888345,1.3700035963774608,main_grouped_repeated5fold,main,Abalone,2,1,43,50120104,100,9d1522a35999386f66a519f8d45850c7a01f3ce31587cbc82d77c2a672d7a00b,af8a9cab91c463482e12420e8755ee9437bec8ddf0765ddff43edb570d9cdf72,0,0,836,0.62659,main_grouped_repeated5fold|main|abalone|r2|f1|smogn_rf
abalone,relevance_weighted_rf,3341,836,10,c226ef0cac42111935a7ea8e5a23933f378c8cc345c3efa55533e48f2daf9255,fdafa10f16aec48712ab5c125b616e24f3c384a844e3b93f0c2ce4b543b265b1,eea50909422c295f0de62efc46fccabf71a163ea40f6dab16ed57a922d9a5d24,none,0,3341,0.276563903023047,0,0,0,0,0,0.1366703740446922,1.0,2.733407480893844,836,2.012047668467786,1.4667069609181373,0.5701003377694585,6.839542804172533,2.3981154565745864,2.885560481147488,217,619,0.2595693779904306,2.9255021567257136,2.1733555415161687,1.5707342690424666,1.2189803987375674,main_grouped_repeated5fold,main,Abalone,2,1,43,50120105,100,9d1522a35999386f66a519f8d45850c7a01f3ce31587cbc82d77c2a672d7a00b,af8a9cab91c463482e12420e8755ee9437bec8ddf0765ddff43edb570d9cdf72,0,0,836,0.225426,main_grouped_repeated5fold|main|abalone|r2|f1|relevance_weighted_rf
abalone,ekk,3341,836,10,d1c26c67979994c125a8e40b2e622d387c2e22d6e16009f0f4313c2a0f99e9ed,6b48985cc7542817fe53fce42b5066b00cf7d208792532ea099e391ea9dc587a,155878c512b552bb2decca4ffd9ef69772348e8542d9b51c78c6f40dc0a49e6d,none,0,3341,0.2741694103561808,0,0,0,0,0,,,,836,2.2676876416631684,1.6192761509690532,0.5086627260637756,9.097450335817637,3.218483322496679,3.7926776512931206,225,611,0.26913875598086123,3.3956867447961714,2.522220452092013,1.670308510215102,1.2867680204409584,main_grouped_repeated5fold,main,Abalone,2,2,43,50120201,100,da783e4ba26c1e9e689ce23b08741e18c880795be26b7eaa6490606ace584b3f,744c160fb834d429e24f1f8d2aee6f04168c150a393db7ee033b0b3c2401f816,0,0,836,0.032896,main_grouped_repeated5fold|main|abalone|r2|f2|ekk
abalone,rf,3341,836,10,d1c26c67979994c125a8e40b2e622d387c2e22d6e16009f0f4313c2a0f99e9ed,6b48985cc7542817fe53fce42b5066b00cf7d208792532ea099e391ea9dc587a,155878c512b552bb2decca4ffd9ef69772348e8542d9b51c78c6f40dc0a49e6d,none,0,3341,0.2741694103561808,0,0,0,0,0,,,,836,2.2578893824782633,1.5618958965718646,0.5128995081732919,9.230222190832066,3.2658971341699403,3.8753075906225316,225,611,0.26913875598086123,3.4045314938838973,2.3762819008178404,1.6453296923117828,1.261999250163772,main_grouped_repeated5fold,main,Abalone,2,2,43,50120202,100,da783e4ba26c1e9e689ce23b08741e18c880795be26b7eaa6490606ace584b3f,744c160fb834d429e24f1f8d2aee6f04168c150a393db7ee033b0b3c2401f816,0,0,836,0.222689,main_grouped_repeated5fold|main|abalone|r2|f2|rf
abalone,smote_r_rf,3341,836,10,d1c26c67979994c125a8e40b2e622d387c2e22d6e16009f0f4313c2a0f99e9ed,6b48985cc7542817fe53fce42b5066b00cf7d208792532ea099e391ea9dc587a,155878c512b552bb2decca4ffd9ef69772348e8542d9b51c78c6f40dc0a49e6d,smote_r,1509,4850,0.5,0,0,0,0,0,,,,836,2.301153766869484,1.6287886177215751,0.49405358238842156,8.364449564064067,2.9609276869859205,3.9663622347111915,225,611,0.26913875598086123,3.1640787836280526,2.1414847126247025,1.886429383432481,1.4399889101058572,main_grouped_repeated5fold,main,Abalone,2,2,43,50120203,100,da783e4ba26c1e9e689ce23b08741e18c880795be26b7eaa6490606ace584b3f,744c160fb834d429e24f1f8d2aee6f04168c150a393db7ee033b0b3c2401f816,0,0,836,0.640815,main_grouped_repeated5fold|main|abalone|r2|f2|smote_r_rf
abalone,smogn_rf,3341,836,10,d1c26c67979994c125a8e40b2e622d387c2e22d6e16009f0f4313c2a0f99e9ed,6b48985cc7542817fe53fce42b5066b00cf7d208792532ea099e391ea9dc587a,155878c512b552bb2decca4ffd9ef69772348e8542d9b51c78c6f40dc0a49e6d,smogn,1509,4850,0.5,0,0,0,0,0,,,,836,2.2538442560220093,1.5899779738352928,0.5146432765612785,8.244843237542618,2.9182792386620173,3.780342430075577,225,611,0.26913875598086123,3.172791197551473,2.1529466561704313,1.8009538069321236,1.3826654476071323,main_grouped_repeated5fold,main,Abalone,2,2,43,50120204,100,da783e4ba26c1e9e689ce23b08741e18c880795be26b7eaa6490606ace584b3f,744c160fb834d429e24f1f8d2aee6f04168c150a393db7ee033b0b3c2401f816,0,0,836,0.615767,main_grouped_repeated5fold|main|abalone|r2|f2|smogn_rf
abalone,relevance_weighted_rf,3341,836,10,d1c26c67979994c125a8e40b2e622d387c2e22d6e16009f0f4313c2a0f99e9ed,6b48985cc7542817fe53fce42b5066b00cf7d208792532ea099e391ea9dc587a,155878c512b552bb2decca4ffd9ef69772348e8542d9b51c78c6f40dc0a49e6d,none,0,3341,0.2741694103561808,0,0,0,0,0,0.1369893611408674,1.0,2.739787222817348,836,2.2436804541322535,1.5508088388016281,0.5190108779439153,9.24457976106675,3.2706512512323,3.820676129763138,225,611,0.26913875598086123,3.417064755950612,2.407158165843972,1.6087601113424816,1.2354592502835802,main_grouped_repeated5fold,main,Abalone,2,2,43,50120205,100,da783e4ba26c1e9e689ce23b08741e18c880795be26b7eaa6490606ace584b3f,744c160fb834d429e24f1f8d2aee6f04168c150a393db7ee033b0b3c2401f816,0,0,836,0.264474,main_grouped_repeated5fold|main|abalone|r2|f2|relevance_weighted_rf
abalone,ekk,3342,835,10,3468b1e0cb90c7e909f0084ed55697b58de86f7db52f64e87d75f855c7ac945b,b88602af4bbaf52a7a1c8f559af16b08322111f6c49857ff3e7ee7e6ee5fed82,514fad6b42dbf8a7c4cf52da24ff80f38b812d87370034f124e9335985e9ecc2,none,0,3342,0.27498503889886294,0,0,0,0,0,,,,835,2.2461781390302415,1.641118422871968,0.5257398116242562,9.49153031017385,3.4156960131280325,3.7891871668048047,222,613,0.26586826347305387,3.5318737194713634,2.827389500128561,1.5345832558766261,1.2115063851053067,main_grouped_repeated5fold,main,Abalone,2,3,43,50120301,100,dbcb734bbc90b2749a6fb2d63786363b785732c72c99e06437c0d55c2e9429c4,1bb3a86e8bee802fc17a8be044107a7549ce5da08676adfe074a91626566225b,0,0,835,0.036626,main_grouped_repeated5fold|main|abalone|r2|f3|ekk
abalone,rf,3342,835,10,3468b1e0cb90c7e909f0084ed55697b58de86f7db52f64e87d75f855c7ac945b,b88602af4bbaf52a7a1c8f559af16b08322111f6c49857ff3e7ee7e6ee5fed82,514fad6b42dbf8a7c4cf52da24ff80f38b812d87370034f124e9335985e9ecc2,none,0,3342,0.27498503889886294,0,0,0,0,0,,,,835,2.205891871992235,1.5922259794150375,0.5425994125129189,9.145646886465109,3.291591216798226,3.6271679647635984,222,613,0.26586826347305387,3.4524117199618263,2.695582302609056,1.520402389503333,1.1926417971163876,main_grouped_repeated5fold,main,Abalone,2,3,43,50120302,100,dbcb734bbc90b2749a6fb2d63786363b785732c72c99e06437c0d55c2e9429c4,1bb3a86e8bee802fc17a8be044107a7549ce5da08676adfe074a91626566225b,0,0,835,0.293269,main_grouped_repeated5fold|main|abalone|r2|f3|rf
abalone,smote_r_rf,3342,835,10,3468b1e0cb90c7e909f0084ed55697b58de86f7db52f64e87d75f855c7ac945b,b88602af4bbaf52a7a1c8f559af16b08322111f6c49857ff3e7ee7e6ee5fed82,514fad6b42dbf8a7c4cf52da24ff80f38b812d87370034f124e9335985e9ecc2,smote_r,1504,4846,0.5,0,0,0,0,0,,,,835,2.241942865143073,1.6624117622877235,0.5275266050059011,8.472828699793814,3.051002358016667,3.648780907268509,222,613,0.26586826347305387,3.261194527130522,2.4775603802224153,1.730595282123768,1.3672029642754862,main_grouped_repeated5fold,main,Abalone,2,3,43,50120303,100,dbcb734bbc90b2749a6fb2d63786363b785732c72c99e06437c0d55c2e9429c4,1bb3a86e8bee802fc17a8be044107a7549ce5da08676adfe074a91626566225b,0,0,835,0.707737,main_grouped_repeated5fold|main|abalone|r2|f3|smote_r_rf
abalone,smogn_rf,3342,835,10,3468b1e0cb90c7e909f0084ed55697b58de86f7db52f64e87d75f855c7ac945b,b88602af4bbaf52a7a1c8f559af16b08322111f6c49857ff3e7ee7e6ee5fed82,514fad6b42dbf8a7c4cf52da24ff80f38b812d87370034f124e9335985e9ecc2,smogn,1504,4846,0.5,0,0,0,0,0,,,,835,2.231605129458138,1.6369723180337448,0.5318737667794192,8.463988343519624,3.0473986169892453,3.622455255849501,222,613,0.26586826347305387,3.258038264245263,2.473926199836838,1.7144728687307929,1.3338666707902103,main_grouped_repeated5fold,main,Abalone,2,3,43,50120304,100,dbcb734bbc90b2749a6fb2d63786363b785732c72c99e06437c0d55c2e9429c4,1bb3a86e8bee802fc17a8be044107a7549ce5da08676adfe074a91626566225b,0,0,835,0.755327,main_grouped_repeated5fold|main|abalone|r2|f3|smogn_rf
abalone,relevance_weighted_rf,3342,835,10,3468b1e0cb90c7e909f0084ed55697b58de86f7db52f64e87d75f855c7ac945b,b88602af4bbaf52a7a1c8f559af16b08322111f6c49857ff3e7ee7e6ee5fed82,514fad6b42dbf8a7c4cf52da24ff80f38b812d87370034f124e9335985e9ecc2,none,0,3342,0.27498503889886294,0,0,0,0,0,0.13748101353217343,0.9999999999999999,2.7496202706434683,835,2.2248528123644644,1.5982826229354423,0.5347023627490883,9.431596795365639,3.394581786838793,3.729286853799228,222,613,0.26586826347305387,3.5003737554400023,2.727254813406058,1.5183188810587485,1.1894215686377643,main_grouped_repeated5fold,main,Abalone,2,3,43,50120305,100,dbcb734bbc90b2749a6fb2d63786363b785732c72c99e06437c0d55c2e9429c4,1bb3a86e8bee802fc17a8be044107a7549ce5da08676adfe074a91626566225b,0,0,835,0.270641,main_grouped_repeated5fold|main|abalone|r2|f3|relevance_weighted_rf
abalone,ekk,3342,835,10,852d28efbd410a5af221c4c14ffa81b53e81471602fec36dd6d66aa7406353a1,4e6ea32317dae3587e9044db704b4962b1eb10e932400be50b8aad40f00efda3,92e6045412dc70f66ccab7016d1418f59251bd98b24d8ad9e0951e1b1175fa7b,none,0,3342,0.27079593058049073,0,0,0,0,0,,,,835,2.1736553190774637,1.5566362324263003,0.5794252967249138,8.903484792562546,3.2330217424227703,3.581688939714212,236,599,0.28263473053892213,3.3360286721304964,2.580338769871445,1.4837599243983262,1.1533076867884804,main_grouped_repeated5fold,main,Abalone,2,4,43,50120401,100,a02164fbc73da433622b6c7d0d7873c6b0600c5d2dd5540a6d246a5326e126bd,1748c59681eceef4be85de120867d022427f8c9d26a22fa5ee990a28b7c0ce4b,0,0,835,0.046146,main_grouped_repeated5fold|main|abalone|r2|f4|ekk
abalone,rf,3342,835,10,852d28efbd410a5af221c4c14ffa81b53e81471602fec36dd6d66aa7406353a1,4e6ea32317dae3587e9044db704b4962b1eb10e932400be50b8aad40f00efda3,92e6045412dc70f66ccab7016d1418f59251bd98b24d8ad9e0951e1b1175fa7b,none,0,3342,0.27079593058049073,0,0,0,0,0,,,,835,2.1610129362870887,1.5220049749554432,0.5843033505927042,8.966617638950435,3.2563878229195846,3.6011552222734657,236,599,0.28263473053892213,3.3576082280649486,2.5318427428346166,1.438138363395772,1.1241390096474548,main_grouped_repeated5fold,main,Abalone,2,4,43,50120402,100,a02164fbc73da433622b6c7d0d7873c6b0600c5d2dd5540a6d246a5326e126bd,1748c59681eceef4be85de120867d022427f8c9d26a22fa5ee990a28b7c0ce4b,0,0,835,0.238483,main_grouped_repeated5fold|main|abalone|r2|f4|rf
abalone,smote_r_rf,3342,835,10,852d28efbd410a5af221c4c14ffa81b53e81471602fec36dd6d66aa7406353a1,4e6ea32317dae3587e9044db704b4962b1eb10e932400be50b8aad40f00efda3,92e6045412dc70f66ccab7016d1418f59251bd98b24d8ad9e0951e1b1175fa7b,smote_r,1532,4874,0.5,0,0,0,0,0,,,,835,2.189048095765525,1.5847959985824223,0.5734475921301407,8.17528714710401,2.9702154050622447,3.597272620360042,236,599,0.28263473053892213,3.1321409218787215,2.2907504282371893,1.6777192878030365,1.3066570246282905,main_grouped_repeated5fold,main,Abalone,2,4,43,50120403,100,a02164fbc73da433622b6c7d0d7873c6b0600c5d2dd5540a6d246a5326e126bd,1748c59681eceef4be85de120867d022427f8c9d26a22fa5ee990a28b7c0ce4b,0,0,835,0.675185,main_grouped_repeated5fold|main|abalone|r2|f4|smote_r_rf
abalone,smogn_rf,3342,835,10,852d28efbd410a5af221c4c14ffa81b53e81471602fec36dd6d66aa7406353a1,4e6ea32317dae3587e9044db704b4962b1eb10e932400be50b8aad40f00efda3,92e6045412dc70f66ccab7016d1418f59251bd98b24d8ad9e0951e1b1175fa7b,smogn,1532,4874,0.5,0,0,0,0,0,,,,835,2.1702960296589486,1.562877793134254,0.5807242519022197,8.089322841332569,2.938988958113545,3.5470719875815324,236,599,0.28263473053892213,3.13831287083034,2.313393655439449,1.6387617702821906,1.2671820610741102,main_grouped_repeated5fold,main,Abalone,2,4,43,50120404,100,a02164fbc73da433622b6c7d0d7873c6b0600c5d2dd5540a6d246a5326e126bd,1748c59681eceef4be85de120867d022427f8c9d26a22fa5ee990a28b7c0ce4b,0,0,835,0.648434,main_grouped_repeated5fold|main|abalone|r2|f4|smogn_rf
abalone,relevance_weighted_rf,3342,835,10,852d28efbd410a5af221c4c14ffa81b53e81471602fec36dd6d66aa7406353a1,4e6ea32317dae3587e9044db704b4962b1eb10e932400be50b8aad40f00efda3,92e6045412dc70f66ccab7016d1418f59251bd98b24d8ad9e0951e1b1175fa7b,none,0,3342,0.27079593058049073,0,0,0,0,0,0.1377715649863398,1.0000000000000002,2.755431299726796,835,2.167300527871175,1.5210145933450063,0.5818808448219457,8.999158791542712,3.2683438627830412,3.629885998782542,236,599,0.28263473053892213,3.3677026119551763,2.529246535428998,1.4420235037505045,1.1237813073152532,main_grouped_repeated5fold,main,Abalone,2,4,43,50120405,100,a02164fbc73da433622b6c7d0d7873c6b0600c5d2dd5540a6d246a5326e126bd,1748c59681eceef4be85de120867d022427f8c9d26a22fa5ee990a28b7c0ce4b,0,0,835,0.224184,main_grouped_repeated5fold|main|abalone|r2|f4|relevance_weighted_rf
abalone,ekk,3342,835,10,ebf6b59fe455e6cb20290f76f4e62412b192b2db9121473adcee69c58bec3e23,d3918ebd23d8cb50b403baf15c7b80eb2b00d42d19a5764f430f4c45ad804855,1cc522ffde02de006f3a3b85ae7079b6c545eb1319d806ba0405f8e0a6ea6e7d,none,0,3342,0.26929982046678635,0,0,0,0,0,,,,835,2.276406789397994,1.5647022784657965,0.49158279930212945,8.82241816522236,3.1352883764149295,4.047860638825495,241,594,0.288622754491018,3.204869133572805,2.4419327631057772,1.7655692259248155,1.2087889000175887,main_grouped_repeated5fold,main,Abalone,2,5,43,50120501,100,5b994e16cf9907b0ff17ae5a92840f54fefe1d74195e904fe66d998e5a270b24,137fbef6b854cb43644213fac56c89914f666cd700a23cef0e98ca885738d079,0,0,835,0.029609,main_grouped_repeated5fold|main|abalone|r2|f5|ekk
abalone,rf,3342,835,10,ebf6b59fe455e6cb20290f76f4e62412b192b2db9121473adcee69c58bec3e23,d3918ebd23d8cb50b403baf15c7b80eb2b00d42d19a5764f430f4c45ad804855,1cc522ffde02de006f3a3b85ae7079b6c545eb1319d806ba0405f8e0a6ea6e7d,none,0,3342,0.26929982046678635,0,0,0,0,0,,,,835,2.130988134040477,1.469244592508676,0.5544642543180058,8.060045292117305,2.863853603921723,3.4754308694552947,241,594,0.288622754491018,3.0804503979841535,2.1842067931854396,1.5917168352009903,1.1791673360051402,main_grouped_repeated5fold,main,Abalone,2,5,43,50120502,100,5b994e16cf9907b0ff17ae5a92840f54fefe1d74195e904fe66d998e5a270b24,137fbef6b854cb43644213fac56c89914f666cd700a23cef0e98ca885738d079,0,0,835,0.223046,main_grouped_repeated5fold|main|abalone|r2|f5|rf
abalone,smote_r_rf,3342,835,10,ebf6b59fe455e6cb20290f76f4e62412b192b2db9121473adcee69c58bec3e23,d3918ebd23d8cb50b403baf15c7b80eb2b00d42d19a5764f430f4c45ad804855,1cc522ffde02de006f3a3b85ae7079b6c545eb1319d806ba0405f8e0a6ea6e7d,smote_r,1542,4884,0.5,0,0,0,0,0,,,,835,2.234101947924492,1.5815509816595328,0.5103041031123808,7.746496513610638,2.7541519674657344,3.7760107699862497,241,594,0.288622754491018,2.959744428760237,2.069726723478179,1.860668857516059,1.3834864130092068,main_grouped_repeated5fold,main,Abalone,2,5,43,50120503,100,5b994e16cf9907b0ff17ae5a92840f54fefe1d74195e904fe66d998e5a270b24,137fbef6b854cb43644213fac56c89914f666cd700a23cef0e98ca885738d079,0,0,835,0.622632,main_grouped_repeated5fold|main|abalone|r2|f5|smote_r_rf
abalone,smogn_rf,3342,835,10,ebf6b59fe455e6cb20290f76f4e62412b192b2db9121473adcee69c58bec3e23,d3918ebd23d8cb50b403baf15c7b80eb2b00d42d19a5764f430f4c45ad804855,1cc522ffde02de006f3a3b85ae7079b6c545eb1319d806ba0405f8e0a6ea6e7d,smogn,1542,4884,0.5,0,0,0,0,0,,,,835,2.1808452159896112,1.5408343205616595,0.5333726646170743,7.614484402543996,2.706826126646072,3.569833491082044,241,594,0.288622754491018,2.9299078147644453,2.067903299922843,1.7896546030399725,1.3269898356693277,main_grouped_repeated5fold,main,Abalone,2,5,43,50120504,100,5b994e16cf9907b0ff17ae5a92840f54fefe1d74195e904fe66d998e5a270b24,137fbef6b854cb43644213fac56c89914f666cd700a23cef0e98ca885738d079,0,0,835,0.634861,main_grouped_repeated5fold|main|abalone|r2|f5|smogn_rf
abalone,relevance_weighted_rf,3342,835,10,ebf6b59fe455e6cb20290f76f4e62412b192b2db9121473adcee69c58bec3e23,d3918ebd23d8cb50b403baf15c7b80eb2b00d42d19a5764f430f4c45ad804855,1cc522ffde02de006f3a3b85ae7079b6c545eb1319d806ba0405f8e0a6ea6e7d,none,0,3342,0.26929982046678635,0,0,0,0,0,0.13711988729856556,1.0000000000000002,2.7423977459713114,835,2.1178054403982083,1.4653663109113073,0.5599595400865927,7.9772898223866315,2.834350280427306,3.419808995931742,241,594,0.288622754491018,3.0716051067179073,2.1942234691549993,1.573818696055066,1.1696515379538501,main_grouped_repeated5fold,main,Abalone,2,5,43,50120505,100,5b994e16cf9907b0ff17ae5a92840f54fefe1d74195e904fe66d998e5a270b24,137fbef6b854cb43644213fac56c89914f666cd700a23cef0e98ca885738d079,0,0,835,0.227655,main_grouped_repeated5fold|main|abalone|r2|f5|relevance_weighted_rf
california_housing,ekk,16512,4128,8,1e0de0325974804766e6e5cd5fdff870efb5f85fae1e41b6a20902eb58f04866,862bb882f9a648a0637cd1b9e6486c56efc4b9b55343f846d67eb21493bd8345,aaec420670b7d8e552a5e1e1bc66bd67a6ef3b555c8765e72931b57cbbe31072,none,0,16512,0.15310077519379844,0,0,0,0,0,,,,4128,0.733499650594572,0.5347341358757234,0.6079731605874759,1.084903425429671,0.3271718857852742,0.3477971071750274,647,3481,0.156734496124031,1.4004941608364105,1.1528755206181145,0.5229406477698553,0.4198425886397776,main_grouped_repeated5fold,main,California Housing,1,1,42,50210101,100,89fb263f1422dc887ba2648ba3ea00ee0e2ca35f049bcb1ed8f8424f02e33ce3,1d345e94f61b516e3403628408900c456b916ee2e7fe7aa49b32479201ab6bda,0,0,4128,0.040335,main_grouped_repeated5fold|main|california_housing|r1|f1|ekk
california_housing,rf,16512,4128,8,1e0de0325974804766e6e5cd5fdff870efb5f85fae1e41b6a20902eb58f04866,862bb882f9a648a0637cd1b9e6486c56efc4b9b55343f846d67eb21493bd8345,aaec420670b7d8e552a5e1e1bc66bd67a6ef3b555c8765e72931b57cbbe31072,none,0,16512,0.15310077519379844,0,0,0,0,0,,,,4128,0.4929375392248819,0.32949861937253716,0.8229484373881806,0.45510577834028126,0.13728864713403577,0.14869953163302396,647,3481,0.156734496124031,0.9024833495259206,0.6679715550608633,0.3698202397381337,0.26658796456347456,main_grouped_repeated5fold,main,California Housing,1,1,42,50210102,100,89fb263f1422dc887ba2648ba3ea00ee0e2ca35f049bcb1ed8f8424f02e33ce3,1d345e94f61b516e3403628408900c456b916ee2e7fe7aa49b32479201ab6bda,0,0,4128,0.839699,main_grouped_repeated5fold|main|california_housing|r1|f1|rf
california_housing,smote_r_rf,16512,4128,8,1e0de0325974804766e6e5cd5fdff870efb5f85fae1e41b6a20902eb58f04866,862bb882f9a648a0637cd1b9e6486c56efc4b9b55343f846d67eb21493bd8345,aaec420670b7d8e552a5e1e1bc66bd67a6ef3b555c8765e72931b57cbbe31072,smote_r,11456,27968,0.5,0,0,0,0,0,,,,4128,0.517817811664842,0.3566316748627347,0.8046245691865717,0.4031769485851682,0.12163225039735685,0.1511011914884671,647,3481,0.156734496124031,0.7924877541810563,0.5667726181207501,0.44859979583015464,0.31757359089607684,main_grouped_repeated5fold,main,California Housing,1,1,42,50210103,100,89fb263f1422dc887ba2648ba3ea00ee0e2ca35f049bcb1ed8f8424f02e33ce3,1d345e94f61b516e3403628408900c456b916ee2e7fe7aa49b32479201ab6bda,0,0,4128,4.258803,main_grouped_repeated5fold|main|california_housing|r1|f1|smote_r_rf
california_housing,smogn_rf,16512,4128,8,1e0de0325974804766e6e5cd5fdff870efb5f85fae1e41b6a20902eb58f04866,862bb882f9a648a0637cd1b9e6486c56efc4b9b55343f846d67eb21493bd8345,aaec420670b7d8e552a5e1e1bc66bd67a6ef3b555c8765e72931b57cbbe31072,smogn,11456,27968,0.5,0,0,0,0,0,,,,4128,0.5188809205635534,0.3595036100872339,0.8038215123207895,0.4000016938907311,0.120670551599922,0.15053139348989164,647,3481,0.156734496124031,0.7876583445980165,0.5604305802468994,0.4516271963318353,0.3221580916461814,main_grouped_repeated5fold,main,California Housing,1,1,42,50210104,100,89fb263f1422dc887ba2648ba3ea00ee0e2ca35f049bcb1ed8f8424f02e33ce3,1d345e94f61b516e3403628408900c456b916ee2e7fe7aa49b32479201ab6bda,0,0,4128,4.239004,main_grouped_repeated5fold|main|california_housing|r1|f1|smogn_rf
california_housing,relevance_weighted_rf,16512,4128,8,1e0de0325974804766e6e5cd5fdff870efb5f85fae1e41b6a20902eb58f04866,862bb882f9a648a0637cd1b9e6486c56efc4b9b55343f846d67eb21493bd8345,aaec420670b7d8e552a5e1e1bc66bd67a6ef3b555c8765e72931b57cbbe31072,none,0,16512,0.15310077519379844,0,0,0,0,0,0.16659358457419288,1.0,3.3318716914838573,4128,0.5055292179327294,0.3408134144581376,0.8137876411711108,0.47707031575653336,0.1439111014722296,0.1554872744099616,647,3481,0.156734496124031,0.9215453848736112,0.6906607047770003,0.3810690894564188,0.2757886523678464,main_grouped_repeated5fold,main,California Housing,1,1,42,50210105,100,89fb263f1422dc887ba2648ba3ea00ee0e2ca35f049bcb1ed8f8424f02e33ce3,1d345e94f61b516e3403628408900c456b916ee2e7fe7aa49b32479201ab6bda,0,0,4128,0.860648,main_grouped_repeated5fold|main|california_housing|r1|f1|relevance_weighted_rf
california_housing,ekk,16512,4128,8,741e394ebacd783052beee66cf0c14c1995dd6e638b115a1666f185ce66e575d,05a689b33c80d3d7e66a2491d701c2b2adfb796a1313e5d521ce48372ca5f600,2938d333a85e0f5bb57ba0980a30f3e58dbb3248980dab517cdd2e844d50e55b,none,0,16512,0.15219234496124032,0,0,0,0,0,,,,4128,0.7163622917945318,0.5314877415774231,0.6184890189447749,0.9857319377658822,0.29271899756135744,0.31795450452610285,635,3493,0.15382751937984496,1.328212811480562,1.0950830509453433,0.5345630095286128,0.4290305353224476,main_grouped_repeated5fold,main,California Housing,1,2,42,50210201,100,a9a643bf7b56f3ef9108158f35e8c4c4d944d354b64098d5c76ca9a46a6c60da,57037b5ab689f2c1717f6f190a6d3fb006aa247754a38828ea03b3d8695e3656,0,0,4128,0.038689,main_grouped_repeated5fold|main|california_housing|r1|f2|ekk
california_housing,rf,16512,4128,8,741e394ebacd783052beee66cf0c14c1995dd6e638b115a1666f185ce66e575d,05a689b33c80d3d7e66a2491d701c2b2adfb796a1313e5d521ce48372ca5f600,2938d333a85e0f5bb57ba0980a30f3e58dbb3248980dab517cdd2e844d50e55b,none,0,16512,0.15219234496124032,0,0,0,0,0,,,,4128,0.4733383722101021,0.3221883062622563,0.833434507114412,0.40010144787253893,0.11881596151641138,0.13039048548384852,635,3493,0.15382751937984496,0.8375477548638547,0.6180863854746697,0.37047929527188883,0.2683963565628911,main_grouped_repeated5fold,main,California Housing,1,2,42,50210202,100,a9a643bf7b56f3ef9108158f35e8c4c4d944d354b64098d5c76ca9a46a6c60da,57037b5ab689f2c1717f6f190a6d3fb006aa247754a38828ea03b3d8695e3656,0,0,4128,0.852738,main_grouped_repeated5fold|main|california_housing|r1|f2|rf
california_housing,smote_r_rf,16512,4128,8,741e394ebacd783052beee66cf0c14c1995dd6e638b115a1666f185ce66e575d,05a689b33c80d3d7e66a2491d701c2b2adfb796a1313e5d521ce48372ca5f600,2938d333a85e0f5bb57ba0980a30f3e58dbb3248980dab517cdd2e844d50e55b,smote_r,11486,27998,0.5,0,0,0,0,0,,,,4128,0.500541441112336,0.35228392321279456,0.8137391040155167,0.34827512896305435,0.103444138092115,0.13204090944042177,635,3493,0.15382751937984496,0.7186336157199793,0.5116359727874042,0.4496716094475941,0.3233149705990307,main_grouped_repeated5fold,main,California Housing,1,2,42,50210203,100,a9a643bf7b56f3ef9108158f35e8c4c4d944d354b64098d5c76ca9a46a6c60da,57037b5ab689f2c1717f6f190a6d3fb006aa247754a38828ea03b3d8695e3656,0,0,4128,4.15343,main_grouped_repeated5fold|main|california_housing|r1|f2|smote_r_rf
california_housing,smogn_rf,16512,4128,8,741e394ebacd783052beee66cf0c14c1995dd6e638b115a1666f185ce66e575d,05a689b33c80d3d7e66a2491d701c2b2adfb796a1313e5d521ce48372ca5f600,2938d333a85e0f5bb57ba0980a30f3e58dbb3248980dab517cdd2e844d50e55b,smogn,11486,27998,0.5,0,0,0,0,0,,,,4128,0.500084745618535,0.35083964672482215,0.8140788389438463,0.3512496478808089,0.10432115394434809,0.13230531439585294,635,3493,0.15382751937984496,0.7278686895964415,0.5199825061913314,0.4463586210621667,0.3200908016743689,main_grouped_repeated5fold,main,California Housing,1,2,42,50210204,100,a9a643bf7b56f3ef9108158f35e8c4c4d944d354b64098d5c76ca9a46a6c60da,57037b5ab689f2c1717f6f190a6d3fb006aa247754a38828ea03b3d8695e3656,0,0,4128,4.388635,main_grouped_repeated5fold|main|california_housing|r1|f2|smogn_rf
california_housing,relevance_weighted_rf,16512,4128,8,741e394ebacd783052beee66cf0c14c1995dd6e638b115a1666f185ce66e575d,05a689b33c80d3d7e66a2491d701c2b2adfb796a1313e5d521ce48372ca5f600,2938d333a85e0f5bb57ba0980a30f3e58dbb3248980dab517cdd2e844d50e55b,none,0,16512,0.15219234496124032,0,0,0,0,0,0.1665812488157205,0.9999999999999998,3.3316249763144103,4128,0.48730034696810715,0.3321645737691713,0.8234632814734166,0.42590174112199103,0.12647161330771114,0.13848487521951963,635,3493,0.15382751937984496,0.8660031748447775,0.6427744869543782,0.37985941063337186,0.2756981280570023,main_grouped_repeated5fold,main,California Housing,1,2,42,50210205,100,a9a643bf7b56f3ef9108158f35e8c4c4d944d354b64098d5c76ca9a46a6c60da,57037b5ab689f2c1717f6f190a6d3fb006aa247754a38828ea03b3d8695e3656,0,0,4128,0.869913,main_grouped_repeated5fold|main|california_housing|r1|f2|relevance_weighted_rf
california_housing,ekk,16512,4128,8,6bc94907374a805cadd05a0060abc3f34c8695e05d716f7a45a8259299b1380d,4bb81b34abb1882f827a0c9e6144443d1be0ad65f29aebe50f37264b08074126,e899afaff39a3677fdea705d672fc598f5913da0cfe24fce443dfd1a1b795006,none,0,16512,0.15455426356589147,0,0,0,0,0,,,,4128,0.7202234439156757,0.5342552750823726,0.6021919920522889,0.9971481915966064,0.2952512638502516,0.3215090715072896,617,3511,0.14946705426356588,1.3560614190857183,1.1134964776710072,0.5354642310946702,0.4324632437530682,main_grouped_repeated5fold,main,California Housing,1,3,42,50210301,100,cc446ed77b7ebe0b754a84718973d7501e8cecb0cc7cd4349e050b33564733e8,712dbd921c4c4839c44df26d504583fb45d41699927bff5b08fb4ddd19f0c873,0,0,4128,0.044516,main_grouped_repeated5fold|main|california_housing|r1|f3|ekk
california_housing,rf,16512,4128,8,6bc94907374a805cadd05a0060abc3f34c8695e05d716f7a45a8259299b1380d,4bb81b34abb1882f827a0c9e6144443d1be0ad65f29aebe50f37264b08074126,e899afaff39a3677fdea705d672fc598f5913da0cfe24fce443dfd1a1b795006,none,0,16512,0.15455426356589147,0,0,0,0,0,,,,4128,0.484821523318094,0.3297465956107347,0.8197385762092135,0.4272339213528191,0.1265021145893111,0.13703463671690416,617,3511,0.14946705426356588,0.8843743248036221,0.6613482632188858,0.37271185881865593,0.2714731040373285,main_grouped_repeated5fold,main,California Housing,1,3,42,50210302,100,cc446ed77b7ebe0b754a84718973d7501e8cecb0cc7cd4349e050b33564733e8,712dbd921c4c4839c44df26d504583fb45d41699927bff5b08fb4ddd19f0c873,0,0,4128,0.835289,main_grouped_repeated5fold|main|california_housing|r1|f3|rf
california_housing,smote_r_rf,16512,4128,8,6bc94907374a805cadd05a0060abc3f34c8695e05d716f7a45a8259299b1380d,4bb81b34abb1882f827a0c9e6144443d1be0ad65f29aebe50f37264b08074126,e899afaff39a3677fdea705d672fc598f5913da0cfe24fce443dfd1a1b795006,smote_r,11408,27920,0.5,0,0,0,0,0,,,,4128,0.5159948907642139,0.36243600534343257,0.7958121876346297,0.385883837035549,0.11426143128712755,0.14178946320880503,617,3511,0.14946705426356588,0.7845296681089041,0.569834901737628,0.452634821426502,0.32598909019811256,main_grouped_repeated5fold,main,California Housing,1,3,42,50210303,100,cc446ed77b7ebe0b754a84718973d7501e8cecb0cc7cd4349e050b33564733e8,712dbd921c4c4839c44df26d504583fb45d41699927bff5b08fb4ddd19f0c873,0,0,4128,4.180135,main_grouped_repeated5fold|main|california_housing|r1|f3|smote_r_rf
california_housing,smogn_rf,16512,4128,8,6bc94907374a805cadd05a0060abc3f34c8695e05d716f7a45a8259299b1380d,4bb81b34abb1882f827a0c9e6144443d1be0ad65f29aebe50f37264b08074126,e899afaff39a3677fdea705d672fc598f5913da0cfe24fce443dfd1a1b795006,smogn,11408,27920,0.5,0,0,0,0,0,,,,4128,0.5116880174504248,0.3579886093876753,0.7992065659500068,0.3819233965528284,0.11308505884446708,0.13971075203517164,617,3511,0.14946705426356588,0.7817638190419042,0.5624099925628492,0.44770042219456135,0.32206494279152537,main_grouped_repeated5fold,main,California Housing,1,3,42,50210304,100,cc446ed77b7ebe0b754a84718973d7501e8cecb0cc7cd4349e050b33564733e8,712dbd921c4c4839c44df26d504583fb45d41699927bff5b08fb4ddd19f0c873,0,0,4128,4.373486,main_grouped_repeated5fold|main|california_housing|r1|f3|smogn_rf
california_housing,relevance_weighted_rf,16512,4128,8,6bc94907374a805cadd05a0060abc3f34c8695e05d716f7a45a8259299b1380d,4bb81b34abb1882f827a0c9e6144443d1be0ad65f29aebe50f37264b08074126,e899afaff39a3677fdea705d672fc598f5913da0cfe24fce443dfd1a1b795006,none,0,16512,0.15455426356589147,0,0,0,0,0,0.16616196109599712,1.0,3.323239221919942,4128,0.503257900968755,0.34307055502497613,0.8057682526491432,0.45639766713707464,0.1351361132979683,0.14701128505140804,617,3511,0.14946705426356588,0.9167286111664874,0.6820532657101989,0.3874163367923394,0.28349996758755586,main_grouped_repeated5fold,main,California Housing,1,3,42,50210305,100,cc446ed77b7ebe0b754a84718973d7501e8cecb0cc7cd4349e050b33564733e8,712dbd921c4c4839c44df26d504583fb45d41699927bff5b08fb4ddd19f0c873,0,0,4128,0.883481,main_grouped_repeated5fold|main|california_housing|r1|f3|relevance_weighted_rf
california_housing,ekk,16512,4128,8,a70d2bd904f3819a7627ddaed8e3509c3cb53da7b15e6e8a088d19b442221170,d6e4eb2cf1c12505f221a9e8e70d21c937191f017f49632f8471b3051e9793be,a2542e96f84448b70831d1a9a84035ffce8d031d568e3cb21376a98c958bada3,none,0,16512,0.15655281007751937,0,0,0,0,0,,,,4128,0.7166075476736573,0.5253422290895904,0.6022351903341733,0.9820274675521478,0.29201616354286153,0.32056659068793264,623,3505,0.1509205426356589,1.3370866318782098,1.0958046031568058,0.5357509891543907,0.4239447800043193,main_grouped_repeated5fold,main,California Housing,1,4,42,50210401,100,cb008e8f2122a634b9be74f267cd71717c370619ae267dad80d390a3e60b28c4,7522bf1451f08ea743f13f4f26076c9b094fbbe185376d5a6fe891e6237ee83d,0,0,4128,0.058759,main_grouped_repeated5fold|main|california_housing|r1|f4|ekk
california_housing,rf,16512,4128,8,a70d2bd904f3819a7627ddaed8e3509c3cb53da7b15e6e8a088d19b442221170,d6e4eb2cf1c12505f221a9e8e70d21c937191f017f49632f8471b3051e9793be,a2542e96f84448b70831d1a9a84035ffce8d031d568e3cb21376a98c958bada3,none,0,16512,0.15655281007751937,0,0,0,0,0,,,,4128,0.48465678265633144,0.3230056376312967,0.8180583235123541,0.4324186380702402,0.12861104569857554,0.1413933231276706,623,3505,0.1509205426356589,0.8879592669558646,0.6573925731541177,0.3694531352370821,0.263569671631092,main_grouped_repeated5fold,main,California Housing,1,4,42,50210402,100,cb008e8f2122a634b9be74f267cd71717c370619ae267dad80d390a3e60b28c4,7522bf1451f08ea743f13f4f26076c9b094fbbe185376d5a6fe891e6237ee83d,0,0,4128,0.801016,main_grouped_repeated5fold|main|california_housing|r1|f4|rf
california_housing,smote_r_rf,16512,4128,8,a70d2bd904f3819a7627ddaed8e3509c3cb53da7b15e6e8a088d19b442221170,d6e4eb2cf1c12505f221a9e8e70d21c937191f017f49632f8471b3051e9793be,a2542e96f84448b70831d1a9a84035ffce8d031d568e3cb21376a98c958bada3,smote_r,11342,27854,0.5,0,0,0,0,0,,,,4128,0.5160371785882006,0.35808287668775557,0.7937349784975628,0.39387227510632383,0.11716039137576761,0.14740718232382866,623,3505,0.1509205426356589,0.7874387153820844,0.5658472168740251,0.45101437295661717,0.3211535802723358,main_grouped_repeated5fold,main,California Housing,1,4,42,50210403,100,cb008e8f2122a634b9be74f267cd71717c370619ae267dad80d390a3e60b28c4,7522bf1451f08ea743f13f4f26076c9b094fbbe185376d5a6fe891e6237ee83d,0,0,4128,4.29562,main_grouped_repeated5fold|main|california_housing|r1|f4|smote_r_rf
california_housing,smogn_rf,16512,4128,8,a70d2bd904f3819a7627ddaed8e3509c3cb53da7b15e6e8a088d19b442221170,d6e4eb2cf1c12505f221a9e8e70d21c937191f017f49632f8471b3051e9793be,a2542e96f84448b70831d1a9a84035ffce8d031d568e3cb21376a98c958bada3,smogn,11342,27854,0.5,0,0,0,0,0,,,,4128,0.5017103423170491,0.346292664066854,0.805029138945641,0.37576369337861415,0.11177711462569534,0.13936102685166693,623,3505,0.1509205426356589,0.77286181412631,0.5556280360276441,0.43621536794176957,0.3090841229166194,main_grouped_repeated5fold,main,California Housing,1,4,42,50210404,100,cb008e8f2122a634b9be74f267cd71717c370619ae267dad80d390a3e60b28c4,7522bf1451f08ea743f13f4f26076c9b094fbbe185376d5a6fe891e6237ee83d,0,0,4128,4.017135,main_grouped_repeated5fold|main|california_housing|r1|f4|smogn_rf
california_housing,relevance_weighted_rf,16512,4128,8,a70d2bd904f3819a7627ddaed8e3509c3cb53da7b15e6e8a088d19b442221170,d6e4eb2cf1c12505f221a9e8e70d21c937191f017f49632f8471b3051e9793be,a2542e96f84448b70831d1a9a84035ffce8d031d568e3cb21376a98c958bada3,none,0,16512,0.15655281007751937,0,0,0,0,0,0.1649319064409641,1.0,3.2986381288192814,4128,0.5011376741478933,0.33578454353431597,0.8054739768297147,0.45878298691125735,0.13645398392577493,0.15058337707660752,623,3505,0.1509205426356589,0.9120490395901589,0.6707407843621916,0.3846073352012176,0.2762473857495039,main_grouped_repeated5fold,main,California Housing,1,4,42,50210405,100,cb008e8f2122a634b9be74f267cd71717c370619ae267dad80d390a3e60b28c4,7522bf1451f08ea743f13f4f26076c9b094fbbe185376d5a6fe891e6237ee83d,0,0,4128,0.847312,main_grouped_repeated5fold|main|california_housing|r1|f4|relevance_weighted_rf
california_housing,ekk,16512,4128,8,0f74d6a752c67287b6f1557d9b13feb1762156eb25696a5d18f560861c15c379,bba034d4a216321628e50915169083d2c395d34a75eaa137a0654e0d65dd2f92,14dfa2579ecb33eff60148ecd6e18e0308d8e53ba3a9658c0b2b93429d9e7878,none,0,16512,0.15158672480620156,0,0,0,0,0,,,,4128,0.7536312582216017,0.5328693683822361,0.5777598816452097,1.0601144017274695,0.3165487186732911,0.3797782423541745,648,3480,0.1569767441860465,1.3636005858717493,1.1282764371683105,0.5722620304038931,0.4220004659186222,main_grouped_repeated5fold,main,California Housing,1,5,42,50210501,100,15104c8b5c5c2e18dabc83a2958b6b83a30dfb349bd39d8cd3a8298a5509fd58,ecd20f64d96c80ca29ae16f6834072a479142ad2d4b9b2a09183ed709708afba,0,0,4128,0.039081,main_grouped_repeated5fold|main|california_housing|r1|f5|ekk
california_housing,rf,16512,4128,8,0f74d6a752c67287b6f1557d9b13feb1762156eb25696a5d18f560861c15c379,bba034d4a216321628e50915169083d2c395d34a75eaa137a0654e0d65dd2f92,14dfa2579ecb33eff60148ecd6e18e0308d8e53ba3a9658c0b2b93429d9e7878,none,0,16512,0.15158672480620156,0,0,0,0,0,,,,4128,0.5167120940621605,0.3392019530141522,0.8015098584948753,0.4978367057009241,0.14860675021187797,0.16476665550410247,648,3480,0.1569767441860465,0.9321032209985025,0.6862003077580047,0.393608203304369,0.27458846626874517,main_grouped_repeated5fold,main,California Housing,1,5,42,50210502,100,15104c8b5c5c2e18dabc83a2958b6b83a30dfb349bd39d8cd3a8298a5509fd58,ecd20f64d96c80ca29ae16f6834072a479142ad2d4b9b2a09183ed709708afba,0,0,4128,0.862565,main_grouped_repeated5fold|main|california_housing|r1|f5|rf
california_housing,smote_r_rf,16512,4128,8,0f74d6a752c67287b6f1557d9b13feb1762156eb25696a5d18f560861c15c379,bba034d4a216321628e50915169083d2c395d34a75eaa137a0654e0d65dd2f92,14dfa2579ecb33eff60148ecd6e18e0308d8e53ba3a9658c0b2b93429d9e7878,smote_r,11506,28018,0.5,0,0,0,0,0,,,,4128,0.5352995832576161,0.3612114418188126,0.7869725844465647,0.4356083674507328,0.13003559623604402,0.16363663516809657,648,3480,0.1569767441860465,0.8136044085990879,0.574000380968464,0.465448564735458,0.3215886738392223,main_grouped_repeated5fold,main,California Housing,1,5,42,50210503,100,15104c8b5c5c2e18dabc83a2958b6b83a30dfb349bd39d8cd3a8298a5509fd58,ecd20f64d96c80ca29ae16f6834072a479142ad2d4b9b2a09183ed709708afba,0,0,4128,4.136073,main_grouped_repeated5fold|main|california_housing|r1|f5|smote_r_rf
california_housing,smogn_rf,16512,4128,8,0f74d6a752c67287b6f1557d9b13feb1762156eb25696a5d18f560861c15c379,bba034d4a216321628e50915169083d2c395d34a75eaa137a0654e0d65dd2f92,14dfa2579ecb33eff60148ecd6e18e0308d8e53ba3a9658c0b2b93429d9e7878,smogn,11506,28018,0.5,0,0,0,0,0,,,,4128,0.5302588373608891,0.3630110928185172,0.7909657172917273,0.42024264854283744,0.1254531638611449,0.15896336296154742,648,3480,0.1569767441860465,0.7992940741226479,0.5674322365510333,0.46321578567317667,0.3249464660545314,main_grouped_repeated5fold,main,California Housing,1,5,42,50210504,100,15104c8b5c5c2e18dabc83a2958b6b83a30dfb349bd39d8cd3a8298a5509fd58,ecd20f64d96c80ca29ae16f6834072a479142ad2d4b9b2a09183ed709708afba,0,0,4128,4.038698,main_grouped_repeated5fold|main|california_housing|r1|f5|smogn_rf
california_housing,relevance_weighted_rf,16512,4128,8,0f74d6a752c67287b6f1557d9b13feb1762156eb25696a5d18f560861c15c379,bba034d4a216321628e50915169083d2c395d34a75eaa137a0654e0d65dd2f92,14dfa2579ecb33eff60148ecd6e18e0308d8e53ba3a9658c0b2b93429d9e7878,none,0,16512,0.15158672480620156,0,0,0,0,0,0.1665092658977414,1.0,3.3301853179548275,4128,0.5140163336748104,0.34050021282753307,0.8035755583995117,0.48447977036961865,0.1446210251072569,0.16047822899064818,648,3480,0.1569767441860465,0.9177879625903873,0.681238099883117,0.39567979047401264,0.27705246834132086,main_grouped_repeated5fold,main,California Housing,1,5,42,50210505,100,15104c8b5c5c2e18dabc83a2958b6b83a30dfb349bd39d8cd3a8298a5509fd58,ecd20f64d96c80ca29ae16f6834072a479142ad2d4b9b2a09183ed709708afba,0,0,4128,0.824585,main_grouped_repeated5fold|main|california_housing|r1|f5|relevance_weighted_rf
california_housing,ekk,16512,4128,8,2de35e6ab1ce5fc9264d3204784781d008b4199e814b36a3938bdb8a07a94239,bb81df70c7016105178a2251767ccc9232997ba26617f6b3a5e868d09264f41f,a35647c5e5c17735642b907fd0f5012661279871d0b57a91ab79c5cdc2a9f7d1,none,0,16512,0.15219234496124032,0,0,0,0,0,,,,4128,0.7239855890613925,0.5298993726240264,0.5978592941695142,1.0205610678701766,0.3022364055303813,0.33198626252914765,644,3484,0.1560077519379845,1.3574234979970328,1.127473116698261,0.5295728955272105,0.4194408504702357,main_grouped_repeated5fold,main,California Housing,2,1,43,50220101,100,aac35b75fb8dd2919870875a9db364319eb576010e197059f19013b7c609f5f5,063cdbccca2d9a1f55706c690c21f73177ca350397f6787170903fb858bee07c,0,0,4128,0.059638,main_grouped_repeated5fold|main|california_housing|r2|f1|ekk
california_housing,rf,16512,4128,8,2de35e6ab1ce5fc9264d3204784781d008b4199e814b36a3938bdb8a07a94239,bb81df70c7016105178a2251767ccc9232997ba26617f6b3a5e868d09264f41f,a35647c5e5c17735642b907fd0f5012661279871d0b57a91ab79c5cdc2a9f7d1,none,0,16512,0.15219234496124032,0,0,0,0,0,,,,4128,0.49162464137103407,0.3312036553813987,0.814567660426027,0.4436567757781985,0.1314134080160997,0.14496976507949763,644,3484,0.1560077519379845,0.8899129948403329,0.6723653535353751,0.3741440348689505,0.2681416193276786,main_grouped_repeated5fold,main,California Housing,2,1,43,50220102,100,aac35b75fb8dd2919870875a9db364319eb576010e197059f19013b7c609f5f5,063cdbccca2d9a1f55706c690c21f73177ca350397f6787170903fb858bee07c,0,0,4128,0.867817,main_grouped_repeated5fold|main|california_housing|r2|f1|rf
california_housing,smote_r_rf,16512,4128,8,2de35e6ab1ce5fc9264d3204784781d008b4199e814b36a3938bdb8a07a94239,bb81df70c7016105178a2251767ccc9232997ba26617f6b3a5e868d09264f41f,a35647c5e5c17735642b907fd0f5012661279871d0b57a91ab79c5cdc2a9f7d1,smote_r,11486,27998,0.5,0,0,0,0,0,,,,4128,0.5093136803018073,0.35207598757607295,0.800983595546349,0.38824113377908787,0.11501419462018311,0.14306221768075802,644,3484,0.1560077519379845,0.7761317726418369,0.5626521524504744,0.44272143129833114,0.31315203517104584,main_grouped_repeated5fold,main,California Housing,2,1,43,50220103,100,aac35b75fb8dd2919870875a9db364319eb576010e197059f19013b7c609f5f5,063cdbccca2d9a1f55706c690c21f73177ca350397f6787170903fb858bee07c,0,0,4128,4.270161,main_grouped_repeated5fold|main|california_housing|r2|f1|smote_r_rf
california_housing,smogn_rf,16512,4128,8,2de35e6ab1ce5fc9264d3204784781d008b4199e814b36a3938bdb8a07a94239,bb81df70c7016105178a2251767ccc9232997ba26617f6b3a5e868d09264f41f,a35647c5e5c17735642b907fd0f5012661279871d0b57a91ab79c5cdc2a9f7d1,smogn,11486,27998,0.5,0,0,0,0,0,,,,4128,0.5097441393785004,0.35455936907791746,0.8006470460939563,0.3880064871336674,0.11494654748822192,0.1428143667575153,644,3484,0.1560077519379845,0.7784424991632701,0.5680175669191369,0.44255848600606446,0.3151026872725945,main_grouped_repeated5fold,main,California Housing,2,1,43,50220104,100,aac35b75fb8dd2919870875a9db364319eb576010e197059f19013b7c609f5f5,063cdbccca2d9a1f55706c690c21f73177ca350397f6787170903fb858bee07c,0,0,4128,4.45423,main_grouped_repeated5fold|main|california_housing|r2|f1|smogn_rf
california_housing,relevance_weighted_rf,16512,4128,8,2de35e6ab1ce5fc9264d3204784781d008b4199e814b36a3938bdb8a07a94239,bb81df70c7016105178a2251767ccc9232997ba26617f6b3a5e868d09264f41f,a35647c5e5c17735642b907fd0f5012661279871d0b57a91ab79c5cdc2a9f7d1,none,0,16512,0.15219234496124032,0,0,0,0,0,0.16633602262826097,1.0000000000000002,3.3267204525652194,4128,0.5015558648508543,0.3386900249238418,0.8070002178484821,0.4632464074013726,0.1372252513186614,0.14990658480704278,644,3484,0.1560077519379845,0.9100468315034476,0.6910503358232942,0.38075145920955056,0.27355798123289826,main_grouped_repeated5fold,main,California Housing,2,1,43,50220105,100,aac35b75fb8dd2919870875a9db364319eb576010e197059f19013b7c609f5f5,063cdbccca2d9a1f55706c690c21f73177ca350397f6787170903fb858bee07c,0,0,4128,0.829079,main_grouped_repeated5fold|main|california_housing|r2|f1|relevance_weighted_rf
california_housing,ekk,16512,4128,8,136a25cdce76981e47c9f7d9d6af9101bfe20d436becaeb77a7c3502a1c77157,582fa5338a3a1f88b1045e01a0588b0690a4ba5d033318c666984e2aae08aa42,282e3395ecf8f7c20a84ccf8df624f4e1d9bc72470d619a53113fd9a56f1634e,none,0,16512,0.15479651162790697,0,0,0,0,0,,,,4128,0.7454067674782683,0.5358753426765019,0.5836264351592381,1.0422551595226557,0.3105637010536359,0.35896426189813074,620,3508,0.1501937984496124,1.3796124483339631,1.1361355766222063,0.5634184839168279,0.42978601968723834,main_grouped_repeated5fold,main,California Housing,2,2,43,50220201,100,fdf524b3455cba397f13c0b9c5c0648c4f5f631fa0310e87bdfbd0b00685740b,e9be4e2ca366448d49e03f1bb8abd630e9169b44b5829500872c271f12d26a9a,0,0,4128,0.044056,main_grouped_repeated5fold|main|california_housing|r2|f2|ekk
california_housing,rf,16512,4128,8,136a25cdce76981e47c9f7d9d6af9101bfe20d436becaeb77a7c3502a1c77157,582fa5338a3a1f88b1045e01a0588b0690a4ba5d033318c666984e2aae08aa42,282e3395ecf8f7c20a84ccf8df624f4e1d9bc72470d619a53113fd9a56f1634e,none,0,16512,0.15479651162790697,0,0,0,0,0,,,,4128,0.49339519015777983,0.33055360586089744,0.8175741791867934,0.4412530330370941,0.13147198342835162,0.1441719267797168,620,3508,0.1501937984496124,0.8956544937865758,0.6579153991869662,0.38037418564786996,0.27269604831752153,main_grouped_repeated5fold,main,California Housing,2,2,43,50220202,100,fdf524b3455cba397f13c0b9c5c0648c4f5f631fa0310e87bdfbd0b00685740b,e9be4e2ca366448d49e03f1bb8abd630e9169b44b5829500872c271f12d26a9a,0,0,4128,0.811961,main_grouped_repeated5fold|main|california_housing|r2|f2|rf
california_housing,smote_r_rf,16512,4128,8,136a25cdce76981e47c9f7d9d6af9101bfe20d436becaeb77a7c3502a1c77157,582fa5338a3a1f88b1045e01a0588b0690a4ba5d033318c666984e2aae08aa42,282e3395ecf8f7c20a84ccf8df624f4e1d9bc72470d619a53113fd9a56f1634e,smote_r,11400,27912,0.5,0,0,0,0,0,,,,4128,0.5224131664072907,0.36003668365680036,0.7954852131108353,0.3880234791256653,0.11563586756877733,0.148405341859327,620,3508,0.1501937984496124,0.7776053446307768,0.5459109119364148,0.46290559189028474,0.32718548025504407,main_grouped_repeated5fold,main,California Housing,2,2,43,50220203,100,fdf524b3455cba397f13c0b9c5c0648c4f5f631fa0310e87bdfbd0b00685740b,e9be4e2ca366448d49e03f1bb8abd630e9169b44b5829500872c271f12d26a9a,0,0,4128,4.310466,main_grouped_repeated5fold|main|california_housing|r2|f2|smote_r_rf
california_housing,smogn_rf,16512,4128,8,136a25cdce76981e47c9f7d9d6af9101bfe20d436becaeb77a7c3502a1c77157,582fa5338a3a1f88b1045e01a0588b0690a4ba5d033318c666984e2aae08aa42,282e3395ecf8f7c20a84ccf8df624f4e1d9bc72470d619a53113fd9a56f1634e,smogn,11400,27912,0.5,0,0,0,0,0,,,,4128,0.518500305470466,0.3588065584233859,0.798537360688083,0.3864619615926023,0.11516683100286582,0.1452650473620271,620,3508,0.1501937984496124,0.7784707842893377,0.5468856425474646,0.45743936897019016,0.3255656712634861,main_grouped_repeated5fold,main,California Housing,2,2,43,50220204,100,fdf524b3455cba397f13c0b9c5c0648c4f5f631fa0310e87bdfbd0b00685740b,e9be4e2ca366448d49e03f1bb8abd630e9169b44b5829500872c271f12d26a9a,0,0,4128,4.094811,main_grouped_repeated5fold|main|california_housing|r2|f2|smogn_rf
california_housing,relevance_weighted_rf,16512,4128,8,136a25cdce76981e47c9f7d9d6af9101bfe20d436becaeb77a7c3502a1c77157,582fa5338a3a1f88b1045e01a0588b0690a4ba5d033318c666984e2aae08aa42,282e3395ecf8f7c20a84ccf8df624f4e1d9bc72470d619a53113fd9a56f1634e,none,0,16512,0.15479651162790697,0,0,0,0,0,0.166041982774862,1.0,3.3208396554972404,4128,0.5017324080871197,0.338279688236616,0.8113569566768479,0.4507861929908039,0.13432285945157985,0.14822545645824206,620,3508,0.1501937984496124,0.9051853654150562,0.6651841269244345,0.38911948936210583,0.28050296304093547,main_grouped_repeated5fold,main,California Housing,2,2,43,50220205,100,fdf524b3455cba397f13c0b9c5c0648c4f5f631fa0310e87bdfbd0b00685740b,e9be4e2ca366448d49e03f1bb8abd630e9169b44b5829500872c271f12d26a9a,0,0,4128,0.873996,main_grouped_repeated5fold|main|california_housing|r2|f2|relevance_weighted_rf
california_housing,ekk,16512,4128,8,13119949586b043d2955f2cf5b4e61a179b3edbf98f65dcfcd56197a154ffb80,2b363272bf2db62f4e4cb98d0351e7c52135872ab8849636275b2991db6dd602,4b680922b0a0d71f8464db7949f492a0d4ff3d3a0a8ee3f17afdcd92f2bb33a5,none,0,16512,0.1542514534883721,0,0,0,0,0,,,,4128,0.7236441763984324,0.5280136724130547,0.6100569397809033,1.0253536708117434,0.3071053625346091,0.33127283007392533,632,3496,0.15310077519379844,1.3687765442127104,1.1106283844000702,0.5288012268843807,0.42268973134446386,main_grouped_repeated5fold,main,California Housing,2,3,43,50220301,100,4356ac1ee990ea939efb06c5fc0655b397b0985bcea62b2fa90e542db304cb41,6353d470511edc028eb7faa81e53e24d226f504bf959213b2fa0fb27e774802b,0,0,4128,0.039052,main_grouped_repeated5fold|main|california_housing|r2|f3|ekk
california_housing,rf,16512,4128,8,13119949586b043d2955f2cf5b4e61a179b3edbf98f65dcfcd56197a154ffb80,2b363272bf2db62f4e4cb98d0351e7c52135872ab8849636275b2991db6dd602,4b680922b0a0d71f8464db7949f492a0d4ff3d3a0a8ee3f17afdcd92f2bb33a5,none,0,16512,0.1542514534883721,0,0,0,0,0,,,,4128,0.500537852721356,0.33093128740888217,0.8134372627237244,0.4685291471471261,0.14032926013576652,0.15198280314713714,632,3496,0.15310077519379844,0.9238508838746307,0.6665667842045093,0.3762124420547605,0.2702557628165377,main_grouped_repeated5fold,main,California Housing,2,3,43,50220302,100,4356ac1ee990ea939efb06c5fc0655b397b0985bcea62b2fa90e542db304cb41,6353d470511edc028eb7faa81e53e24d226f504bf959213b2fa0fb27e774802b,0,0,4128,0.801154,main_grouped_repeated5fold|main|california_housing|r2|f3|rf
california_housing,smote_r_rf,16512,4128,8,13119949586b043d2955f2cf5b4e61a179b3edbf98f65dcfcd56197a154ffb80,2b363272bf2db62f4e4cb98d0351e7c52135872ab8849636275b2991db6dd602,4b680922b0a0d71f8464db7949f492a0d4ff3d3a0a8ee3f17afdcd92f2bb33a5,smote_r,11418,27930,0.5,0,0,0,0,0,,,,4128,0.5226656808369773,0.3627612761072907,0.7965774838869403,0.4184938012602688,0.12536438654057838,0.15159139559522739,632,3496,0.15310077519379844,0.8217550924713203,0.5814520352522669,0.4477590897108975,0.3232267910444689,main_grouped_repeated5fold,main,California Housing,2,3,43,50220303,100,4356ac1ee990ea939efb06c5fc0655b397b0985bcea62b2fa90e542db304cb41,6353d470511edc028eb7faa81e53e24d226f504bf959213b2fa0fb27e774802b,0,0,4128,4.134985,main_grouped_repeated5fold|main|california_housing|r2|f3|smote_r_rf
california_housing,smogn_rf,16512,4128,8,13119949586b043d2955f2cf5b4e61a179b3edbf98f65dcfcd56197a154ffb80,2b363272bf2db62f4e4cb98d0351e7c52135872ab8849636275b2991db6dd602,4b680922b0a0d71f8464db7949f492a0d4ff3d3a0a8ee3f17afdcd92f2bb33a5,smogn,11418,27930,0.5,0,0,0,0,0,,,,4128,0.5274027809331362,0.362535954800033,0.7928733964553766,0.42059637328886207,0.1259967304473907,0.15439122295917412,632,3496,0.15310077519379844,0.8173609676126826,0.5708394635217336,0.45570140722410873,0.32487925642700244,main_grouped_repeated5fold,main,California Housing,2,3,43,50220304,100,4356ac1ee990ea939efb06c5fc0655b397b0985bcea62b2fa90e542db304cb41,6353d470511edc028eb7faa81e53e24d226f504bf959213b2fa0fb27e774802b,0,0,4128,4.283091,main_grouped_repeated5fold|main|california_housing|r2|f3|smogn_rf
california_housing,relevance_weighted_rf,16512,4128,8,13119949586b043d2955f2cf5b4e61a179b3edbf98f65dcfcd56197a154ffb80,2b363272bf2db62f4e4cb98d0351e7c52135872ab8849636275b2991db6dd602,4b680922b0a0d71f8464db7949f492a0d4ff3d3a0a8ee3f17afdcd92f2bb33a5,none,0,16512,0.1542514534883721,0,0,0,0,0,0.1660930066841095,1.0000000000000002,3.3218601336821902,4128,0.5087982940351322,0.3387058117519792,0.8072287134879914,0.4826567857683584,0.14456055270758247,0.15606205943410492,632,3496,0.15310077519379844,0.9385039543656291,0.6796662442098821,0.382684361738541,0.27706765576988696,main_grouped_repeated5fold,main,California Housing,2,3,43,50220305,100,4356ac1ee990ea939efb06c5fc0655b397b0985bcea62b2fa90e542db304cb41,6353d470511edc028eb7faa81e53e24d226f504bf959213b2fa0fb27e774802b,0,0,4128,0.878172,main_grouped_repeated5fold|main|california_housing|r2|f3|relevance_weighted_rf
california_housing,ekk,16512,4128,8,5497a1b2479c39e3d2cfcd3352ce4cfaf7d07d0ba087f56c589d47c176840181,63c9bdbfd4926783cb383586fa1d83a515f66f8c9fe5290f3c9361a8888e3caa,861a195237d024e59fdba460affba645f4b5737336e70744a3da1da1d0d4ed69,none,0,16512,0.15267684108527133,0,0,0,0,0,,,,4128,0.7190034645926856,0.5338636137813436,0.6101626934340808,1.011518315959582,0.2993465638976154,0.32413551512729816,632,3496,0.15310077519379844,1.34420541703073,1.1101724444204737,0.5327066561339568,0.42967963753307986,main_grouped_repeated5fold,main,California Housing,2,4,43,50220401,100,da16391beddc504e395674dc4e38532ec76a6820ad5d086854364cc7dffbbaab,84d3f10eed13980019237ed5d127ad2d8f9184a86a5b47bb7cf1a6bbee0242ca,0,0,4128,0.038704,main_grouped_repeated5fold|main|california_housing|r2|f4|ekk
california_housing,rf,16512,4128,8,5497a1b2479c39e3d2cfcd3352ce4cfaf7d07d0ba087f56c589d47c176840181,63c9bdbfd4926783cb383586fa1d83a515f66f8c9fe5290f3c9361a8888e3caa,861a195237d024e59fdba460affba645f4b5737336e70744a3da1da1d0d4ed69,none,0,16512,0.15267684108527133,0,0,0,0,0,,,,4128,0.4876370651398797,0.3262431949030018,0.8206857313631938,0.4517241045156706,0.1336847412112136,0.14444014173794448,632,3496,0.15310077519379844,0.8942773799909013,0.661455929857789,0.3690570630816921,0.2656440963642645,main_grouped_repeated5fold,main,California Housing,2,4,43,50220402,100,da16391beddc504e395674dc4e38532ec76a6820ad5d086854364cc7dffbbaab,84d3f10eed13980019237ed5d127ad2d8f9184a86a5b47bb7cf1a6bbee0242ca,0,0,4128,0.88789,main_grouped_repeated5fold|main|california_housing|r2|f4|rf
california_housing,smote_r_rf,16512,4128,8,5497a1b2479c39e3d2cfcd3352ce4cfaf7d07d0ba087f56c589d47c176840181,63c9bdbfd4926783cb383586fa1d83a515f66f8c9fe5290f3c9361a8888e3caa,861a195237d024e59fdba460affba645f4b5737336e70744a3da1da1d0d4ed69,smote_r,11470,27982,0.5,0,0,0,0,0,,,,4128,0.5136529319313453,0.3567477074608874,0.8010421979732486,0.40307010099764123,0.11927995044052915,0.14618606662202027,632,3496,0.15310077519379844,0.7896045680688077,0.5644136865076067,0.4458980141505951,0.31920626044786493,main_grouped_repeated5fold,main,California Housing,2,4,43,50220403,100,da16391beddc504e395674dc4e38532ec76a6820ad5d086854364cc7dffbbaab,84d3f10eed13980019237ed5d127ad2d8f9184a86a5b47bb7cf1a6bbee0242ca,0,0,4128,4.164526,main_grouped_repeated5fold|main|california_housing|r2|f4|smote_r_rf
california_housing,smogn_rf,16512,4128,8,5497a1b2479c39e3d2cfcd3352ce4cfaf7d07d0ba087f56c589d47c176840181,63c9bdbfd4926783cb383586fa1d83a515f66f8c9fe5290f3c9361a8888e3caa,861a195237d024e59fdba460affba645f4b5737336e70744a3da1da1d0d4ed69,smogn,11470,27982,0.5,0,0,0,0,0,,,,4128,0.5118413775348764,0.3546024396569716,0.8024430945232863,0.4012100509203832,0.11872565405596712,0.14505603755693128,632,3496,0.15310077519379844,0.7889313987982235,0.5616825814102967,0.4436480143590362,0.31716689915694257,main_grouped_repeated5fold,main,California Housing,2,4,43,50220404,100,da16391beddc504e395674dc4e38532ec76a6820ad5d086854364cc7dffbbaab,84d3f10eed13980019237ed5d127ad2d8f9184a86a5b47bb7cf1a6bbee0242ca,0,0,4128,4.280236,main_grouped_repeated5fold|main|california_housing|r2|f4|smogn_rf
california_housing,relevance_weighted_rf,16512,4128,8,5497a1b2479c39e3d2cfcd3352ce4cfaf7d07d0ba087f56c589d47c176840181,63c9bdbfd4926783cb383586fa1d83a515f66f8c9fe5290f3c9361a8888e3caa,861a195237d024e59fdba460affba645f4b5737336e70744a3da1da1d0d4ed69,none,0,16512,0.15267684108527133,0,0,0,0,0,0.1664010138695175,1.0,3.3280202773903502,4128,0.49915302449494486,0.3349799796385302,0.8121164118872568,0.47041132134708435,0.13921743134175843,0.1501387659279434,632,3496,0.15310077519379844,0.9147399410673158,0.6736926627132701,0.3780600462583843,0.27374816736643764,main_grouped_repeated5fold,main,California Housing,2,4,43,50220405,100,da16391beddc504e395674dc4e38532ec76a6820ad5d086854364cc7dffbbaab,84d3f10eed13980019237ed5d127ad2d8f9184a86a5b47bb7cf1a6bbee0242ca,0,0,4128,0.810203,main_grouped_repeated5fold|main|california_housing|r2|f4|relevance_weighted_rf
california_housing,ekk,16512,4128,8,8580fb379a2d4890ec4464a994029e5415d9c0eb79b907d3dd45f5094661e6e4,f2d0d961aa01a66a0d4fc40b25c26a20c592aa2b7a9da8059c28e12b0ca11d6f,4cbb35440eadcee0fcf8319eca4d0f310e687f51201ad4b0b1c7e7bf4aee2076,none,0,16512,0.15334302325581395,0,0,0,0,0,,,,4128,0.7212495992363592,0.5306598100711661,0.6149006526666412,1.0024523662309077,0.30137026048298243,0.3293002994972024,640,3488,0.15503875968992248,1.337004841854172,1.1015455264344443,0.5363338687400895,0.4259101373439592,main_grouped_repeated5fold,main,California Housing,2,5,43,50220501,100,fd6007aa7796253802765d0419e0a9562814bef7ab9e3c4a29551af2c45754c2,88e300bd39d6c2690ef9f8fac61f978848e9e94d3a3958200f984a9dbedd5aea,0,0,4128,0.038398,main_grouped_repeated5fold|main|california_housing|r2|f5|ekk
california_housing,rf,16512,4128,8,8580fb379a2d4890ec4464a994029e5415d9c0eb79b907d3dd45f5094661e6e4,f2d0d961aa01a66a0d4fc40b25c26a20c592aa2b7a9da8059c28e12b0ca11d6f,4cbb35440eadcee0fcf8319eca4d0f310e687f51201ad4b0b1c7e7bf4aee2076,none,0,16512,0.15334302325581395,0,0,0,0,0,,,,4128,0.4828505362070071,0.32355647395933657,0.8274054615188284,0.421057191884519,0.12658479231760433,0.1405739025285288,640,3488,0.15503875968992248,0.8541827526913567,0.6341698906730192,0.3768908914312425,0.2665631864889361,main_grouped_repeated5fold,main,California Housing,2,5,43,50220502,100,fd6007aa7796253802765d0419e0a9562814bef7ab9e3c4a29551af2c45754c2,88e300bd39d6c2690ef9f8fac61f978848e9e94d3a3958200f984a9dbedd5aea,0,0,4128,0.856117,main_grouped_repeated5fold|main|california_housing|r2|f5|rf
california_housing,smote_r_rf,16512,4128,8,8580fb379a2d4890ec4464a994029e5415d9c0eb79b907d3dd45f5094661e6e4,f2d0d961aa01a66a0d4fc40b25c26a20c592aa2b7a9da8059c28e12b0ca11d6f,4cbb35440eadcee0fcf8319eca4d0f310e687f51201ad4b0b1c7e7bf4aee2076,smote_r,11448,27960,0.5,0,0,0,0,0,,,,4128,0.5045253011470332,0.35164315563721615,0.811562422042944,0.3594206695968358,0.10806115097112087,0.1389885032279552,640,3488,0.15503875968992248,0.7278566377226942,0.5254246195740416,0.4517133524544888,0.3197566484928445,main_grouped_repeated5fold,main,California Housing,2,5,43,50220503,100,fd6007aa7796253802765d0419e0a9562814bef7ab9e3c4a29551af2c45754c2,88e300bd39d6c2690ef9f8fac61f978848e9e94d3a3958200f984a9dbedd5aea,0,0,4128,4.115864,main_grouped_repeated5fold|main|california_housing|r2|f5|smote_r_rf
california_housing,smogn_rf,16512,4128,8,8580fb379a2d4890ec4464a994029e5415d9c0eb79b907d3dd45f5094661e6e4,f2d0d961aa01a66a0d4fc40b25c26a20c592aa2b7a9da8059c28e12b0ca11d6f,4cbb35440eadcee0fcf8319eca4d0f310e687f51201ad4b0b1c7e7bf4aee2076,smogn,11448,27960,0.5,0,0,0,0,0,,,,4128,0.5063334848498847,0.35582275223831583,0.8102093072135967,0.3558936137016473,0.106997438230847,0.13835371784183098,640,3488,0.15503875968992248,0.7172247771551536,0.5218954353161349,0.4571949427353626,0.3253507002974316,main_grouped_repeated5fold,main,California Housing,2,5,43,50220504,100,fd6007aa7796253802765d0419e0a9562814bef7ab9e3c4a29551af2c45754c2,88e300bd39d6c2690ef9f8fac61f978848e9e94d3a3958200f984a9dbedd5aea,0,0,4128,4.048851,main_grouped_repeated5fold|main|california_housing|r2|f5|smogn_rf
california_housing,relevance_weighted_rf,16512,4128,8,8580fb379a2d4890ec4464a994029e5415d9c0eb79b907d3dd45f5094661e6e4,f2d0d961aa01a66a0d4fc40b25c26a20c592aa2b7a9da8059c28e12b0ca11d6f,4cbb35440eadcee0fcf8319eca4d0f310e687f51201ad4b0b1c7e7bf4aee2076,none,0,16512,0.15334302325581395,0,0,0,0,0,0.16615854497942115,1.0,3.3231708995884226,4128,0.4874219053906492,0.3304631223391829,0.8241219268537473,0.4219650942119838,0.12685903819300706,0.1411162117231415,640,3488,0.15503875968992248,0.8524083549249493,0.6365077019348349,0.38451488102259973,0.2743081536060358,main_grouped_repeated5fold,main,California Housing,2,5,43,50220505,100,fd6007aa7796253802765d0419e0a9562814bef7ab9e3c4a29551af2c45754c2,88e300bd39d6c2690ef9f8fac61f978848e9e94d3a3958200f984a9dbedd5aea,0,0,4128,0.847079,main_grouped_repeated5fold|main|california_housing|r2|f5|relevance_weighted_rf
concrete,ekk,825,205,8,fd2f18e0e48d698d15c9d0f2847351388a3af394c8adf111972040b95ab8e79f,c171373b46c5092fffbc8122bf8161ac579f18ae541b763eb479c38f96e24d3a,e14c5b2f3ecda2cc2f53d2ec42096a3278392604f0aa8a872b8f7001c22abcdd,none,0,825,0.1709090909090909,0,0,0,0,0,,,,205,11.402011336214695,9.010778513625649,0.554257978241247,165.42348842253597,50.313326856003016,68.23557092055432,36,169,0.17560975609756097,14.411178333901663,12.91036620667118,10.651734758793324,8.18009711155678,main_grouped_repeated5fold,main,Concrete Compressive Strength,1,1,42,50310101,100,c3750f3f00b681ed4c722ba82341c7b2dd2020490ddd7c580dc5e777d2609c3e,12c9851c9297c5740f63d5b823d33f330d7e1d9ef8701bfadacf7426b6ca29bd,0,0,200,0.019706,main_grouped_repeated5fold|main|concrete|r1|f1|ekk
concrete,rf,825,205,8,fd2f18e0e48d698d15c9d0f2847351388a3af394c8adf111972040b95ab8e79f,c171373b46c5092fffbc8122bf8161ac579f18ae541b763eb479c38f96e24d3a,e14c5b2f3ecda2cc2f53d2ec42096a3278392604f0aa8a872b8f7001c22abcdd,none,0,825,0.1709090909090909,0,0,0,0,0,,,,205,5.335106830421689,3.8230793184868905,0.9024096485500207,49.8241798893656,15.14527159984371,15.391255728485891,36,169,0.17560975609756097,9.252977936927477,7.396349549047041,4.035901149979724,3.0619093285450836,main_grouped_repeated5fold,main,Concrete Compressive Strength,1,1,42,50310102,100,c3750f3f00b681ed4c722ba82341c7b2dd2020490ddd7c580dc5e777d2609c3e,12c9851c9297c5740f63d5b823d33f330d7e1d9ef8701bfadacf7426b6ca29bd,0,0,200,0.161693,main_grouped_repeated5fold|main|concrete|r1|f1|rf
concrete,smote_r_rf,825,205,8,fd2f18e0e48d698d15c9d0f2847351388a3af394c8adf111972040b95ab8e79f,c171373b46c5092fffbc8122bf8161ac579f18ae541b763eb479c38f96e24d3a,e14c5b2f3ecda2cc2f53d2ec42096a3278392604f0aa8a872b8f7001c22abcdd,smote_r,543,1368,0.5,0,0,0,0,0,,,,205,5.005360002875148,3.562456402143672,0.9141003727105368,40.42321839461987,12.284075877135837,12.529757844825907,36,169,0.17560975609756097,8.06498402718992,6.114489402040324,4.066322263276705,3.0188280708047404,main_grouped_repeated5fold,main,Concrete Compressive Strength,1,1,42,50310103,100,c3750f3f00b681ed4c722ba82341c7b2dd2020490ddd7c580dc5e777d2609c3e,12c9851c9297c5740f63d5b823d33f330d7e1d9ef8701bfadacf7426b6ca29bd,0,0,200,0.279507,main_grouped_repeated5fold|main|concrete|r1|f1|smote_r_rf
concrete,smogn_rf,825,205,8,fd2f18e0e48d698d15c9d0f2847351388a3af394c8adf111972040b95ab8e79f,c171373b46c5092fffbc8122bf8161ac579f18ae541b763eb479c38f96e24d3a,e14c5b2f3ecda2cc2f53d2ec42096a3278392604f0aa8a872b8f7001c22abcdd,smogn,543,1368,0.5,0,0,0,0,0,,,,205,4.989545637808464,3.62902878301316,0.914642312577167,38.16780079032314,11.608156576215963,11.871520660056275,36,169,0.17560975609756097,7.595065810375393,5.813683841062085,4.232118718212099,3.1636584747897207,main_grouped_repeated5fold,main,Concrete Compressive Strength,1,1,42,50310104,100,c3750f3f00b681ed4c722ba82341c7b2dd2020490ddd7c580dc5e777d2609c3e,12c9851c9297c5740f63d5b823d33f330d7e1d9ef8701bfadacf7426b6ca29bd,0,0,200,0.279528,main_grouped_repeated5fold|main|concrete|r1|f1|smogn_rf
concrete,relevance_weighted_rf,825,205,8,fd2f18e0e48d698d15c9d0f2847351388a3af394c8adf111972040b95ab8e79f,c171373b46c5092fffbc8122bf8161ac579f18ae541b763eb479c38f96e24d3a,e14c5b2f3ecda2cc2f53d2ec42096a3278392604f0aa8a872b8f7001c22abcdd,none,0,825,0.1709090909090909,0,0,0,0,0,0.16645282376262616,1.0,3.3290564752525227,205,5.270188084264885,3.7892656688290693,0.9047702002405767,48.631818786368356,14.783688397284134,14.977634643944318,36,169,0.17560975609756097,9.014838667807942,7.187257738261481,4.047226764361236,3.0654330386541186,main_grouped_repeated5fold,main,Concrete Compressive Strength,1,1,42,50310105,100,c3750f3f00b681ed4c722ba82341c7b2dd2020490ddd7c580dc5e777d2609c3e,12c9851c9297c5740f63d5b823d33f330d7e1d9ef8701bfadacf7426b6ca29bd,0,0,200,0.160895,main_grouped_repeated5fold|main|concrete|r1|f1|relevance_weighted_rf
concrete,ekk,826,204,8,4004b5b6ca38aa1614377188aa6ac3407cbb3f9606e2c7e24f63aa37fe2221b9,ef2984e72ce3557b703ef4ed9cb318c9d44834c775022c5768e0f75eac1b661d,1642bd619cf185a2ff5420695ef1f4fdd214c756d0d1b7ff385fcdf4fc4a317f,none,0,826,0.18523002421307505,0,0,0,0,0,,,,204,9.409626133184716,7.173914664153444,0.6848766780529347,137.01327951518746,42.223963401662374,46.66913856047057,39,165,0.19117647058823528,13.477614975956728,10.932744651948697,8.156863232871656,6.285463939765474,main_grouped_repeated5fold,main,Concrete Compressive Strength,1,2,42,50310201,100,9a3bd112eaaaa931f5de381da20782fe20811ff1eb761aa2d4c7d7c57e3a8a19,152d854d1023b72f648600e6df21e85d078fa3a70bf0d492b897931ef195b3ab,0,0,199,0.01982,main_grouped_repeated5fold|main|concrete|r1|f2|ekk
concrete,rf,826,204,8,4004b5b6ca38aa1614377188aa6ac3407cbb3f9606e2c7e24f63aa37fe2221b9,ef2984e72ce3557b703ef4ed9cb318c9d44834c775022c5768e0f75eac1b661d,1642bd619cf185a2ff5420695ef1f4fdd214c756d0d1b7ff385fcdf4fc4a317f,none,0,826,0.18523002421307505,0,0,0,0,0,,,,204,5.837505457043771,3.869193509862022,0.8787196591806229,64.02441570925959,19.717757535580038,19.938344794172455,39,165,0.19117647058823528,9.25364739464196,6.1195872734342105,4.678791774869668,3.3372822566540505,main_grouped_repeated5fold,main,Concrete Compressive Strength,1,2,42,50310202,100,9a3bd112eaaaa931f5de381da20782fe20811ff1eb761aa2d4c7d7c57e3a8a19,152d854d1023b72f648600e6df21e85d078fa3a70bf0d492b897931ef195b3ab,0,0,199,0.162217,main_grouped_repeated5fold|main|concrete|r1|f2|rf
concrete,smote_r_rf,826,204,8,4004b5b6ca38aa1614377188aa6ac3407cbb3f9606e2c7e24f63aa37fe2221b9,ef2984e72ce3557b703ef4ed9cb318c9d44834c775022c5768e0f75eac1b661d,1642bd619cf185a2ff5420695ef1f4fdd214c756d0d1b7ff385fcdf4fc4a317f,smote_r,520,1346,0.5,0,0,0,0,0,,,,204,5.6838809604482865,3.811434805713808,0.8850190858554587,56.27748729279181,17.33034626180355,17.737923561316105,39,165,0.19117647058823528,8.475992006746493,5.490400077405302,4.791831045081863,3.4145884687685455,main_grouped_repeated5fold,main,Concrete Compressive Strength,1,2,42,50310203,100,9a3bd112eaaaa931f5de381da20782fe20811ff1eb761aa2d4c7d7c57e3a8a19,152d854d1023b72f648600e6df21e85d078fa3a70bf0d492b897931ef195b3ab,0,0,199,0.270108,main_grouped_repeated5fold|main|concrete|r1|f2|smote_r_rf
concrete,smogn_rf,826,204,8,4004b5b6ca38aa1614377188aa6ac3407cbb3f9606e2c7e24f63aa37fe2221b9,ef2984e72ce3557b703ef4ed9cb318c9d44834c775022c5768e0f75eac1b661d,1642bd619cf185a2ff5420695ef1f4fdd214c756d0d1b7ff385fcdf4fc4a317f,smogn,520,1346,0.5,0,0,0,0,0,,,,204,5.653373397316245,3.789609472337837,0.8862500664840102,55.973363596511966,17.23558394392185,17.696563348026725,39,165,0.19117647058823528,8.358868522375507,5.166853878405978,4.795839131539234,3.464078976358095,main_grouped_repeated5fold,main,Concrete Compressive Strength,1,2,42,50310204,100,9a3bd112eaaaa931f5de381da20782fe20811ff1eb761aa2d4c7d7c57e3a8a19,152d854d1023b72f648600e6df21e85d078fa3a70bf0d492b897931ef195b3ab,0,0,199,0.287198,main_grouped_repeated5fold|main|concrete|r1|f2|smogn_rf
concrete,relevance_weighted_rf,826,204,8,4004b5b6ca38aa1614377188aa6ac3407cbb3f9606e2c7e24f63aa37fe2221b9,ef2984e72ce3557b703ef4ed9cb318c9d44834c775022c5768e0f75eac1b661d,1642bd619cf185a2ff5420695ef1f4fdd214c756d0d1b7ff385fcdf4fc4a317f,none,0,826,0.18523002421307505,0,0,0,0,0,0.16393750706973215,1.0,3.2787501413946427,204,6.016231105976283,4.072262899334956,0.8711795442880061,67.19736362594318,20.694289997631866,20.976431590329316,39,165,0.19117647058823528,9.450494549122597,6.3184079630876475,4.8621141737018485,3.5413558842661392,main_grouped_repeated5fold,main,Concrete Compressive Strength,1,2,42,50310205,100,9a3bd112eaaaa931f5de381da20782fe20811ff1eb761aa2d4c7d7c57e3a8a19,152d854d1023b72f648600e6df21e85d078fa3a70bf0d492b897931ef195b3ab,0,0,199,0.186367,main_grouped_repeated5fold|main|concrete|r1|f2|relevance_weighted_rf
concrete,ekk,823,207,8,8a7984bf5f175b7cd268316912485e2a245c2c9875952334409ea5ae6fab7f8a,954d23ce8488702167007ad284ea40d20d454f3affd5508e5e7b37cec663b55f,f9ad9f273c756b144bcd054bd9c02e514fcef963d9086ec1a87ddf44b54b09ef,none,0,823,0.18347509113001215,0,0,0,0,0,,,,207,10.867927682346739,8.931671616924513,0.5790705184253941,147.8694865584382,44.74019588829886,56.9161862253832,39,168,0.18840579710144928,13.613770409184552,12.165513592284478,10.124551236703677,8.180958301215949,main_grouped_repeated5fold,main,Concrete Compressive Strength,1,3,42,50310301,100,f8db7c8077354884085117047988b54fd8a1cd35a33be1403307218c623c20bc,ec28c60e53270a528bcb531a295a107c16cf80814719762b823c79db7e16171e,0,0,199,0.020277,main_grouped_repeated5fold|main|concrete|r1|f3|ekk
concrete,rf,823,207,8,8a7984bf5f175b7cd268316912485e2a245c2c9875952334409ea5ae6fab7f8a,954d23ce8488702167007ad284ea40d20d454f3affd5508e5e7b37cec663b55f,f9ad9f273c756b144bcd054bd9c02e514fcef963d9086ec1a87ddf44b54b09ef,none,0,823,0.18347509113001215,0,0,0,0,0,,,,207,4.280827117956237,3.2884521258737505,0.9346912693277355,25.982654507191153,7.869809594978832,8.15016271194575,39,168,0.18840579710144928,5.785892060005681,4.656912992638168,3.8481513791498405,2.9707737103748677,main_grouped_repeated5fold,main,Concrete Compressive Strength,1,3,42,50310302,100,f8db7c8077354884085117047988b54fd8a1cd35a33be1403307218c623c20bc,ec28c60e53270a528bcb531a295a107c16cf80814719762b823c79db7e16171e,0,0,199,0.168598,main_grouped_repeated5fold|main|concrete|r1|f3|rf
concrete,smote_r_rf,823,207,8,8a7984bf5f175b7cd268316912485e2a245c2c9875952334409ea5ae6fab7f8a,954d23ce8488702167007ad284ea40d20d454f3affd5508e5e7b37cec663b55f,f9ad9f273c756b144bcd054bd9c02e514fcef963d9086ec1a87ddf44b54b09ef,smote_r,521,1344,0.5,0,0,0,0,0,,,,207,4.159692134971886,3.2097428736753075,0.9383350700049419,20.34292893723591,6.166054245876924,6.683904544562153,39,168,0.18840579710144928,4.66969660999797,3.662637669110705,4.032082951160063,3.104606581877804,main_grouped_repeated5fold,main,Concrete Compressive Strength,1,3,42,50310303,100,f8db7c8077354884085117047988b54fd8a1cd35a33be1403307218c623c20bc,ec28c60e53270a528bcb531a295a107c16cf80814719762b823c79db7e16171e,0,0,199,0.289141,main_grouped_repeated5fold|main|concrete|r1|f3|smote_r_rf
concrete,smogn_rf,823,207,8,8a7984bf5f175b7cd268316912485e2a245c2c9875952334409ea5ae6fab7f8a,954d23ce8488702167007ad284ea40d20d454f3affd5508e5e7b37cec663b55f,f9ad9f273c756b144bcd054bd9c02e514fcef963d9086ec1a87ddf44b54b09ef,smogn,521,1344,0.5,0,0,0,0,0,,,,207,4.127665194227689,3.140540489885278,0.9392809747103883,19.83878817558771,6.00897399142334,6.522447997099107,39,168,0.18840579710144928,4.497258025699432,3.4263790900851108,4.037030579064132,3.0741851005531737,main_grouped_repeated5fold,main,Concrete Compressive Strength,1,3,42,50310304,100,f8db7c8077354884085117047988b54fd8a1cd35a33be1403307218c623c20bc,ec28c60e53270a528bcb531a295a107c16cf80814719762b823c79db7e16171e,0,0,199,0.28468,main_grouped_repeated5fold|main|concrete|r1|f3|smogn_rf
concrete,relevance_weighted_rf,823,207,8,8a7984bf5f175b7cd268316912485e2a245c2c9875952334409ea5ae6fab7f8a,954d23ce8488702167007ad284ea40d20d454f3affd5508e5e7b37cec663b55f,f9ad9f273c756b144bcd054bd9c02e514fcef963d9086ec1a87ddf44b54b09ef,none,0,823,0.18347509113001215,0,0,0,0,0,0.1636366253630682,1.0,3.2727325072613636,207,4.3037668777708085,3.3114582746190875,0.9339894513459719,24.784497181135844,7.505841025233448,7.861132466290345,39,168,0.18840579710144928,5.44126549341924,4.41362579238579,3.9936342921472847,3.0555979579946744,main_grouped_repeated5fold,main,Concrete Compressive Strength,1,3,42,50310305,100,f8db7c8077354884085117047988b54fd8a1cd35a33be1403307218c623c20bc,ec28c60e53270a528bcb531a295a107c16cf80814719762b823c79db7e16171e,0,0,199,0.181166,main_grouped_repeated5fold|main|concrete|r1|f3|relevance_weighted_rf
concrete,ekk,823,207,8,0c5a2ef9280f216759fb2fd839b18c3c9df88f4ae8ac7b73f4d0f0df97752827,e40f58a923379f7aa76cb6c780a911a93742a8860c7b1879fbef646e3f9c4750,20445b3353db4b8ef98d31837d55be32921fba722f2b6bc031fd68327eabe5bf,none,0,823,0.16889428918590524,0,0,0,0,0,,,,207,10.031352752952849,7.921874240996581,0.6098196947181358,118.0482568795644,33.5636094897302,43.99542575556898,34,173,0.1642512077294686,11.75109332819545,9.90849817527762,9.65742856048284,7.531439479345973,main_grouped_repeated5fold,main,Concrete Compressive Strength,1,4,42,50310401,100,da3f93cb6eac232d3c3266023bcc62109c5e003f7a85348c140199d983941ad4,d39bf5681339ce967075326b5a64637fa1eaab6381e0dec47143478723f10bf8,0,0,199,0.022958,main_grouped_repeated5fold|main|concrete|r1|f4|ekk
concrete,rf,823,207,8,0c5a2ef9280f216759fb2fd839b18c3c9df88f4ae8ac7b73f4d0f0df97752827,e40f58a923379f7aa76cb6c780a911a93742a8860c7b1879fbef646e3f9c4750,20445b3353db4b8ef98d31837d55be32921fba722f2b6bc031fd68327eabe5bf,none,0,823,0.16889428918590524,0,0,0,0,0,,,,207,5.241950042334889,3.865819875148619,0.8934552403169164,39.03978304413662,11.106381043071698,11.61622958901794,34,173,0.1642512077294686,6.965184654334893,5.400109262966513,4.8315468769890595,3.5642832324560847,main_grouped_repeated5fold,main,Concrete Compressive Strength,1,4,42,50310402,100,da3f93cb6eac232d3c3266023bcc62109c5e003f7a85348c140199d983941ad4,d39bf5681339ce967075326b5a64637fa1eaab6381e0dec47143478723f10bf8,0,0,199,0.172473,main_grouped_repeated5fold|main|concrete|r1|f4|rf
concrete,smote_r_rf,823,207,8,0c5a2ef9280f216759fb2fd839b18c3c9df88f4ae8ac7b73f4d0f0df97752827,e40f58a923379f7aa76cb6c780a911a93742a8860c7b1879fbef646e3f9c4750,20445b3353db4b8ef98d31837d55be32921fba722f2b6bc031fd68327eabe5bf,smote_r,545,1368,0.5,0,0,0,0,0,,,,207,4.946612284050646,3.657502724691307,0.9051227513294968,30.978147404709134,8.816619200085444,9.459398483109881,34,173,0.1642512077294686,5.732515455358721,4.111311810007345,4.77697905131148,3.5683148119702346,main_grouped_repeated5fold,main,Concrete Compressive Strength,1,4,42,50310403,100,da3f93cb6eac232d3c3266023bcc62109c5e003f7a85348c140199d983941ad4,d39bf5681339ce967075326b5a64637fa1eaab6381e0dec47143478723f10bf8,0,0,199,0.276483,main_grouped_repeated5fold|main|concrete|r1|f4|smote_r_rf
concrete,smogn_rf,823,207,8,0c5a2ef9280f216759fb2fd839b18c3c9df88f4ae8ac7b73f4d0f0df97752827,e40f58a923379f7aa76cb6c780a911a93742a8860c7b1879fbef646e3f9c4750,20445b3353db4b8ef98d31837d55be32921fba722f2b6bc031fd68327eabe5bf,smogn,545,1368,0.5,0,0,0,0,0,,,,207,5.089816552883065,3.673518509146283,0.8995498479608673,33.45141671298114,9.519443131935395,10.289764499242716,34,173,0.1642512077294686,5.796911480397527,4.084216470915264,4.938961490147865,3.5928033027870607,main_grouped_repeated5fold,main,Concrete Compressive Strength,1,4,42,50310404,100,da3f93cb6eac232d3c3266023bcc62109c5e003f7a85348c140199d983941ad4,d39bf5681339ce967075326b5a64637fa1eaab6381e0dec47143478723f10bf8,0,0,199,0.275602,main_grouped_repeated5fold|main|concrete|r1|f4|smogn_rf
concrete,relevance_weighted_rf,823,207,8,0c5a2ef9280f216759fb2fd839b18c3c9df88f4ae8ac7b73f4d0f0df97752827,e40f58a923379f7aa76cb6c780a911a93742a8860c7b1879fbef646e3f9c4750,20445b3353db4b8ef98d31837d55be32921fba722f2b6bc031fd68327eabe5bf,none,0,823,0.16889428918590524,0,0,0,0,0,0.1667368719905093,0.9999999999999999,3.3347374398101852,207,5.365613480498127,3.9121092769339882,0.888368924801824,42.56058279814106,12.110987418815421,12.505860977889604,34,173,0.1642512077294686,7.293038029369585,5.323554381085942,4.898439373303043,3.634715441435916,main_grouped_repeated5fold,main,Concrete Compressive Strength,1,4,42,50310405,100,da3f93cb6eac232d3c3266023bcc62109c5e003f7a85348c140199d983941ad4,d39bf5681339ce967075326b5a64637fa1eaab6381e0dec47143478723f10bf8,0,0,199,0.157077,main_grouped_repeated5fold|main|concrete|r1|f4|relevance_weighted_rf
concrete,ekk,823,207,8,9975ef41aa3026eeb3c3f5c9bc505ab434227173be9224987b43764d7a28ec83,831736816f89e85bde2d619aa80451e67f138ec3714069bb5a56e00f768ec3cd,36443eb7edfbf3bc6b0d05a1045c87512c201af0ccefc85d922da3ea2e44b621,none,0,823,0.181044957472661,0,0,0,0,0,,,,207,10.521308017197395,8.449908585285094,0.6077726995914718,130.29739805954213,39.51722580119848,51.72631925869092,35,172,0.16908212560386474,12.963138558697699,11.376337886370388,9.951325227301243,7.8544142507619235,main_grouped_repeated5fold,main,Concrete Compressive Strength,1,5,42,50310501,100,932fd6b610aad1a259b8d8387862f0969b1bc8e3f0d00386dfb71870761258b8,278041fe527fa471437419d4055bb8ee173058c161f68b18b4c3a005d19a1fcf,0,0,199,0.019952,main_grouped_repeated5fold|main|concrete|r1|f5|ekk
concrete,rf,823,207,8,9975ef41aa3026eeb3c3f5c9bc505ab434227173be9224987b43764d7a28ec83,831736816f89e85bde2d619aa80451e67f138ec3714069bb5a56e00f768ec3cd,36443eb7edfbf3bc6b0d05a1045c87512c201af0ccefc85d922da3ea2e44b621,none,0,823,0.181044957472661,0,0,0,0,0,,,,207,4.733335743069873,3.594736353943633,0.9206160014640655,24.004508821572397,7.26520644515057,7.884881211277419,35,172,0.16908212560386474,5.04100399564425,4.316645844263173,4.668246569120043,3.447836166960005,main_grouped_repeated5fold,main,Concrete Compressive Strength,1,5,42,50310502,100,932fd6b610aad1a259b8d8387862f0969b1bc8e3f0d00386dfb71870761258b8,278041fe527fa471437419d4055bb8ee173058c161f68b18b4c3a005d19a1fcf,0,0,199,0.16281,main_grouped_repeated5fold|main|concrete|r1|f5|rf
concrete,smote_r_rf,823,207,8,9975ef41aa3026eeb3c3f5c9bc505ab434227173be9224987b43764d7a28ec83,831736816f89e85bde2d619aa80451e67f138ec3714069bb5a56e00f768ec3cd,36443eb7edfbf3bc6b0d05a1045c87512c201af0ccefc85d922da3ea2e44b621,smote_r,525,1348,0.5,0,0,0,0,0,,,,207,4.785624384656042,3.6740151725832626,0.9188524212576049,22.932672685661906,6.940295997979142,7.772952961894972,35,172,0.16908212560386474,4.209197566327207,3.5665634577781242,4.894615284147209,3.695880347107563,main_grouped_repeated5fold,main,Concrete Compressive Strength,1,5,42,50310503,100,932fd6b610aad1a259b8d8387862f0969b1bc8e3f0d00386dfb71870761258b8,278041fe527fa471437419d4055bb8ee173058c161f68b18b4c3a005d19a1fcf,0,0,199,0.264344,main_grouped_repeated5fold|main|concrete|r1|f5|smote_r_rf
concrete,smogn_rf,823,207,8,9975ef41aa3026eeb3c3f5c9bc505ab434227173be9224987b43764d7a28ec83,831736816f89e85bde2d619aa80451e67f138ec3714069bb5a56e00f768ec3cd,36443eb7edfbf3bc6b0d05a1045c87512c201af0ccefc85d922da3ea2e44b621,smogn,525,1348,0.5,0,0,0,0,0,,,,207,4.599321782310185,3.4911511464894938,0.9250475317406313,20.99730836021435,6.351445711486383,7.01466686873868,35,172,0.16908212560386474,4.163666689876922,3.347173818263118,4.683012525988707,3.520448858628582,main_grouped_repeated5fold,main,Concrete Compressive Strength,1,5,42,50310504,100,932fd6b610aad1a259b8d8387862f0969b1bc8e3f0d00386dfb71870761258b8,278041fe527fa471437419d4055bb8ee173058c161f68b18b4c3a005d19a1fcf,0,0,199,0.270362,main_grouped_repeated5fold|main|concrete|r1|f5|smogn_rf
concrete,relevance_weighted_rf,823,207,8,9975ef41aa3026eeb3c3f5c9bc505ab434227173be9224987b43764d7a28ec83,831736816f89e85bde2d619aa80451e67f138ec3714069bb5a56e00f768ec3cd,36443eb7edfbf3bc6b0d05a1045c87512c201af0ccefc85d922da3ea2e44b621,none,0,823,0.181044957472661,0,0,0,0,0,0.1648848729692462,1.0,3.2976974593849238,207,4.713513749830037,3.7033932267585548,0.9212794888471932,23.742214299351815,7.186848281496186,7.660790074626104,35,172,0.16908212560386474,4.946206911835624,4.29439999451989,4.664742296118618,3.583130221690842,main_grouped_repeated5fold,main,Concrete Compressive Strength,1,5,42,50310505,100,932fd6b610aad1a259b8d8387862f0969b1bc8e3f0d00386dfb71870761258b8,278041fe527fa471437419d4055bb8ee173058c161f68b18b4c3a005d19a1fcf,0,0,199,0.161626,main_grouped_repeated5fold|main|concrete|r1|f5|relevance_weighted_rf
concrete,ekk,818,212,8,982b50df2f045a795013e6aa0a3925ce447f939d39518245dea0d707fc3a0408,99d57b95fc9ad98cc827c2db12c86fb8a9d7c47bb3bd6f50335da90c1e4d9fd4,58b00306549021936bc1af78d3f4d68cd89403f78525b7ffe309445880cd0fff,none,0,818,0.1784841075794621,0,0,0,0,0,,,,212,10.953748667988252,8.631872325364,0.5833086861354233,149.04948423022554,46.2690305340692,55.23906003066692,40,172,0.18867924528301888,14.101967428024148,12.465189912238763,10.081677451678715,7.740403119114053,main_grouped_repeated5fold,main,Concrete Compressive Strength,2,1,43,50320101,100,5ec63df5c042a3d95b19970247fc9aebba3ea63abd78f2ec95b614213f871dcf,b7675f30a043f37e85bd9a7fde8b14faad653600c22ecfacc35366fc23486318,0,0,200,0.020252,main_grouped_repeated5fold|main|concrete|r2|f1|ekk
concrete,rf,818,212,8,982b50df2f045a795013e6aa0a3925ce447f939d39518245dea0d707fc3a0408,99d57b95fc9ad98cc827c2db12c86fb8a9d7c47bb3bd6f50335da90c1e4d9fd4,58b00306549021936bc1af78d3f4d68cd89403f78525b7ffe309445880cd0fff,none,0,818,0.1784841075794621,0,0,0,0,0,,,,212,5.594632570110061,4.106978894919472,0.8912993747077976,38.965477900276746,12.101432030435298,12.609694472407735,40,172,0.18867924528301888,6.879496461634057,5.282165587878441,5.250959391529323,3.833679663998782,main_grouped_repeated5fold,main,Concrete Compressive Strength,2,1,43,50320102,100,5ec63df5c042a3d95b19970247fc9aebba3ea63abd78f2ec95b614213f871dcf,b7675f30a043f37e85bd9a7fde8b14faad653600c22ecfacc35366fc23486318,0,0,200,0.166556,main_grouped_repeated5fold|main|concrete|r2|f1|rf
concrete,smote_r_rf,818,212,8,982b50df2f045a795013e6aa0a3925ce447f939d39518245dea0d707fc3a0408,99d57b95fc9ad98cc827c2db12c86fb8a9d7c47bb3bd6f50335da90c1e4d9fd4,58b00306549021936bc1af78d3f4d68cd89403f78525b7ffe309445880cd0fff,smote_r,526,1344,0.5,0,0,0,0,0,,,,212,5.572305883907843,4.050250685076908,0.8921652339455172,35.4885007197042,11.026263054280115,11.62830196707695,40,172,0.18867924528301888,5.830975941671477,4.402126751144592,5.510410058306944,3.9684190418053538,main_grouped_repeated5fold,main,Concrete Compressive Strength,2,1,43,50320103,100,5ec63df5c042a3d95b19970247fc9aebba3ea63abd78f2ec95b614213f871dcf,b7675f30a043f37e85bd9a7fde8b14faad653600c22ecfacc35366fc23486318,0,0,200,0.27331,main_grouped_repeated5fold|main|concrete|r2|f1|smote_r_rf
concrete,smogn_rf,818,212,8,982b50df2f045a795013e6aa0a3925ce447f939d39518245dea0d707fc3a0408,99d57b95fc9ad98cc827c2db12c86fb8a9d7c47bb3bd6f50335da90c1e4d9fd4,58b00306549021936bc1af78d3f4d68cd89403f78525b7ffe309445880cd0fff,smogn,526,1344,0.5,0,0,0,0,0,,,,212,5.500270973705095,4.002383428690374,0.8949352394133224,34.06486980539635,10.582798387173177,11.184396566481185,40,172,0.18867924528301888,5.5802609880397975,4.291533307553848,5.48150135310361,3.935139270815148,main_grouped_repeated5fold,main,Concrete Compressive Strength,2,1,43,50320104,100,5ec63df5c042a3d95b19970247fc9aebba3ea63abd78f2ec95b614213f871dcf,b7675f30a043f37e85bd9a7fde8b14faad653600c22ecfacc35366fc23486318,0,0,200,0.261705,main_grouped_repeated5fold|main|concrete|r2|f1|smogn_rf
concrete,relevance_weighted_rf,818,212,8,982b50df2f045a795013e6aa0a3925ce447f939d39518245dea0d707fc3a0408,99d57b95fc9ad98cc827c2db12c86fb8a9d7c47bb3bd6f50335da90c1e4d9fd4,58b00306549021936bc1af78d3f4d68cd89403f78525b7ffe309445880cd0fff,none,0,818,0.1784841075794621,0,0,0,0,0,0.16558451268811683,1.0,3.3116902537623365,212,5.783817951481732,4.227213547015223,0.883823541491313,42.18455747249365,13.102726707667415,13.68066686968935,40,172,0.18867924528301888,7.1236468303120235,5.524812914913736,5.425010370693373,3.9254462521551057,main_grouped_repeated5fold,main,Concrete Compressive Strength,2,1,43,50320105,100,5ec63df5c042a3d95b19970247fc9aebba3ea63abd78f2ec95b614213f871dcf,b7675f30a043f37e85bd9a7fde8b14faad653600c22ecfacc35366fc23486318,0,0,200,0.16204,main_grouped_repeated5fold|main|concrete|r2|f1|relevance_weighted_rf
concrete,ekk,829,201,8,927824338b18f1f5edeba829edefdb109cfc8a96f65f471a7e8cb5b9aa3b5584,38fc499ad23f540037b6df3f69366e593969ea4cd60496607556fd8b8b03f775,13dcf00ea28453ac2e2bee101166aa6896e739fca07a13aceb8368837d30f0ea,none,0,829,0.1652593486127865,0,0,0,0,0,,,,201,11.10886558972085,8.738510458191696,0.5636055196867158,156.3976266211289,46.67670843159483,63.806649626958006,41,160,0.20398009950248755,13.47882777165994,11.888237737692041,10.415119751701834,7.931392842819731,main_grouped_repeated5fold,main,Concrete Compressive Strength,2,2,43,50320201,100,39f646d21c4f6c3f0d78c640bcc02a8afbbe64375e2720813b3221ada48f35f7,f6cfa70108fae38d800099afc32c5a5c63711f23c58e6844c5f47bdc857fa117,0,0,199,0.020666,main_grouped_repeated5fold|main|concrete|r2|f2|ekk
concrete,rf,829,201,8,927824338b18f1f5edeba829edefdb109cfc8a96f65f471a7e8cb5b9aa3b5584,38fc499ad23f540037b6df3f69366e593969ea4cd60496607556fd8b8b03f775,13dcf00ea28453ac2e2bee101166aa6896e739fca07a13aceb8368837d30f0ea,none,0,829,0.1652593486127865,0,0,0,0,0,,,,201,5.636285234641306,4.0777989378351025,0.8876622422530459,58.474594609624646,17.45320672577026,17.707731640795462,41,160,0.20398009950248755,9.490137795125579,7.550866924363658,4.102391551205258,3.1878252662871605,main_grouped_repeated5fold,main,Concrete Compressive Strength,2,2,43,50320202,100,39f646d21c4f6c3f0d78c640bcc02a8afbbe64375e2720813b3221ada48f35f7,f6cfa70108fae38d800099afc32c5a5c63711f23c58e6844c5f47bdc857fa117,0,0,199,0.155417,main_grouped_repeated5fold|main|concrete|r2|f2|rf
concrete,smote_r_rf,829,201,8,927824338b18f1f5edeba829edefdb109cfc8a96f65f471a7e8cb5b9aa3b5584,38fc499ad23f540037b6df3f69366e593969ea4cd60496607556fd8b8b03f775,13dcf00ea28453ac2e2bee101166aa6896e739fca07a13aceb8368837d30f0ea,smote_r,555,1384,0.5,0,0,0,0,0,,,,201,5.230987595063875,3.9305261235995395,0.903237472284121,42.36670881073206,12.644374950301447,13.089406458314908,41,160,0.20398009950248755,7.46509340378485,5.862079663206376,4.482728713173503,3.435565529075288,main_grouped_repeated5fold,main,Concrete Compressive Strength,2,2,43,50320203,100,39f646d21c4f6c3f0d78c640bcc02a8afbbe64375e2720813b3221ada48f35f7,f6cfa70108fae38d800099afc32c5a5c63711f23c58e6844c5f47bdc857fa117,0,0,199,0.265114,main_grouped_repeated5fold|main|concrete|r2|f2|smote_r_rf
concrete,smogn_rf,829,201,8,927824338b18f1f5edeba829edefdb109cfc8a96f65f471a7e8cb5b9aa3b5584,38fc499ad23f540037b6df3f69366e593969ea4cd60496607556fd8b8b03f775,13dcf00ea28453ac2e2bee101166aa6896e739fca07a13aceb8368837d30f0ea,smogn,555,1384,0.5,0,0,0,0,0,,,,201,5.255694070718811,3.8938517054823065,0.9023212756168884,44.00030719151422,13.134852213215225,13.548810226308019,41,160,0.20398009950248755,7.743020036923706,5.92916408602292,4.3974123230191315,3.3723029079687747,main_grouped_repeated5fold,main,Concrete Compressive Strength,2,2,43,50320204,100,39f646d21c4f6c3f0d78c640bcc02a8afbbe64375e2720813b3221ada48f35f7,f6cfa70108fae38d800099afc32c5a5c63711f23c58e6844c5f47bdc857fa117,0,0,199,0.265962,main_grouped_repeated5fold|main|concrete|r2|f2|smogn_rf
concrete,relevance_weighted_rf,829,201,8,927824338b18f1f5edeba829edefdb109cfc8a96f65f471a7e8cb5b9aa3b5584,38fc499ad23f540037b6df3f69366e593969ea4cd60496607556fd8b8b03f775,13dcf00ea28453ac2e2bee101166aa6896e739fca07a13aceb8368837d30f0ea,none,0,829,0.1652593486127865,0,0,0,0,0,0.16677037202887313,1.0,3.3354074405774625,201,5.699888679125299,4.073248921585259,0.8851125547202848,57.75861129061424,17.240662998644357,17.492711721842696,41,160,0.20398009950248755,9.291580904468884,7.348378598770857,4.323310665712857,3.23399694180645,main_grouped_repeated5fold,main,Concrete Compressive Strength,2,2,43,50320205,100,39f646d21c4f6c3f0d78c640bcc02a8afbbe64375e2720813b3221ada48f35f7,f6cfa70108fae38d800099afc32c5a5c63711f23c58e6844c5f47bdc857fa117,0,0,199,0.15855,main_grouped_repeated5fold|main|concrete|r2|f2|relevance_weighted_rf
concrete,ekk,830,200,8,cf62ee51036bdea2efb3744f47bf6e21eee36c9127c370c3e6c0750b0baf3b66,a8f785b863ebe622619e907072744b31795deb7aab04b4f1b1153aa97821b497,217e6bce3d59c3e449318c225638c51e37fcb27aa265b51cc1618dd26975d50a,none,0,830,0.1855421686746988,0,0,0,0,0,,,,200,9.514468985464699,7.339985485382304,0.6535503850364295,113.3204449622339,33.42455047063818,44.96314712245191,33,167,0.165,11.942680945221346,10.116231165642631,8.957087410822865,6.791386039582357,main_grouped_repeated5fold,main,Concrete Compressive Strength,2,3,43,50320301,100,ce92047b85b17d848f7fad3fb1affad4ce4329feabe481fb86d548f3bc018101,eeedca8c7e6a6857296ce8ba810efdfddab496cf681be3f4192753e220c40809,0,0,199,0.019774,main_grouped_repeated5fold|main|concrete|r2|f3|ekk
concrete,rf,830,200,8,cf62ee51036bdea2efb3744f47bf6e21eee36c9127c370c3e6c0750b0baf3b66,a8f785b863ebe622619e907072744b31795deb7aab04b4f1b1153aa97821b497,217e6bce3d59c3e449318c225638c51e37fcb27aa265b51cc1618dd26975d50a,none,0,830,0.1855421686746988,0,0,0,0,0,,,,200,4.988211905233547,3.5132949378725935,0.9047728553098201,44.28033183200061,13.040652549594746,13.453301424659152,33,167,0.165,8.427924209620244,6.043692136638404,3.9702974204646355,3.013276329733242,main_grouped_repeated5fold,main,Concrete Compressive Strength,2,3,43,50320302,100,ce92047b85b17d848f7fad3fb1affad4ce4329feabe481fb86d548f3bc018101,eeedca8c7e6a6857296ce8ba810efdfddab496cf681be3f4192753e220c40809,0,0,199,0.154575,main_grouped_repeated5fold|main|concrete|r2|f3|rf
concrete,smote_r_rf,830,200,8,cf62ee51036bdea2efb3744f47bf6e21eee36c9127c370c3e6c0750b0baf3b66,a8f785b863ebe622619e907072744b31795deb7aab04b4f1b1153aa97821b497,217e6bce3d59c3e449318c225638c51e37fcb27aa265b51cc1618dd26975d50a,smote_r,522,1352,0.5,0,0,0,0,0,,,,200,4.853431332898402,3.5212179238741954,0.9098493728069549,36.423928799962205,10.729584962994831,11.33853385584382,33,167,0.165,7.150509894267407,4.875367265278895,4.255237007934736,3.253631527069674,main_grouped_repeated5fold,main,Concrete Compressive Strength,2,3,43,50320303,100,ce92047b85b17d848f7fad3fb1affad4ce4329feabe481fb86d548f3bc018101,eeedca8c7e6a6857296ce8ba810efdfddab496cf681be3f4192753e220c40809,0,0,199,0.269881,main_grouped_repeated5fold|main|concrete|r2|f3|smote_r_rf
concrete,smogn_rf,830,200,8,cf62ee51036bdea2efb3744f47bf6e21eee36c9127c370c3e6c0750b0baf3b66,a8f785b863ebe622619e907072744b31795deb7aab04b4f1b1153aa97821b497,217e6bce3d59c3e449318c225638c51e37fcb27aa265b51cc1618dd26975d50a,smogn,522,1352,0.5,0,0,0,0,0,,,,200,4.880409251601592,3.541281084475803,0.9088443784009627,37.693335303996086,11.105011245574616,11.735080264183704,33,167,0.165,7.523273334599702,5.247672573360725,4.164212167949311,3.204089951941657,main_grouped_repeated5fold,main,Concrete Compressive Strength,2,3,43,50320304,100,ce92047b85b17d848f7fad3fb1affad4ce4329feabe481fb86d548f3bc018101,eeedca8c7e6a6857296ce8ba810efdfddab496cf681be3f4192753e220c40809,0,0,199,0.261543,main_grouped_repeated5fold|main|concrete|r2|f3|smogn_rf
concrete,relevance_weighted_rf,830,200,8,cf62ee51036bdea2efb3744f47bf6e21eee36c9127c370c3e6c0750b0baf3b66,a8f785b863ebe622619e907072744b31795deb7aab04b4f1b1153aa97821b497,217e6bce3d59c3e449318c225638c51e37fcb27aa265b51cc1618dd26975d50a,none,0,830,0.1855421686746988,0,0,0,0,0,0.16311525798550922,1.0,3.262305159710184,200,5.04290748406535,3.680576277631681,0.9026730811081978,43.12121489834563,12.69960101249734,13.064989664581606,33,167,0.165,8.297377620808106,6.0113525349537715,4.105093587118316,3.2200037237895915,main_grouped_repeated5fold,main,Concrete Compressive Strength,2,3,43,50320305,100,ce92047b85b17d848f7fad3fb1affad4ce4329feabe481fb86d548f3bc018101,eeedca8c7e6a6857296ce8ba810efdfddab496cf681be3f4192753e220c40809,0,0,199,0.15702,main_grouped_repeated5fold|main|concrete|r2|f3|relevance_weighted_rf
concrete,ekk,820,210,8,6e1fd106189800d4d4e8702812090e17348e9d2e4737bc2af50efd36bb6fc0ed,4aa0e9a315e16881f4423ce05549c7383888e14629b47b5ddbf4cdb73265e83b,6ac3ea47037af552a1012598093bb010675eda6509553491565bfda3e6de1ac0,none,0,820,0.17560975609756097,0,0,0,0,0,,,,210,10.985227977795956,8.955116273846087,0.5723669921289731,163.51216825518802,48.084063994452904,61.22039012842463,34,176,0.1619047619047619,14.676315787782384,12.517393026873886,10.118164007845326,8.266949173829353,main_grouped_repeated5fold,main,Concrete Compressive Strength,2,4,43,50320401,100,cc48d84e943142c1527c0a61299219251ee4d0272dc6c127ba9bd66b3b848701,bb40093732de2f14e0a876e37a01171985ed108b58360b8448cebd35d4703e5c,0,0,199,0.02003,main_grouped_repeated5fold|main|concrete|r2|f4|ekk
concrete,rf,820,210,8,6e1fd106189800d4d4e8702812090e17348e9d2e4737bc2af50efd36bb6fc0ed,4aa0e9a315e16881f4423ce05549c7383888e14629b47b5ddbf4cdb73265e83b,6ac3ea47037af552a1012598093bb010675eda6509553491565bfda3e6de1ac0,none,0,820,0.17560975609756097,0,0,0,0,0,,,,210,5.415157524171409,3.8771965011705496,0.8960857134136283,54.911409935062984,16.152214107117373,16.5175890593245,34,176,0.1619047619047619,9.34187618682467,6.3397148292598455,4.25789599995705,3.401482733244208,main_grouped_repeated5fold,main,Concrete Compressive Strength,2,4,43,50320402,100,cc48d84e943142c1527c0a61299219251ee4d0272dc6c127ba9bd66b3b848701,bb40093732de2f14e0a876e37a01171985ed108b58360b8448cebd35d4703e5c,0,0,199,0.153408,main_grouped_repeated5fold|main|concrete|r2|f4|rf
concrete,smote_r_rf,820,210,8,6e1fd106189800d4d4e8702812090e17348e9d2e4737bc2af50efd36bb6fc0ed,4aa0e9a315e16881f4423ce05549c7383888e14629b47b5ddbf4cdb73265e83b,6ac3ea47037af552a1012598093bb010675eda6509553491565bfda3e6de1ac0,smote_r,532,1352,0.5,0,0,0,0,0,,,,210,4.957395547760916,3.6498250550658136,0.9129116191835838,39.96103680163282,11.75675984600371,12.424209729105215,34,176,0.1619047619047619,7.618734885319291,5.060620306605995,4.255596386849555,3.3772850632910063,main_grouped_repeated5fold,main,Concrete Compressive Strength,2,4,43,50320403,100,cc48d84e943142c1527c0a61299219251ee4d0272dc6c127ba9bd66b3b848701,bb40093732de2f14e0a876e37a01171985ed108b58360b8448cebd35d4703e5c,0,0,199,0.270887,main_grouped_repeated5fold|main|concrete|r2|f4|smote_r_rf
concrete,smogn_rf,820,210,8,6e1fd106189800d4d4e8702812090e17348e9d2e4737bc2af50efd36bb6fc0ed,4aa0e9a315e16881f4423ce05549c7383888e14629b47b5ddbf4cdb73265e83b,6ac3ea47037af552a1012598093bb010675eda6509553491565bfda3e6de1ac0,smogn,532,1352,0.5,0,0,0,0,0,,,,210,5.263572274710183,3.8514861463418217,0.9018219837694615,45.850293602926065,13.488866564368184,14.171637296543032,34,176,0.1619047619047619,8.14045614108591,5.2134896513858395,4.50063862819543,3.5883718328674092,main_grouped_repeated5fold,main,Concrete Compressive Strength,2,4,43,50320404,100,cc48d84e943142c1527c0a61299219251ee4d0272dc6c127ba9bd66b3b848701,bb40093732de2f14e0a876e37a01171985ed108b58360b8448cebd35d4703e5c,0,0,199,0.279765,main_grouped_repeated5fold|main|concrete|r2|f4|smogn_rf
concrete,relevance_weighted_rf,820,210,8,6e1fd106189800d4d4e8702812090e17348e9d2e4737bc2af50efd36bb6fc0ed,4aa0e9a315e16881f4423ce05549c7383888e14629b47b5ddbf4cdb73265e83b,6ac3ea47037af552a1012598093bb010675eda6509553491565bfda3e6de1ac0,none,0,820,0.17560975609756097,0,0,0,0,0,0.16584107436668,1.0,3.3168214873335997,210,5.308447069119416,3.9620660967694685,0.9001408065665844,49.28265942043773,14.49864561491612,14.85274664690907,34,176,0.1619047619047619,8.778623911069907,6.353787064361514,4.328508873351826,3.500029091666461,main_grouped_repeated5fold,main,Concrete Compressive Strength,2,4,43,50320405,100,cc48d84e943142c1527c0a61299219251ee4d0272dc6c127ba9bd66b3b848701,bb40093732de2f14e0a876e37a01171985ed108b58360b8448cebd35d4703e5c,0,0,199,0.1677,main_grouped_repeated5fold|main|concrete|r2|f4|relevance_weighted_rf
concrete,ekk,823,207,8,ae2c757342aaa93832a1e07b99e1721cac25ff9aad26989f703b3c22327c78ac,83a452fcf3c8a19518f29c075107c82ac2f6e9a95245f99cbb5643a65dcf710d,d580c061312f72cca04ede5c8d9397a333cabef533730820c34278b541b7ba1c,none,0,823,0.1859052247873633,0,0,0,0,0,,,,207,9.676713390025427,7.791793705296599,0.6625369623724161,114.58972925634663,35.053244989509466,42.75021930135355,38,169,0.18357487922705315,11.362407500107135,9.437591134475491,9.255500306542725,7.421732744889511,main_grouped_repeated5fold,main,Concrete Compressive Strength,2,5,43,50320501,100,38554fb8aa1efa5834c31b3ec229083ee4f1114d99619b8c6b9cda9570112c36,52be3aa911ef235c197e1aa3944dd65dc0bf3c9c51b184d696772cd2db3cf823,0,0,199,0.020342,main_grouped_repeated5fold|main|concrete|r2|f5|ekk
concrete,rf,823,207,8,ae2c757342aaa93832a1e07b99e1721cac25ff9aad26989f703b3c22327c78ac,83a452fcf3c8a19518f29c075107c82ac2f6e9a95245f99cbb5643a65dcf710d,d580c061312f72cca04ede5c8d9397a333cabef533730820c34278b541b7ba1c,none,0,823,0.1859052247873633,0,0,0,0,0,,,,207,4.600402509639487,3.350779596118793,0.9237285296605502,30.961068721545946,9.467524009792523,9.83285556984052,38,169,0.18357487922705315,6.554012866488145,4.931801247298601,4.0328483745442405,2.9952836035458197,main_grouped_repeated5fold,main,Concrete Compressive Strength,2,5,43,50320502,100,38554fb8aa1efa5834c31b3ec229083ee4f1114d99619b8c6b9cda9570112c36,52be3aa911ef235c197e1aa3944dd65dc0bf3c9c51b184d696772cd2db3cf823,0,0,199,0.150386,main_grouped_repeated5fold|main|concrete|r2|f5|rf
concrete,smote_r_rf,823,207,8,ae2c757342aaa93832a1e07b99e1721cac25ff9aad26989f703b3c22327c78ac,83a452fcf3c8a19518f29c075107c82ac2f6e9a95245f99cbb5643a65dcf710d,d580c061312f72cca04ede5c8d9397a333cabef533730820c34278b541b7ba1c,smote_r,517,1340,0.5,0,0,0,0,0,,,,207,4.4496083404123405,3.2717879024034198,0.9286467060901222,23.979784677620227,7.329813124991822,8.097203801702928,38,169,0.18357487922705315,5.349339610790567,3.7279297521349206,4.220974308412543,3.1692234628188225,main_grouped_repeated5fold,main,Concrete Compressive Strength,2,5,43,50320503,100,38554fb8aa1efa5834c31b3ec229083ee4f1114d99619b8c6b9cda9570112c36,52be3aa911ef235c197e1aa3944dd65dc0bf3c9c51b184d696772cd2db3cf823,0,0,199,0.261645,main_grouped_repeated5fold|main|concrete|r2|f5|smote_r_rf
concrete,smogn_rf,823,207,8,ae2c757342aaa93832a1e07b99e1721cac25ff9aad26989f703b3c22327c78ac,83a452fcf3c8a19518f29c075107c82ac2f6e9a95245f99cbb5643a65dcf710d,d580c061312f72cca04ede5c8d9397a333cabef533730820c34278b541b7ba1c,smogn,517,1340,0.5,0,0,0,0,0,,,,207,4.365472212605252,3.2425128689562945,0.9313195848580582,22.98102170317705,7.022610238402736,7.8401991534756315,38,169,0.18357487922705315,5.105596819524858,3.39796516217852,4.181050831719456,3.207559098882658,main_grouped_repeated5fold,main,Concrete Compressive Strength,2,5,43,50320504,100,38554fb8aa1efa5834c31b3ec229083ee4f1114d99619b8c6b9cda9570112c36,52be3aa911ef235c197e1aa3944dd65dc0bf3c9c51b184d696772cd2db3cf823,0,0,199,0.258581,main_grouped_repeated5fold|main|concrete|r2|f5|smogn_rf
concrete,relevance_weighted_rf,823,207,8,ae2c757342aaa93832a1e07b99e1721cac25ff9aad26989f703b3c22327c78ac,83a452fcf3c8a19518f29c075107c82ac2f6e9a95245f99cbb5643a65dcf710d,d580c061312f72cca04ede5c8d9397a333cabef533730820c34278b541b7ba1c,none,0,823,0.1859052247873633,0,0,0,0,0,0.16313944697130286,1.0,3.2627889394260574,207,4.4438504272638255,3.275865126215325,0.9288312527804544,26.606139054277584,8.132089342235561,8.522737041251448,38,169,0.18357487922705315,5.765239123794157,4.1152749589747675,4.088338625003693,3.087122086896634,main_grouped_repeated5fold,main,Concrete Compressive Strength,2,5,43,50320505,100,38554fb8aa1efa5834c31b3ec229083ee4f1114d99619b8c6b9cda9570112c36,52be3aa911ef235c197e1aa3944dd65dc0bf3c9c51b184d696772cd2db3cf823,0,0,199,0.158684,main_grouped_repeated5fold|main|concrete|r2|f5|relevance_weighted_rf
wine_quality_red,ekk,1265,334,11,6a4ec2f3deb9f665436ab20df394b8586c69c3e5a0f45f266eb8a8136aba3546,43819995edc052138f60a36dc16656b730800c4a996d250c46f3e446e2acbb1f,0b7e1b89ef40e18895369664676f49f5b4e0a6fc327f91cab75f1e3dabb5d0b1,none,0,1265,0.17470355731225296,0,0,0,0,0,,,,334,0.6165718478668784,0.4784002044429606,0.38683096601366274,0.5952711412379958,0.18219610177832274,0.21974365377831295,59,275,0.17664670658682635,0.9826521564993914,0.8854777046480428,0.5045358312410579,0.39106357712623396,main_grouped_repeated5fold,main,Wine Quality Red,1,1,42,50410101,100,fdffd60ee0df264b1d30f096c43f22c742043677f58678ed04ebcf7a057ccb4b,694240a9677255cc2e043e27ee88b0f52ed0a4b93f1beaf6a4358d95b188b082,0,0,272,0.039253,main_grouped_repeated5fold|main|wine_quality_red|r1|f1|ekk
wine_quality_red,rf,1265,334,11,6a4ec2f3deb9f665436ab20df394b8586c69c3e5a0f45f266eb8a8136aba3546,43819995edc052138f60a36dc16656b730800c4a996d250c46f3e446e2acbb1f,0b7e1b89ef40e18895369664676f49f5b4e0a6fc327f91cab75f1e3dabb5d0b1,none,0,1265,0.17470355731225296,0,0,0,0,0,,,,334,0.6036032627035052,0.46540326855021985,0.4123537233742395,0.6009163901510018,0.1836635373342392,0.20499087065303317,59,275,0.17664670658682635,1.0446651202279904,0.9278450363196125,0.4564699993703979,0.366188489283332,main_grouped_repeated5fold,main,Wine Quality Red,1,1,42,50410102,100,fdffd60ee0df264b1d30f096c43f22c742043677f58678ed04ebcf7a057ccb4b,694240a9677255cc2e043e27ee88b0f52ed0a4b93f1beaf6a4358d95b188b082,0,0,272,0.168385,main_grouped_repeated5fold|main|wine_quality_red|r1|f1|rf
wine_quality_red,smote_r_rf,1265,334,11,6a4ec2f3deb9f665436ab20df394b8586c69c3e5a0f45f266eb8a8136aba3546,43819995edc052138f60a36dc16656b730800c4a996d250c46f3e446e2acbb1f,0b7e1b89ef40e18895369664676f49f5b4e0a6fc327f91cab75f1e3dabb5d0b1,smote_r,823,2088,0.5,0,0,0,0,0,,,,334,0.59903581083113,0.44826503164487175,0.4212134867137811,0.5236694943234861,0.16029740950642973,0.19612842342952697,59,275,0.17664670658682635,0.9543721836486775,0.7921680618685963,0.4903249900270791,0.37448219970596347,main_grouped_repeated5fold,main,Wine Quality Red,1,1,42,50410103,100,fdffd60ee0df264b1d30f096c43f22c742043677f58678ed04ebcf7a057ccb4b,694240a9677255cc2e043e27ee88b0f52ed0a4b93f1beaf6a4358d95b188b082,0,0,272,0.371213,main_grouped_repeated5fold|main|wine_quality_red|r1|f1|smote_r_rf
wine_quality_red,smogn_rf,1265,334,11,6a4ec2f3deb9f665436ab20df394b8586c69c3e5a0f45f266eb8a8136aba3546,43819995edc052138f60a36dc16656b730800c4a996d250c46f3e446e2acbb1f,0b7e1b89ef40e18895369664676f49f5b4e0a6fc327f91cab75f1e3dabb5d0b1,smogn,823,2088,0.5,0,0,0,0,0,,,,334,0.6033842939198101,0.46055742097690594,0.41278000619440935,0.528398122500425,0.16179758531160146,0.19557289983806103,59,275,0.17664670658682635,0.9454174606527683,0.7963524796612734,0.50041878510733,0.3885141174773507,main_grouped_repeated5fold,main,Wine Quality Red,1,1,42,50410104,100,fdffd60ee0df264b1d30f096c43f22c742043677f58678ed04ebcf7a057ccb4b,694240a9677255cc2e043e27ee88b0f52ed0a4b93f1beaf6a4358d95b188b082,0,0,272,0.382741,main_grouped_repeated5fold|main|wine_quality_red|r1|f1|smogn_rf
wine_quality_red,relevance_weighted_rf,1265,334,11,6a4ec2f3deb9f665436ab20df394b8586c69c3e5a0f45f266eb8a8136aba3546,43819995edc052138f60a36dc16656b730800c4a996d250c46f3e446e2acbb1f,0b7e1b89ef40e18895369664676f49f5b4e0a6fc327f91cab75f1e3dabb5d0b1,none,0,1265,0.17470355731225296,0,0,0,0,0,0.1583162988611239,1.0000000000000002,3.1663259772224777,334,0.5946935323787579,0.4674536734817706,0.42957406601294335,0.5595071558559707,0.17113798757412868,0.19358721565090373,59,275,0.17664670658682635,0.9930296365411165,0.8869717843370124,0.4668743613959998,0.37744796969828226,main_grouped_repeated5fold,main,Wine Quality Red,1,1,42,50410105,100,fdffd60ee0df264b1d30f096c43f22c742043677f58678ed04ebcf7a057ccb4b,694240a9677255cc2e043e27ee88b0f52ed0a4b93f1beaf6a4358d95b188b082,0,0,272,0.161376,main_grouped_repeated5fold|main|wine_quality_red|r1|f1|relevance_weighted_rf
wine_quality_red,ekk,1284,315,11,2cc3735e7745c2f42933d3db28fc854416141e0fff9bd97fb01e6a20820cc960,1555f3481a69043512c65260524c2b85e92e16d998d4efc4ea915a27bad235fa,565a3566abf443fb60a9f98298ed9edaf1fb0d2892a865db312b973049d41096,none,0,1284,0.17679127725856697,0,0,0,0,0,,,,315,0.6411816743128788,0.5015634609472899,0.3575940056004129,0.6698196205542248,0.1998105100215079,0.2268978700542865,53,262,0.16825396825396827,1.0675336598294336,0.9756707641143665,0.5135589073537845,0.4056562583982247,main_grouped_repeated5fold,main,Wine Quality Red,1,2,42,50410201,100,ce4be22f2e1c95238dc398b392cd7af9d901ee8c9f416151b65e6ea7af43f493,3c670c74138084b66833a4b88cdb844bfeda7083f795091f99a5ddf1cb80cf66,0,0,272,0.039327,main_grouped_repeated5fold|main|wine_quality_red|r1|f2|ekk
wine_quality_red,rf,1284,315,11,2cc3735e7745c2f42933d3db28fc854416141e0fff9bd97fb01e6a20820cc960,1555f3481a69043512c65260524c2b85e92e16d998d4efc4ea915a27bad235fa,565a3566abf443fb60a9f98298ed9edaf1fb0d2892a865db312b973049d41096,none,0,1284,0.17679127725856697,0,0,0,0,0,,,,315,0.6323079398601859,0.4925024434842981,0.3752523189032234,0.6540123417386416,0.19508288762190967,0.22267978623657542,53,262,0.16825396825396827,1.0605146529588647,0.9367672955974842,0.5031676710539064,0.4026320726369742,main_grouped_repeated5fold,main,Wine Quality Red,1,2,42,50410202,100,ce4be22f2e1c95238dc398b392cd7af9d901ee8c9f416151b65e6ea7af43f493,3c670c74138084b66833a4b88cdb844bfeda7083f795091f99a5ddf1cb80cf66,0,0,272,0.18013,main_grouped_repeated5fold|main|wine_quality_red|r1|f2|rf
wine_quality_red,smote_r_rf,1284,315,11,2cc3735e7745c2f42933d3db28fc854416141e0fff9bd97fb01e6a20820cc960,1555f3481a69043512c65260524c2b85e92e16d998d4efc4ea915a27bad235fa,565a3566abf443fb60a9f98298ed9edaf1fb0d2892a865db312b973049d41096,smote_r,830,2114,0.5,0,0,0,0,0,,,,315,0.6546795484941247,0.4960150627218134,0.3302620156621364,0.6325017576592749,0.18898036905851767,0.23361043590738167,53,262,0.16825396825396827,0.9893846009266328,0.8107045733632903,0.5632848483508798,0.4323564975920489,main_grouped_repeated5fold,main,Wine Quality Red,1,2,42,50410203,100,ce4be22f2e1c95238dc398b392cd7af9d901ee8c9f416151b65e6ea7af43f493,3c670c74138084b66833a4b88cdb844bfeda7083f795091f99a5ddf1cb80cf66,0,0,272,0.386685,main_grouped_repeated5fold|main|wine_quality_red|r1|f2|smote_r_rf
wine_quality_red,smogn_rf,1284,315,11,2cc3735e7745c2f42933d3db28fc854416141e0fff9bd97fb01e6a20820cc960,1555f3481a69043512c65260524c2b85e92e16d998d4efc4ea915a27bad235fa,565a3566abf443fb60a9f98298ed9edaf1fb0d2892a865db312b973049d41096,smogn,830,2114,0.5,0,0,0,0,0,,,,315,0.6456177422722752,0.4971440748712458,0.34867417865993666,0.6212707495376081,0.18557423599032358,0.22627001971130392,53,262,0.16825396825396827,0.9955532763504418,0.8445479465098498,0.548312189927727,0.42686771915809313,main_grouped_repeated5fold,main,Wine Quality Red,1,2,42,50410204,100,ce4be22f2e1c95238dc398b392cd7af9d901ee8c9f416151b65e6ea7af43f493,3c670c74138084b66833a4b88cdb844bfeda7083f795091f99a5ddf1cb80cf66,0,0,272,0.392571,main_grouped_repeated5fold|main|wine_quality_red|r1|f2|smogn_rf
wine_quality_red,relevance_weighted_rf,1284,315,11,2cc3735e7745c2f42933d3db28fc854416141e0fff9bd97fb01e6a20820cc960,1555f3481a69043512c65260524c2b85e92e16d998d4efc4ea915a27bad235fa,565a3566abf443fb60a9f98298ed9edaf1fb0d2892a865db312b973049d41096,none,0,1284,0.17679127725856697,0,0,0,0,0,0.15746872700515085,1.0,3.1493745401030173,315,0.6446417982401031,0.5094265767979516,0.3506418355654526,0.6899009660176083,0.20575168048523843,0.23125828249712638,53,262,0.16825396825396827,1.0887299988566022,0.9675926843368288,0.5097511388794765,0.41674411992939986,main_grouped_repeated5fold,main,Wine Quality Red,1,2,42,50410205,100,ce4be22f2e1c95238dc398b392cd7af9d901ee8c9f416151b65e6ea7af43f493,3c670c74138084b66833a4b88cdb844bfeda7083f795091f99a5ddf1cb80cf66,0,0,272,0.179653,main_grouped_repeated5fold|main|wine_quality_red|r1|f2|relevance_weighted_rf
wine_quality_red,ekk,1277,322,11,250ef8a6ae7b74a065f9693f5e71930123fbb46ec8fb07d2e1028a98de069eb3,5f9a80e3b3b2502e9ae3e3bf8b4ef2cacebd4921cd520958e27683c46638a1ef,b9ec9290cfdcd1fc9e7eda81ff61d9e97047d9c4a7f57573cb2322cf689660a2,none,0,1277,0.173061863743148,0,0,0,0,0,,,,322,0.7030931253193494,0.5280916771371967,0.27141618734209405,0.9691262387237931,0.2787613688179863,0.31254172196444585,59,263,0.18322981366459629,1.2519360802564876,1.1030908057773314,0.5036149496702038,0.39909947717610184,main_grouped_repeated5fold,main,Wine Quality Red,1,3,42,50410301,100,c26484306285a4d661d95378348a15441bb8219b2cb0e0f30c4cb155c8857e89,9c6ecfd758fc75a20fefd7b82d1aada467759f0030d98a97f0283a933114b326,0,0,272,0.037732,main_grouped_repeated5fold|main|wine_quality_red|r1|f3|ekk
wine_quality_red,rf,1277,322,11,250ef8a6ae7b74a065f9693f5e71930123fbb46ec8fb07d2e1028a98de069eb3,5f9a80e3b3b2502e9ae3e3bf8b4ef2cacebd4921cd520958e27683c46638a1ef,b9ec9290cfdcd1fc9e7eda81ff61d9e97047d9c4a7f57573cb2322cf689660a2,none,0,1277,0.173061863743148,0,0,0,0,0,,,,322,0.673020791066408,0.5129804345084531,0.33240853382037616,0.8590427648261567,0.24719638158868368,0.2793866669110464,59,263,0.18322981366459629,1.1832126642920082,1.0343252203352171,0.4904122922453571,0.3960247601214604,main_grouped_repeated5fold,main,Wine Quality Red,1,3,42,50410302,100,c26484306285a4d661d95378348a15441bb8219b2cb0e0f30c4cb155c8857e89,9c6ecfd758fc75a20fefd7b82d1aada467759f0030d98a97f0283a933114b326,0,0,272,0.186321,main_grouped_repeated5fold|main|wine_quality_red|r1|f3|rf
wine_quality_red,smote_r_rf,1277,322,11,250ef8a6ae7b74a065f9693f5e71930123fbb46ec8fb07d2e1028a98de069eb3,5f9a80e3b3b2502e9ae3e3bf8b4ef2cacebd4921cd520958e27683c46638a1ef,b9ec9290cfdcd1fc9e7eda81ff61d9e97047d9c4a7f57573cb2322cf689660a2,smote_r,835,2112,0.5,0,0,0,0,0,,,,322,0.7041752381240584,0.5495027099702233,0.2691717717578954,0.8120588880356117,0.2340981918192261,0.29835563769655615,59,263,0.18322981366459629,1.1213395813450993,0.9377221316633485,0.5701079402268682,0.4624116609972408,main_grouped_repeated5fold,main,Wine Quality Red,1,3,42,50410303,100,c26484306285a4d661d95378348a15441bb8219b2cb0e0f30c4cb155c8857e89,9c6ecfd758fc75a20fefd7b82d1aada467759f0030d98a97f0283a933114b326,0,0,272,0.381079,main_grouped_repeated5fold|main|wine_quality_red|r1|f3|smote_r_rf
wine_quality_red,smogn_rf,1277,322,11,250ef8a6ae7b74a065f9693f5e71930123fbb46ec8fb07d2e1028a98de069eb3,5f9a80e3b3b2502e9ae3e3bf8b4ef2cacebd4921cd520958e27683c46638a1ef,b9ec9290cfdcd1fc9e7eda81ff61d9e97047d9c4a7f57573cb2322cf689660a2,smogn,835,2112,0.5,0,0,0,0,0,,,,322,0.6852107707019589,0.5247664250840275,0.30800624218040384,0.773278401200212,0.22291911736162928,0.28556117503371403,59,263,0.18322981366459629,1.1014594901385328,0.9172373293822235,0.5501602815036744,0.4367216214581965,main_grouped_repeated5fold,main,Wine Quality Red,1,3,42,50410304,100,c26484306285a4d661d95378348a15441bb8219b2cb0e0f30c4cb155c8857e89,9c6ecfd758fc75a20fefd7b82d1aada467759f0030d98a97f0283a933114b326,0,0,272,0.411333,main_grouped_repeated5fold|main|wine_quality_red|r1|f3|smogn_rf
wine_quality_red,relevance_weighted_rf,1277,322,11,250ef8a6ae7b74a065f9693f5e71930123fbb46ec8fb07d2e1028a98de069eb3,5f9a80e3b3b2502e9ae3e3bf8b4ef2cacebd4921cd520958e27683c46638a1ef,b9ec9290cfdcd1fc9e7eda81ff61d9e97047d9c4a7f57573cb2322cf689660a2,none,0,1277,0.173061863743148,0,0,0,0,0,0.15644397255798762,1.0000000000000002,3.128879451159752,322,0.6760148815306176,0.5174181408830709,0.3264554476772541,0.8560288396590503,0.24635261130144526,0.28082528548920643,59,263,0.18322981366459629,1.1782641086996528,1.0364638519384468,0.4980672850510929,0.40097822851703613,main_grouped_repeated5fold,main,Wine Quality Red,1,3,42,50410305,100,c26484306285a4d661d95378348a15441bb8219b2cb0e0f30c4cb155c8857e89,9c6ecfd758fc75a20fefd7b82d1aada467759f0030d98a97f0283a933114b326,0,0,272,0.173646,main_grouped_repeated5fold|main|wine_quality_red|r1|f3|relevance_weighted_rf
wine_quality_red,ekk,1286,313,11,66c9956179cdca7cb18bc56fc7d856a5e4d489bfcf923069869ec46f71c0a131,323c74fa77ea492a8337ef6ae175535bd558a15b4b9b6a62dd7c78767fef50ba,d4eee4dcbcaf6c3b4231716ec0908fe8b995223c1c0adbd258758bd407ea29e3,none,0,1286,0.17418351477449456,0,0,0,0,0,,,,313,0.6860606808724364,0.5326005125180507,0.35179543687981396,0.8938941063695989,0.27169000086823636,0.30050224579077334,56,257,0.17891373801916932,1.228225487023966,1.1141948986246017,0.49450084203616274,0.40587177468938584,main_grouped_repeated5fold,main,Wine Quality Red,1,4,42,50410401,100,cb4c42bd48ec018997364362f18aa975a4fc7ffef0b0661ab87921bef229f011,2cf7e96ae1e6ee6872a187952daafcc0168bbf1c71f244b17fe819e41141542e,0,0,272,0.025156,main_grouped_repeated5fold|main|wine_quality_red|r1|f4|ekk
wine_quality_red,rf,1286,313,11,66c9956179cdca7cb18bc56fc7d856a5e4d489bfcf923069869ec46f71c0a131,323c74fa77ea492a8337ef6ae175535bd558a15b4b9b6a62dd7c78767fef50ba,d4eee4dcbcaf6c3b4231716ec0908fe8b995223c1c0adbd258758bd407ea29e3,none,0,1286,0.17418351477449456,0,0,0,0,0,,,,313,0.664139321326861,0.5041163535911894,0.39255716740977753,0.8493836256533677,0.25803584309172756,0.2824970856929283,56,257,0.17891373801916932,1.1925046906769263,1.0430611653263457,0.476786374466767,0.3866809082325563,main_grouped_repeated5fold,main,Wine Quality Red,1,4,42,50410402,100,cb4c42bd48ec018997364362f18aa975a4fc7ffef0b0661ab87921bef229f011,2cf7e96ae1e6ee6872a187952daafcc0168bbf1c71f244b17fe819e41141542e,0,0,272,0.182521,main_grouped_repeated5fold|main|wine_quality_red|r1|f4|rf
wine_quality_red,smote_r_rf,1286,313,11,66c9956179cdca7cb18bc56fc7d856a5e4d489bfcf923069869ec46f71c0a131,323c74fa77ea492a8337ef6ae175535bd558a15b4b9b6a62dd7c78767fef50ba,d4eee4dcbcaf6c3b4231716ec0908fe8b995223c1c0adbd258758bd407ea29e3,smote_r,838,2124,0.5,0,0,0,0,0,,,,313,0.6643966746629735,0.5131642903063239,0.3920863091943143,0.7353290097534484,0.22379755176373883,0.26573712221223067,56,257,0.17891373801916932,1.0701837647687644,0.8814824865467423,0.5367032829032186,0.4329081852889565,main_grouped_repeated5fold,main,Wine Quality Red,1,4,42,50410403,100,cb4c42bd48ec018997364362f18aa975a4fc7ffef0b0661ab87921bef229f011,2cf7e96ae1e6ee6872a187952daafcc0168bbf1c71f244b17fe819e41141542e,0,0,272,0.471272,main_grouped_repeated5fold|main|wine_quality_red|r1|f4|smote_r_rf
wine_quality_red,smogn_rf,1286,313,11,66c9956179cdca7cb18bc56fc7d856a5e4d489bfcf923069869ec46f71c0a131,323c74fa77ea492a8337ef6ae175535bd558a15b4b9b6a62dd7c78767fef50ba,d4eee4dcbcaf6c3b4231716ec0908fe8b995223c1c0adbd258758bd407ea29e3,smogn,838,2124,0.5,0,0,0,0,0,,,,313,0.6579379021427622,0.511125801580925,0.4038482331429827,0.7464843834037495,0.22711171000198505,0.26172581031477515,56,257,0.17891373801916932,1.080584449185518,0.9047535163654781,0.5222781602333713,0.4253547820169757,main_grouped_repeated5fold,main,Wine Quality Red,1,4,42,50410404,100,cb4c42bd48ec018997364362f18aa975a4fc7ffef0b0661ab87921bef229f011,2cf7e96ae1e6ee6872a187952daafcc0168bbf1c71f244b17fe819e41141542e,0,0,272,0.470755,main_grouped_repeated5fold|main|wine_quality_red|r1|f4|smogn_rf
wine_quality_red,relevance_weighted_rf,1286,313,11,66c9956179cdca7cb18bc56fc7d856a5e4d489bfcf923069869ec46f71c0a131,323c74fa77ea492a8337ef6ae175535bd558a15b4b9b6a62dd7c78767fef50ba,d4eee4dcbcaf6c3b4231716ec0908fe8b995223c1c0adbd258758bd407ea29e3,none,0,1286,0.17418351477449456,0,0,0,0,0,0.1582185039370079,1.0,3.164370078740158,313,0.6670379420724881,0.515663760753601,0.3872432559813278,0.8732178715295775,0.2652530118765269,0.2875987297414463,56,257,0.17891373801916932,1.2115848524821782,1.0586034025836495,0.4712000574434773,0.39735784658051637,main_grouped_repeated5fold,main,Wine Quality Red,1,4,42,50410405,100,cb4c42bd48ec018997364362f18aa975a4fc7ffef0b0661ab87921bef229f011,2cf7e96ae1e6ee6872a187952daafcc0168bbf1c71f244b17fe819e41141542e,0,0,272,0.19185,main_grouped_repeated5fold|main|wine_quality_red|r1|f4|relevance_weighted_rf
wine_quality_red,ekk,1284,315,11,0f0e07eafd54056c406e66fb58875eaa43d176612adb709fc1a05b189fd98bff,a4eeaf4292d47923638a90d1cf2fa7da16c8ea9e03ce93093b76ed20c93eb31d,ceb36617d7551113163e85e6cd8fe0465fea7df48f0ca072c45e5f0d3bda1791,none,0,1284,0.17679127725856697,0,0,0,0,0,,,,315,0.6089964300538184,0.48433396429351006,0.3734637057908208,0.5302660106454827,0.1586297447968181,0.1951157821609395,53,262,0.16825396825396827,1.0044842968718277,0.9254167244842288,0.4917244313050355,0.3951072990640899,main_grouped_repeated5fold,main,Wine Quality Red,1,5,42,50410501,100,383c8acf06e5147168addcc8c9188af9d6fcfd013a6575723132f51a6008ca20,5a6238cc6e20de075053d5eebff0df64d428509eda25520b3450481f54ec9c0f,0,0,271,0.041095,main_grouped_repeated5fold|main|wine_quality_red|r1|f5|ekk
wine_quality_red,rf,1284,315,11,0f0e07eafd54056c406e66fb58875eaa43d176612adb709fc1a05b189fd98bff,a4eeaf4292d47923638a90d1cf2fa7da16c8ea9e03ce93093b76ed20c93eb31d,ceb36617d7551113163e85e6cd8fe0465fea7df48f0ca072c45e5f0d3bda1791,none,0,1284,0.17679127725856697,0,0,0,0,0,,,,315,0.5799887442402847,0.45083052644376137,0.4317285061398116,0.5328642213644994,0.15924709803692083,0.18375876281377299,53,262,0.16825396825396827,1.0122168800369493,0.8827114405510632,0.44404021006727296,0.3634653033609864,main_grouped_repeated5fold,main,Wine Quality Red,1,5,42,50410502,100,383c8acf06e5147168addcc8c9188af9d6fcfd013a6575723132f51a6008ca20,5a6238cc6e20de075053d5eebff0df64d428509eda25520b3450481f54ec9c0f,0,0,271,0.17635,main_grouped_repeated5fold|main|wine_quality_red|r1|f5|rf
wine_quality_red,smote_r_rf,1284,315,11,0f0e07eafd54056c406e66fb58875eaa43d176612adb709fc1a05b189fd98bff,a4eeaf4292d47923638a90d1cf2fa7da16c8ea9e03ce93093b76ed20c93eb31d,ceb36617d7551113163e85e6cd8fe0465fea7df48f0ca072c45e5f0d3bda1791,smote_r,830,2114,0.5,0,0,0,0,0,,,,315,0.6169039554082735,0.4809917934092131,0.35708752911445163,0.5234849922481578,0.15663785391237744,0.20273544904449178,53,262,0.16825396825396827,0.9892477439864094,0.8176827309575625,0.5095025120600858,0.41288255795095924,main_grouped_repeated5fold,main,Wine Quality Red,1,5,42,50410503,100,383c8acf06e5147168addcc8c9188af9d6fcfd013a6575723132f51a6008ca20,5a6238cc6e20de075053d5eebff0df64d428509eda25520b3450481f54ec9c0f,0,0,271,0.379986,main_grouped_repeated5fold|main|wine_quality_red|r1|f5|smote_r_rf
wine_quality_red,smogn_rf,1284,315,11,0f0e07eafd54056c406e66fb58875eaa43d176612adb709fc1a05b189fd98bff,a4eeaf4292d47923638a90d1cf2fa7da16c8ea9e03ce93093b76ed20c93eb31d,ceb36617d7551113163e85e6cd8fe0465fea7df48f0ca072c45e5f0d3bda1791,smogn,830,2114,0.5,0,0,0,0,0,,,,315,0.6005338365004901,0.47249135815494536,0.3907553767809575,0.5124683386413077,0.15332970934192225,0.1925785405028378,53,262,0.16825396825396827,0.9771345205694195,0.8232867154823504,0.4903570547832817,0.40152893854291316,main_grouped_repeated5fold,main,Wine Quality Red,1,5,42,50410504,100,383c8acf06e5147168addcc8c9188af9d6fcfd013a6575723132f51a6008ca20,5a6238cc6e20de075053d5eebff0df64d428509eda25520b3450481f54ec9c0f,0,0,271,0.374479,main_grouped_repeated5fold|main|wine_quality_red|r1|f5|smogn_rf
wine_quality_red,relevance_weighted_rf,1284,315,11,0f0e07eafd54056c406e66fb58875eaa43d176612adb709fc1a05b189fd98bff,a4eeaf4292d47923638a90d1cf2fa7da16c8ea9e03ce93093b76ed20c93eb31d,ceb36617d7551113163e85e6cd8fe0465fea7df48f0ca072c45e5f0d3bda1791,none,0,1284,0.17679127725856697,0,0,0,0,0,0.15746228998896297,1.0000000000000004,3.149245799779259,315,0.596392169610915,0.4708998102165858,0.3991298830045935,0.5557952898810781,0.1660542321381247,0.1916417265462675,53,262,0.16825396825396827,1.0434355708900647,0.9135454565970653,0.45540091132707394,0.3813569886205346,main_grouped_repeated5fold,main,Wine Quality Red,1,5,42,50410505,100,383c8acf06e5147168addcc8c9188af9d6fcfd013a6575723132f51a6008ca20,5a6238cc6e20de075053d5eebff0df64d428509eda25520b3450481f54ec9c0f,0,0,271,0.160685,main_grouped_repeated5fold|main|wine_quality_red|r1|f5|relevance_weighted_rf
wine_quality_red,ekk,1279,320,11,2bef050d6994db63077d7b73810d50152625bfc09c3e6af7e61fe263777fe8fc,60015c16a79e69de4a93b232852971ad075ffcfa58d32ee2800debdd78e9f650,5f2e605c0d4dc5c54f12f12a6125402ce7ad856f0c5009b87664051b58a034d6,none,0,1279,0.1751368256450352,0,0,0,0,0,,,,320,0.6755871603713723,0.5429407363444774,0.3307097943193392,0.749186849723629,0.23243159073996686,0.269039771214518,56,264,0.175,1.121958310549936,1.0074205471285715,0.5349932680420892,0.44441471587512404,main_grouped_repeated5fold,main,Wine Quality Red,2,1,43,50420101,100,7c56280c9984b16f081814311d495db74fe73032f59462283aeb2df649d43f43,2d0b157a09f4f5a6d205f5bb0c00c1a5f9ed0298c4079b34a52b3064e908acb7,0,0,272,0.025814,main_grouped_repeated5fold|main|wine_quality_red|r2|f1|ekk
wine_quality_red,rf,1279,320,11,2bef050d6994db63077d7b73810d50152625bfc09c3e6af7e61fe263777fe8fc,60015c16a79e69de4a93b232852971ad075ffcfa58d32ee2800debdd78e9f650,5f2e605c0d4dc5c54f12f12a6125402ce7ad856f0c5009b87664051b58a034d6,none,0,1279,0.1751368256450352,0,0,0,0,0,,,,320,0.6525476034037475,0.5147901783459595,0.375581023183162,0.6917473226715409,0.21455256566112157,0.24782609402667444,56,264,0.175,1.0882809932089375,0.9757217970521541,0.5147004526630224,0.4170168046810092,main_grouped_repeated5fold,main,Wine Quality Red,2,1,43,50420102,100,7c56280c9984b16f081814311d495db74fe73032f59462283aeb2df649d43f43,2d0b157a09f4f5a6d205f5bb0c00c1a5f9ed0298c4079b34a52b3064e908acb7,0,0,272,0.168614,main_grouped_repeated5fold|main|wine_quality_red|r2|f1|rf
wine_quality_red,smote_r_rf,1279,320,11,2bef050d6994db63077d7b73810d50152625bfc09c3e6af7e61fe263777fe8fc,60015c16a79e69de4a93b232852971ad075ffcfa58d32ee2800debdd78e9f650,5f2e605c0d4dc5c54f12f12a6125402ce7ad856f0c5009b87664051b58a034d6,smote_r,831,2110,0.5,0,0,0,0,0,,,,320,0.6509599277315713,0.5081865870096033,0.37861580190375665,0.6030579551975805,0.18738864410874073,0.23518260698006038,56,264,0.175,0.9692644817063738,0.8101679413310198,0.5606716116600569,0.4441299360929394,main_grouped_repeated5fold,main,Wine Quality Red,2,1,43,50420103,100,7c56280c9984b16f081814311d495db74fe73032f59462283aeb2df649d43f43,2d0b157a09f4f5a6d205f5bb0c00c1a5f9ed0298c4079b34a52b3064e908acb7,0,0,272,0.426631,main_grouped_repeated5fold|main|wine_quality_red|r2|f1|smote_r_rf
wine_quality_red,smogn_rf,1279,320,11,2bef050d6994db63077d7b73810d50152625bfc09c3e6af7e61fe263777fe8fc,60015c16a79e69de4a93b232852971ad075ffcfa58d32ee2800debdd78e9f650,5f2e605c0d4dc5c54f12f12a6125402ce7ad856f0c5009b87664051b58a034d6,smogn,831,2110,0.5,0,0,0,0,0,,,,320,0.6477337653369384,0.5090775908058045,0.3847597091610464,0.6239376138520761,0.19375175995094185,0.23656185044025935,56,264,0.175,1.013566490819321,0.8615527042102717,0.5391109969233066,0.4343101425078874,main_grouped_repeated5fold,main,Wine Quality Red,2,1,43,50420104,100,7c56280c9984b16f081814311d495db74fe73032f59462283aeb2df649d43f43,2d0b157a09f4f5a6d205f5bb0c00c1a5f9ed0298c4079b34a52b3064e908acb7,0,0,272,0.434056,main_grouped_repeated5fold|main|wine_quality_red|r2|f1|smogn_rf
wine_quality_red,relevance_weighted_rf,1279,320,11,2bef050d6994db63077d7b73810d50152625bfc09c3e6af7e61fe263777fe8fc,60015c16a79e69de4a93b232852971ad075ffcfa58d32ee2800debdd78e9f650,5f2e605c0d4dc5c54f12f12a6125402ce7ad856f0c5009b87664051b58a034d6,none,0,1279,0.1751368256450352,0,0,0,0,0,0.15882279895691048,1.0,3.17645597913821,320,0.6432921696711076,0.5132953246909334,0.39316834767709896,0.6734626692932897,0.20886861472701643,0.24085789959865772,56,264,0.175,1.076043241634219,0.9551570916065941,0.5059617070592336,0.4195670711027629,main_grouped_repeated5fold,main,Wine Quality Red,2,1,43,50420105,100,7c56280c9984b16f081814311d495db74fe73032f59462283aeb2df649d43f43,2d0b157a09f4f5a6d205f5bb0c00c1a5f9ed0298c4079b34a52b3064e908acb7,0,0,272,0.203638,main_grouped_repeated5fold|main|wine_quality_red|r2|f1|relevance_weighted_rf
wine_quality_red,ekk,1273,326,11,1ce78267c89e36cce8a0f8e2c007ff67f177e212e059463add03a9c690658fe4,67c2cba995c7f524e6e54c178d97894b1789c21679a1ec7ee4a7348609ca7626,0e3f1e3333700773f2c53c7dd98156965c8ccc9e345da37397cfa140d4950d87,none,0,1273,0.17989002356637862,0,0,0,0,0,,,,326,0.6309885302216274,0.48733800271718575,0.3043873790506614,0.6436781487475846,0.18366261762482547,0.2226511681402124,51,275,0.15644171779141106,1.1011973495710432,0.9926925181270624,0.49708734005060295,0.39361771076844504,main_grouped_repeated5fold,main,Wine Quality Red,2,2,43,50420201,100,a4f980e9cbf9ff72dc36a3344a5200931b6c798f1e716a7af338d1db791ff2bb,bf80fa074af2c78d3b4a5ed328011db943fbc649c32ed4a2ca648d7fc6e18882,0,0,272,0.030308,main_grouped_repeated5fold|main|wine_quality_red|r2|f2|ekk
wine_quality_red,rf,1273,326,11,1ce78267c89e36cce8a0f8e2c007ff67f177e212e059463add03a9c690658fe4,67c2cba995c7f524e6e54c178d97894b1789c21679a1ec7ee4a7348609ca7626,0e3f1e3333700773f2c53c7dd98156965c8ccc9e345da37397cfa140d4950d87,none,0,1273,0.17989002356637862,0,0,0,0,0,,,,326,0.6009111960889526,0.4655780571081176,0.36912238949650034,0.6145869785344444,0.17519792688674884,0.2046332044308616,51,275,0.15644171779141106,1.1008231642065385,0.9792581407965337,0.4509155816948836,0.37031375067862965,main_grouped_repeated5fold,main,Wine Quality Red,2,2,43,50420202,100,a4f980e9cbf9ff72dc36a3344a5200931b6c798f1e716a7af338d1db791ff2bb,bf80fa074af2c78d3b4a5ed328011db943fbc649c32ed4a2ca648d7fc6e18882,0,0,272,0.208047,main_grouped_repeated5fold|main|wine_quality_red|r2|f2|rf
wine_quality_red,smote_r_rf,1273,326,11,1ce78267c89e36cce8a0f8e2c007ff67f177e212e059463add03a9c690658fe4,67c2cba995c7f524e6e54c178d97894b1789c21679a1ec7ee4a7348609ca7626,0e3f1e3333700773f2c53c7dd98156965c8ccc9e345da37397cfa140d4950d87,smote_r,815,2088,0.5,0,0,0,0,0,,,,326,0.6195005297064036,0.4795794399147539,0.3294859425827953,0.5563754080713708,0.15894552912869725,0.21549775679426422,51,275,0.15644171779141106,1.004284523197952,0.8614814981347954,0.517598011362071,0.4087539672994008,main_grouped_repeated5fold,main,Wine Quality Red,2,2,43,50420203,100,a4f980e9cbf9ff72dc36a3344a5200931b6c798f1e716a7af338d1db791ff2bb,bf80fa074af2c78d3b4a5ed328011db943fbc649c32ed4a2ca648d7fc6e18882,0,0,272,0.379605,main_grouped_repeated5fold|main|wine_quality_red|r2|f2|smote_r_rf
wine_quality_red,smogn_rf,1273,326,11,1ce78267c89e36cce8a0f8e2c007ff67f177e212e059463add03a9c690658fe4,67c2cba995c7f524e6e54c178d97894b1789c21679a1ec7ee4a7348609ca7626,0e3f1e3333700773f2c53c7dd98156965c8ccc9e345da37397cfa140d4950d87,smogn,815,2088,0.5,0,0,0,0,0,,,,326,0.6261450266069075,0.48574801225939407,0.3150255158466688,0.5866041546199006,0.1675162238147476,0.22084348580649907,51,275,0.15644171779141106,1.0414762406080118,0.8992755547578666,0.5134286354199483,0.4090574498324048,main_grouped_repeated5fold,main,Wine Quality Red,2,2,43,50420204,100,a4f980e9cbf9ff72dc36a3344a5200931b6c798f1e716a7af338d1db791ff2bb,bf80fa074af2c78d3b4a5ed328011db943fbc649c32ed4a2ca648d7fc6e18882,0,0,272,0.360184,main_grouped_repeated5fold|main|wine_quality_red|r2|f2|smogn_rf
wine_quality_red,relevance_weighted_rf,1273,326,11,1ce78267c89e36cce8a0f8e2c007ff67f177e212e059463add03a9c690658fe4,67c2cba995c7f524e6e54c178d97894b1789c21679a1ec7ee4a7348609ca7626,0e3f1e3333700773f2c53c7dd98156965c8ccc9e345da37397cfa140d4950d87,none,0,1273,0.17989002356637862,0,0,0,0,0,0.15590300457217507,1.0000000000000002,3.118060091443501,326,0.60042335674097,0.47152341702894773,0.37014630782767555,0.6013224943542582,0.1714715749168147,0.2029338314076093,51,275,0.15644171779141106,1.0825507440770632,0.9580625461147984,0.4582891258811852,0.38129252399848085,main_grouped_repeated5fold,main,Wine Quality Red,2,2,43,50420205,100,a4f980e9cbf9ff72dc36a3344a5200931b6c798f1e716a7af338d1db791ff2bb,bf80fa074af2c78d3b4a5ed328011db943fbc649c32ed4a2ca648d7fc6e18882,0,0,272,0.161498,main_grouped_repeated5fold|main|wine_quality_red|r2|f2|relevance_weighted_rf
wine_quality_red,ekk,1286,313,11,ed7da131d17f3234d7fff00f507187e82ca7aa392efee0e11a263dec9d6052c3,090280fb589c69b6e0ae4e65b93201ed539374705ea849e564c19891b7e2e089,130591289161cefdc103e66959705e442dfffafe015ed2b935cd6abcec0f4a82,none,0,1286,0.171850699844479,0,0,0,0,0,,,,313,0.672851131280555,0.5137696225697156,0.352202888811848,0.7838195186102379,0.23982612621129165,0.28453511491533867,59,254,0.18849840255591055,1.132868435336728,1.0187788619734508,0.509685726960003,0.3964643268027062,main_grouped_repeated5fold,main,Wine Quality Red,2,3,43,50420301,100,49d80b8700db91b15c8fa6dc526f4d7c0d7d257b08ee908d2422799f9d93285c,1cd911294621131965069a9dae576b53ba482928b4f6d06e1abdbae75ec92127,0,0,272,0.036655,main_grouped_repeated5fold|main|wine_quality_red|r2|f3|ekk
wine_quality_red,rf,1286,313,11,ed7da131d17f3234d7fff00f507187e82ca7aa392efee0e11a263dec9d6052c3,090280fb589c69b6e0ae4e65b93201ed539374705ea849e564c19891b7e2e089,130591289161cefdc103e66959705e442dfffafe015ed2b935cd6abcec0f4a82,none,0,1286,0.171850699844479,0,0,0,0,0,,,,313,0.6400946647004299,0.487765806281949,0.4137411015121437,0.7498954308961633,0.22922658383020098,0.2553415879656272,59,254,0.18849840255591055,1.1297213890390974,0.9935388092133853,0.45654804870075644,0.37028310087661537,main_grouped_repeated5fold,main,Wine Quality Red,2,3,43,50420302,100,49d80b8700db91b15c8fa6dc526f4d7c0d7d257b08ee908d2422799f9d93285c,1cd911294621131965069a9dae576b53ba482928b4f6d06e1abdbae75ec92127,0,0,272,0.169745,main_grouped_repeated5fold|main|wine_quality_red|r2|f3|rf
wine_quality_red,smote_r_rf,1286,313,11,ed7da131d17f3234d7fff00f507187e82ca7aa392efee0e11a263dec9d6052c3,090280fb589c69b6e0ae4e65b93201ed539374705ea849e564c19891b7e2e089,130591289161cefdc103e66959705e442dfffafe015ed2b935cd6abcec0f4a82,smote_r,844,2130,0.5,0,0,0,0,0,,,,313,0.6502476774825438,0.4948242393145968,0.3949954337837073,0.698615515078889,0.2138873409663115,0.25282993920598906,59,254,0.18849840255591055,1.0758500441775174,0.9086634860831195,0.5021746152709127,0.398696225301436,main_grouped_repeated5fold,main,Wine Quality Red,2,3,43,50420303,100,49d80b8700db91b15c8fa6dc526f4d7c0d7d257b08ee908d2422799f9d93285c,1cd911294621131965069a9dae576b53ba482928b4f6d06e1abdbae75ec92127,0,0,272,0.404231,main_grouped_repeated5fold|main|wine_quality_red|r2|f3|smote_r_rf
wine_quality_red,smogn_rf,1286,313,11,ed7da131d17f3234d7fff00f507187e82ca7aa392efee0e11a263dec9d6052c3,090280fb589c69b6e0ae4e65b93201ed539374705ea849e564c19891b7e2e089,130591289161cefdc103e66959705e442dfffafe015ed2b935cd6abcec0f4a82,smogn,844,2130,0.5,0,0,0,0,0,,,,313,0.6499719513786058,0.49159299144198226,0.3955084081166603,0.7379500688353641,0.2257945607175535,0.25715080682290187,59,254,0.18849840255591055,1.09964465461413,0.9333660610597151,0.4896053514521789,0.3889764122788082,main_grouped_repeated5fold,main,Wine Quality Red,2,3,43,50420304,100,49d80b8700db91b15c8fa6dc526f4d7c0d7d257b08ee908d2422799f9d93285c,1cd911294621131965069a9dae576b53ba482928b4f6d06e1abdbae75ec92127,0,0,272,0.469243,main_grouped_repeated5fold|main|wine_quality_red|r2|f3|smogn_rf
wine_quality_red,relevance_weighted_rf,1286,313,11,ed7da131d17f3234d7fff00f507187e82ca7aa392efee0e11a263dec9d6052c3,090280fb589c69b6e0ae4e65b93201ed539374705ea849e564c19891b7e2e089,130591289161cefdc103e66959705e442dfffafe015ed2b935cd6abcec0f4a82,none,0,1286,0.171850699844479,0,0,0,0,0,0.15841340231584136,1.0000000000000002,3.168268046316827,313,0.6566704294218063,0.5152980162443663,0.3829846719006146,0.7910269702275577,0.2418536928489803,0.26624598994948945,59,254,0.18849840255591055,1.1536303728701014,1.0220764679923113,0.4714264889347378,0.3975817617044892,main_grouped_repeated5fold,main,Wine Quality Red,2,3,43,50420305,100,49d80b8700db91b15c8fa6dc526f4d7c0d7d257b08ee908d2422799f9d93285c,1cd911294621131965069a9dae576b53ba482928b4f6d06e1abdbae75ec92127,0,0,272,0.205562,main_grouped_repeated5fold|main|wine_quality_red|r2|f3|relevance_weighted_rf
wine_quality_red,ekk,1273,326,11,79608f91dabda8c46fb3f4d365a6461986ee688bdb9e19eb7af74a81fce810fa,2e988f538f49156ddbf4df413240545333c39f08948c8b9ec90b0ab2bb17fdbb,82b3a0027aa019b9818e506152135799065b1b148f0f71de32f70f38b166648c,none,0,1273,0.1791044776119403,0,0,0,0,0,,,,326,0.6226311629215605,0.47475615204228705,0.3363513684653413,0.6825529733556029,0.1960414275586274,0.21470411356614072,52,274,0.15950920245398773,1.1014486013075495,0.9821602534749226,0.48062629873058826,0.37846048315726133,main_grouped_repeated5fold,main,Wine Quality Red,2,4,43,50420401,100,91d4cf477f3f817013114dab18b95c9882f2c318726f236cbe10a9cfb5e3f3b7,935639f57f4435964abdbe78fdc679fa453a929c2043abcc3f5c1d967ddb704a,0,0,272,0.029769,main_grouped_repeated5fold|main|wine_quality_red|r2|f4|ekk
wine_quality_red,rf,1273,326,11,79608f91dabda8c46fb3f4d365a6461986ee688bdb9e19eb7af74a81fce810fa,2e988f538f49156ddbf4df413240545333c39f08948c8b9ec90b0ab2bb17fdbb,82b3a0027aa019b9818e506152135799065b1b148f0f71de32f70f38b166648c,none,0,1273,0.1791044776119403,0,0,0,0,0,,,,326,0.6134972339097295,0.4742056398119204,0.3556798488774603,0.6269288293177186,0.18014681043517117,0.20597855787730932,52,274,0.15950920245398773,1.0571297772446986,0.9172524108749437,0.4855138448570119,0.3901237708510546,main_grouped_repeated5fold,main,Wine Quality Red,2,4,43,50420402,100,91d4cf477f3f817013114dab18b95c9882f2c318726f236cbe10a9cfb5e3f3b7,935639f57f4435964abdbe78fdc679fa453a929c2043abcc3f5c1d967ddb704a,0,0,272,0.198079,main_grouped_repeated5fold|main|wine_quality_red|r2|f4|rf
wine_quality_red,smote_r_rf,1273,326,11,79608f91dabda8c46fb3f4d365a6461986ee688bdb9e19eb7af74a81fce810fa,2e988f538f49156ddbf4df413240545333c39f08948c8b9ec90b0ab2bb17fdbb,82b3a0027aa019b9818e506152135799065b1b148f0f71de32f70f38b166648c,smote_r,817,2090,0.5,0,0,0,0,0,,,,326,0.6151400764169771,0.47096140865040964,0.3522244663959715,0.5356847652634373,0.15429804322946594,0.19768446229126685,52,274,0.15950920245398773,0.9189826556754191,0.7580982107167633,0.5384555160712147,0.4164682929297878,main_grouped_repeated5fold,main,Wine Quality Red,2,4,43,50420403,100,91d4cf477f3f817013114dab18b95c9882f2c318726f236cbe10a9cfb5e3f3b7,935639f57f4435964abdbe78fdc679fa453a929c2043abcc3f5c1d967ddb704a,0,0,272,0.439046,main_grouped_repeated5fold|main|wine_quality_red|r2|f4|smote_r_rf
wine_quality_red,smogn_rf,1273,326,11,79608f91dabda8c46fb3f4d365a6461986ee688bdb9e19eb7af74a81fce810fa,2e988f538f49156ddbf4df413240545333c39f08948c8b9ec90b0ab2bb17fdbb,82b3a0027aa019b9818e506152135799065b1b148f0f71de32f70f38b166648c,smogn,817,2090,0.5,0,0,0,0,0,,,,326,0.6161332612323385,0.469086061981316,0.35013102386808836,0.5688222120681963,0.16371808256852033,0.200826710439382,52,274,0.15950920245398773,0.9678707946075562,0.8150004208641447,0.5233383236064738,0.4034380814634069,main_grouped_repeated5fold,main,Wine Quality Red,2,4,43,50420404,100,91d4cf477f3f817013114dab18b95c9882f2c318726f236cbe10a9cfb5e3f3b7,935639f57f4435964abdbe78fdc679fa453a929c2043abcc3f5c1d967ddb704a,0,0,272,0.439442,main_grouped_repeated5fold|main|wine_quality_red|r2|f4|smogn_rf
wine_quality_red,relevance_weighted_rf,1273,326,11,79608f91dabda8c46fb3f4d365a6461986ee688bdb9e19eb7af74a81fce810fa,2e988f538f49156ddbf4df413240545333c39f08948c8b9ec90b0ab2bb17fdbb,82b3a0027aa019b9818e506152135799065b1b148f0f71de32f70f38b166648c,none,0,1273,0.1791044776119403,0,0,0,0,0,0.15616438356164386,1.0,3.123287671232877,326,0.6027080210739573,0.4711590904120543,0.3781431268941874,0.6042061204689728,0.17364951820117203,0.19731043919916777,52,274,0.15950920245398773,1.033360032331279,0.906633348000565,0.47910521371478204,0.38851434079671654,main_grouped_repeated5fold,main,Wine Quality Red,2,4,43,50420405,100,91d4cf477f3f817013114dab18b95c9882f2c318726f236cbe10a9cfb5e3f3b7,935639f57f4435964abdbe78fdc679fa453a929c2043abcc3f5c1d967ddb704a,0,0,272,0.168779,main_grouped_repeated5fold|main|wine_quality_red|r2|f4|relevance_weighted_rf
wine_quality_red,ekk,1285,314,11,9c49ff069aa0b69b4bec9619b901f1e1e995506448d448207d05594422df4fdb,1b4cb82946a98aa740e00d3fb60bdd40a9b0f90a2e4452549ca02a65c4c9bf06,b99f10d9f7222d457abe06977cd6f42257c2216c3f1d34d30b339535ed8c9d6b,none,0,1285,0.16964980544747083,0,0,0,0,0,,,,314,0.6632584860945998,0.5083139573158758,0.3942918983459188,0.8069832479644714,0.24783663978354326,0.26992623662258836,62,252,0.19745222929936307,1.1235308776075903,1.0101883007668342,0.4874145022384955,0.3848369363081004,main_grouped_repeated5fold,main,Wine Quality Red,2,5,43,50420501,100,ff1c57c0c0a33a9408b5a29fe91829f33317092ad283d4b54147c32e741dfa2a,46667247b8bdd0b14c265c756f8381b43661d9d3f8f2921d699dafb5c3a4fb80,0,0,271,0.025066,main_grouped_repeated5fold|main|wine_quality_red|r2|f5|ekk
wine_quality_red,rf,1285,314,11,9c49ff069aa0b69b4bec9619b901f1e1e995506448d448207d05594422df4fdb,1b4cb82946a98aa740e00d3fb60bdd40a9b0f90a2e4452549ca02a65c4c9bf06,b99f10d9f7222d457abe06977cd6f42257c2216c3f1d34d30b339535ed8c9d6b,none,0,1285,0.16964980544747083,0,0,0,0,0,,,,314,0.6570844918911496,0.5011857090121333,0.40551597772609627,0.7844445384043002,0.24088727802049553,0.2667162796201127,62,252,0.19745222929936307,1.1140499801503316,0.9543783367170463,0.482322395328827,0.38968593552917863,main_grouped_repeated5fold,main,Wine Quality Red,2,5,43,50420502,100,ff1c57c0c0a33a9408b5a29fe91829f33317092ad283d4b54147c32e741dfa2a,46667247b8bdd0b14c265c756f8381b43661d9d3f8f2921d699dafb5c3a4fb80,0,0,271,0.169609,main_grouped_repeated5fold|main|wine_quality_red|r2|f5|rf
wine_quality_red,smote_r_rf,1285,314,11,9c49ff069aa0b69b4bec9619b901f1e1e995506448d448207d05594422df4fdb,1b4cb82946a98aa740e00d3fb60bdd40a9b0f90a2e4452549ca02a65c4c9bf06,b99f10d9f7222d457abe06977cd6f42257c2216c3f1d34d30b339535ed8c9d6b,smote_r,849,2134,0.5,0,0,0,0,0,,,,314,0.6564463897821575,0.5062759036890176,0.4066700372775254,0.6548678344424329,0.20151715165293266,0.2520214708565737,62,252,0.19745222929936307,0.9818363080905191,0.7872586353851292,0.5475099029682129,0.43714523160505375,main_grouped_repeated5fold,main,Wine Quality Red,2,5,43,50420503,100,ff1c57c0c0a33a9408b5a29fe91829f33317092ad283d4b54147c32e741dfa2a,46667247b8bdd0b14c265c756f8381b43661d9d3f8f2921d699dafb5c3a4fb80,0,0,271,0.388418,main_grouped_repeated5fold|main|wine_quality_red|r2|f5|smote_r_rf
wine_quality_red,smogn_rf,1285,314,11,9c49ff069aa0b69b4bec9619b901f1e1e995506448d448207d05594422df4fdb,1b4cb82946a98aa740e00d3fb60bdd40a9b0f90a2e4452549ca02a65c4c9bf06,b99f10d9f7222d457abe06977cd6f42257c2216c3f1d34d30b339535ed8c9d6b,smogn,849,2134,0.5,0,0,0,0,0,,,,314,0.650410089194461,0.49517287597271825,0.4175317048139615,0.6847599269988138,0.21055701706168184,0.251685743359344,62,252,0.19745222929936307,1.0085960173246895,0.8160409364141988,0.5261493986088528,0.4162291468164811,main_grouped_repeated5fold,main,Wine Quality Red,2,5,43,50420504,100,ff1c57c0c0a33a9408b5a29fe91829f33317092ad283d4b54147c32e741dfa2a,46667247b8bdd0b14c265c756f8381b43661d9d3f8f2921d699dafb5c3a4fb80,0,0,271,0.389761,main_grouped_repeated5fold|main|wine_quality_red|r2|f5|smogn_rf
wine_quality_red,relevance_weighted_rf,1285,314,11,9c49ff069aa0b69b4bec9619b901f1e1e995506448d448207d05594422df4fdb,1b4cb82946a98aa740e00d3fb60bdd40a9b0f90a2e4452549ca02a65c4c9bf06,b99f10d9f7222d457abe06977cd6f42257c2216c3f1d34d30b339535ed8c9d6b,none,0,1285,0.16964980544747083,0,0,0,0,0,0.15861586570111916,1.0,3.1723173140223833,314,0.6591544148290792,0.5054514318779898,0.4017646357799115,0.7979649954887835,0.2450540995768356,0.26958553941097646,62,252,0.19745222929936307,1.1166535922498126,0.9567542637322485,0.48435606564163064,0.394416608167815,main_grouped_repeated5fold,main,Wine Quality Red,2,5,43,50420505,100,ff1c57c0c0a33a9408b5a29fe91829f33317092ad283d4b54147c32e741dfa2a,46667247b8bdd0b14c265c756f8381b43661d9d3f8f2921d699dafb5c3a4fb80,0,0,271,0.170328,main_grouped_repeated5fold|main|wine_quality_red|r2|f5|relevance_weighted_rf
air_quality_no2,ekk,6236,1479,8,1d401276f502cec0a346d082760c7a3ca2b9dd019112b4aa6e2847162a18cb2c,0ce1efee2e9b25a9f04f5834e88a669032db2503fa1b89a247d9c2c988e4ff99,2cf48dd52b37f7f54f9ba1af245f35d6f2d8e71c45614a5384dc9ec3ea9d2183,none,0,6236,0.17382937780628607,0,0,0,0,0,,,,1479,24.2325138404671,18.027068618986583,0.7569598498465306,980.0435432017748,289.9818429805962,318.5607722385183,258,1221,0.1744421906693712,38.60464732658729,28.969301792239158,19.90946609996365,15.714950552893901,main_grouped_repeated5fold,main,Air Quality NO2,1,1,42,50510101,100,5899163c7b2f228f6ca2fe85152bc56d4c81a8e32528f54caecd7245088b9c35,c55ea50d3999a53740ab1c82f62ef465580efc7664c234f9688c620db1c37752,0,0,1479,0.028108,main_grouped_repeated5fold|main|air_quality_no2|r1|f1|ekk
air_quality_no2,rf,6236,1479,8,1d401276f502cec0a346d082760c7a3ca2b9dd019112b4aa6e2847162a18cb2c,0ce1efee2e9b25a9f04f5834e88a669032db2503fa1b89a247d9c2c988e4ff99,2cf48dd52b37f7f54f9ba1af245f35d6f2d8e71c45614a5384dc9ec3ea9d2183,none,0,6236,0.17382937780628607,0,0,0,0,0,,,,1479,18.801915063493347,13.43777889169364,0.8536862104267046,597.8262526452297,176.91954213428167,196.1989979049909,258,1221,0.1744421906693712,30.35546442939531,22.090890816994175,15.280856162155757,11.609357207232101,main_grouped_repeated5fold,main,Air Quality NO2,1,1,42,50510102,100,5899163c7b2f228f6ca2fe85152bc56d4c81a8e32528f54caecd7245088b9c35,c55ea50d3999a53740ab1c82f62ef465580efc7664c234f9688c620db1c37752,0,0,1479,0.359793,main_grouped_repeated5fold|main|air_quality_no2|r1|f1|rf
air_quality_no2,smote_r_rf,6236,1479,8,1d401276f502cec0a346d082760c7a3ca2b9dd019112b4aa6e2847162a18cb2c,0ce1efee2e9b25a9f04f5834e88a669032db2503fa1b89a247d9c2c988e4ff99,2cf48dd52b37f7f54f9ba1af245f35d6f2d8e71c45614a5384dc9ec3ea9d2183,smote_r,4068,10304,0.5,0,0,0,0,0,,,,1479,18.51462678498846,13.25391693089113,0.8581233223474214,518.3816923475566,153.42751035253042,181.3182628478013,258,1221,0.1744421906693712,26.881733643213895,18.34650466925871,16.20281383816637,12.177841880523534,main_grouped_repeated5fold,main,Air Quality NO2,1,1,42,50510103,100,5899163c7b2f228f6ca2fe85152bc56d4c81a8e32528f54caecd7245088b9c35,c55ea50d3999a53740ab1c82f62ef465580efc7664c234f9688c620db1c37752,0,0,1479,1.413252,main_grouped_repeated5fold|main|air_quality_no2|r1|f1|smote_r_rf
air_quality_no2,smogn_rf,6236,1479,8,1d401276f502cec0a346d082760c7a3ca2b9dd019112b4aa6e2847162a18cb2c,0ce1efee2e9b25a9f04f5834e88a669032db2503fa1b89a247d9c2c988e4ff99,2cf48dd52b37f7f54f9ba1af245f35d6f2d8e71c45614a5384dc9ec3ea9d2183,smogn,4068,10304,0.5,0,0,0,0,0,,,,1479,18.65055180974911,13.379631057604236,0.8560325019378437,533.6446656813986,157.9468441932498,185.92223942298952,258,1221,0.1744421906693712,27.698985278664004,19.153729735679764,16.10046272430061,12.159551238649698,main_grouped_repeated5fold,main,Air Quality NO2,1,1,42,50510104,100,5899163c7b2f228f6ca2fe85152bc56d4c81a8e32528f54caecd7245088b9c35,c55ea50d3999a53740ab1c82f62ef465580efc7664c234f9688c620db1c37752,0,0,1479,1.43224,main_grouped_repeated5fold|main|air_quality_no2|r1|f1|smogn_rf
air_quality_no2,relevance_weighted_rf,6236,1479,8,1d401276f502cec0a346d082760c7a3ca2b9dd019112b4aa6e2847162a18cb2c,0ce1efee2e9b25a9f04f5834e88a669032db2503fa1b89a247d9c2c988e4ff99,2cf48dd52b37f7f54f9ba1af245f35d6f2d8e71c45614a5384dc9ec3ea9d2183,none,0,6236,0.17382937780628607,0,0,0,0,0,0.16866159288151994,1.0,3.373231857630399,1479,18.868654399025385,13.47484189951986,0.8526456551646109,603.9754744045362,178.7523854054385,198.63337104686934,258,1221,0.1744421906693712,30.486063130424554,21.994441244423008,15.325499674935875,11.674631718532956,main_grouped_repeated5fold,main,Air Quality NO2,1,1,42,50510105,100,5899163c7b2f228f6ca2fe85152bc56d4c81a8e32528f54caecd7245088b9c35,c55ea50d3999a53740ab1c82f62ef465580efc7664c234f9688c620db1c37752,0,0,1479,0.345012,main_grouped_repeated5fold|main|air_quality_no2|r1|f1|relevance_weighted_rf
air_quality_no2,ekk,6236,1479,8,11355baa79fa5927e25ca25d7628426cf7ada31d36d199afa3ac961c604ed3e8,3bf8a0ac2a541e5cc7b9305cc17075e168880a257d3ad8429c000fd42a3a15a1,450b3b3385329d119dae20972956daa22251c4ef22869b7a6137c15dbdc3eca0,none,0,6236,0.17382937780628607,0,0,0,0,0,,,,1479,22.822359885273674,17.33524412904365,0.7629894890173605,723.5806240778223,209.32361624482505,255.81756544251766,258,1221,0.1744421906693712,32.38179501786428,24.40600644068255,20.23243915439981,15.841176417002014,main_grouped_repeated5fold,main,Air Quality NO2,1,2,42,50510201,100,fa87062a7e84a9114dcec726f6d0afa3be17cad66959e5506820fa5530924d3b,816e60a04774589c84d13a7da6f0b8871c297436653158d8ad6f6cd93da2811a,0,0,1479,0.030408,main_grouped_repeated5fold|main|air_quality_no2|r1|f2|ekk
air_quality_no2,rf,6236,1479,8,11355baa79fa5927e25ca25d7628426cf7ada31d36d199afa3ac961c604ed3e8,3bf8a0ac2a541e5cc7b9305cc17075e168880a257d3ad8429c000fd42a3a15a1,450b3b3385329d119dae20972956daa22251c4ef22869b7a6137c15dbdc3eca0,none,0,6236,0.17382937780628607,0,0,0,0,0,,,,1479,16.741861999095928,12.3210429140706,0.8724577649709438,391.27743659424186,113.17102024530136,134.76249195678233,258,1221,0.1744421906693712,23.681609681151073,17.888107532278116,14.866526488838277,11.144709849781052,main_grouped_repeated5fold,main,Air Quality NO2,1,2,42,50510202,100,fa87062a7e84a9114dcec726f6d0afa3be17cad66959e5506820fa5530924d3b,816e60a04774589c84d13a7da6f0b8871c297436653158d8ad6f6cd93da2811a,0,0,1479,0.350902,main_grouped_repeated5fold|main|air_quality_no2|r1|f2|rf
air_quality_no2,smote_r_rf,6236,1479,8,11355baa79fa5927e25ca25d7628426cf7ada31d36d199afa3ac961c604ed3e8,3bf8a0ac2a541e5cc7b9305cc17075e168880a257d3ad8429c000fd42a3a15a1,450b3b3385329d119dae20972956daa22251c4ef22869b7a6137c15dbdc3eca0,smote_r,4068,10304,0.5,0,0,0,0,0,,,,1479,16.803869698808523,12.333173092034682,0.8715112458373815,334.09774326668116,96.61529527258894,130.74573727802908,258,1221,0.1744421906693712,20.317516633483574,14.621803992917588,15.962756154244243,11.849580321823554,main_grouped_repeated5fold,main,Air Quality NO2,1,2,42,50510203,100,fa87062a7e84a9114dcec726f6d0afa3be17cad66959e5506820fa5530924d3b,816e60a04774589c84d13a7da6f0b8871c297436653158d8ad6f6cd93da2811a,0,0,1479,1.438123,main_grouped_repeated5fold|main|air_quality_no2|r1|f2|smote_r_rf
air_quality_no2,smogn_rf,6236,1479,8,11355baa79fa5927e25ca25d7628426cf7ada31d36d199afa3ac961c604ed3e8,3bf8a0ac2a541e5cc7b9305cc17075e168880a257d3ad8429c000fd42a3a15a1,450b3b3385329d119dae20972956daa22251c4ef22869b7a6137c15dbdc3eca0,smogn,4068,10304,0.5,0,0,0,0,0,,,,1479,16.71126460344619,12.2436382086701,0.8729235308651967,335.1634878467564,96.93725722122169,130.27678893822758,258,1221,0.1744421906693712,20.691722402925013,15.076080884637665,15.741901972967822,11.645136807851403,main_grouped_repeated5fold,main,Air Quality NO2,1,2,42,50510204,100,fa87062a7e84a9114dcec726f6d0afa3be17cad66959e5506820fa5530924d3b,816e60a04774589c84d13a7da6f0b8871c297436653158d8ad6f6cd93da2811a,0,0,1479,1.398546,main_grouped_repeated5fold|main|air_quality_no2|r1|f2|smogn_rf
air_quality_no2,relevance_weighted_rf,6236,1479,8,11355baa79fa5927e25ca25d7628426cf7ada31d36d199afa3ac961c604ed3e8,3bf8a0ac2a541e5cc7b9305cc17075e168880a257d3ad8429c000fd42a3a15a1,450b3b3385329d119dae20972956daa22251c4ef22869b7a6137c15dbdc3eca0,none,0,6236,0.17382937780628607,0,0,0,0,0,0.16787020209066028,0.9999999999999999,3.357404041813205,1479,16.747705439293405,12.259263734139655,0.8723687168725667,389.31287735642235,112.59967275518144,134.1969640972561,258,1221,0.1744421906693712,23.726752861293882,17.87906563113596,14.859287779845872,11.071787166223972,main_grouped_repeated5fold,main,Air Quality NO2,1,2,42,50510205,100,fa87062a7e84a9114dcec726f6d0afa3be17cad66959e5506820fa5530924d3b,816e60a04774589c84d13a7da6f0b8871c297436653158d8ad6f6cd93da2811a,0,0,1479,0.337043,main_grouped_repeated5fold|main|air_quality_no2|r1|f2|relevance_weighted_rf
air_quality_no2,ekk,6236,1479,8,ad5d1ee4dd2c5894a92b7b4552feeee9d41e2ae59246d8096c8276424b6d368a,673c91e30a56f3147e295de1a6be030462f2a7315033927d6d38a05c3e6a6466,9cdb8d988e406ecb641fd93c8305cc172c240a80e100bfaa65c62b86b462c43b,none,0,6236,0.17527261064785118,0,0,0,0,0,,,,1479,23.456422515750134,17.776764337316898,0.7478501814985663,854.9506104107925,246.5977752551588,282.4745932894339,249,1230,0.16835699797160245,36.19124944377068,27.550119316821803,19.910562817750474,15.798255890246393,main_grouped_repeated5fold,main,Air Quality NO2,1,3,42,50510301,100,a27094e2cd61ea300cac948b0e1690f5f977a4318b4686e0f6c7eecbabf951a4,609dd6195e2ee1f0b1b60a6181022badf124c7b3ad04d80047ca327fcf21435f,0,0,1479,0.028272,main_grouped_repeated5fold|main|air_quality_no2|r1|f3|ekk
air_quality_no2,rf,6236,1479,8,ad5d1ee4dd2c5894a92b7b4552feeee9d41e2ae59246d8096c8276424b6d368a,673c91e30a56f3147e295de1a6be030462f2a7315033927d6d38a05c3e6a6466,9cdb8d988e406ecb641fd93c8305cc172c240a80e100bfaa65c62b86b462c43b,none,0,6236,0.17527261064785118,0,0,0,0,0,,,,1479,17.45474012977886,12.826358158230487,0.8603754190312954,437.8249096968023,126.27704412923069,153.5028451587186,249,1230,0.16835699797160245,25.296247570697986,19.13548636351256,15.388433184792058,11.549144399600213,main_grouped_repeated5fold,main,Air Quality NO2,1,3,42,50510302,100,a27094e2cd61ea300cac948b0e1690f5f977a4318b4686e0f6c7eecbabf951a4,609dd6195e2ee1f0b1b60a6181022badf124c7b3ad04d80047ca327fcf21435f,0,0,1479,0.328045,main_grouped_repeated5fold|main|air_quality_no2|r1|f3|rf
air_quality_no2,smote_r_rf,6236,1479,8,ad5d1ee4dd2c5894a92b7b4552feeee9d41e2ae59246d8096c8276424b6d368a,673c91e30a56f3147e295de1a6be030462f2a7315033927d6d38a05c3e6a6466,9cdb8d988e406ecb641fd93c8305cc172c240a80e100bfaa65c62b86b462c43b,smote_r,4050,10286,0.5,0,0,0,0,0,,,,1479,17.569123188464374,12.855619887399543,0.858539468973423,390.96589616100044,112.76025147877714,153.12451168507747,249,1230,0.16835699797160245,22.086768407985804,15.861116512544806,16.5047534221519,12.247190082796966,main_grouped_repeated5fold,main,Air Quality NO2,1,3,42,50510303,100,a27094e2cd61ea300cac948b0e1690f5f977a4318b4686e0f6c7eecbabf951a4,609dd6195e2ee1f0b1b60a6181022badf124c7b3ad04d80047ca327fcf21435f,0,0,1479,1.382443,main_grouped_repeated5fold|main|air_quality_no2|r1|f3|smote_r_rf
air_quality_no2,smogn_rf,6236,1479,8,ad5d1ee4dd2c5894a92b7b4552feeee9d41e2ae59246d8096c8276424b6d368a,673c91e30a56f3147e295de1a6be030462f2a7315033927d6d38a05c3e6a6466,9cdb8d988e406ecb641fd93c8305cc172c240a80e100bfaa65c62b86b462c43b,smogn,4050,10286,0.5,0,0,0,0,0,,,,1479,17.61778504239888,12.91511971259599,0.8577547667787577,400.5322984610031,115.51518694383589,154.24949593424597,249,1230,0.16835699797160245,22.583946599951254,16.291708367701276,16.430756035411843,12.23156639948931,main_grouped_repeated5fold,main,Air Quality NO2,1,3,42,50510304,100,a27094e2cd61ea300cac948b0e1690f5f977a4318b4686e0f6c7eecbabf951a4,609dd6195e2ee1f0b1b60a6181022badf124c7b3ad04d80047ca327fcf21435f,0,0,1479,1.435021,main_grouped_repeated5fold|main|air_quality_no2|r1|f3|smogn_rf
air_quality_no2,relevance_weighted_rf,6236,1479,8,ad5d1ee4dd2c5894a92b7b4552feeee9d41e2ae59246d8096c8276424b6d368a,673c91e30a56f3147e295de1a6be030462f2a7315033927d6d38a05c3e6a6466,9cdb8d988e406ecb641fd93c8305cc172c240a80e100bfaa65c62b86b462c43b,none,0,6236,0.17527261064785118,0,0,0,0,0,0.16770107158844363,1.0,3.3540214317688726,1479,17.86376531825736,13.073742639175181,0.8537549695023869,480.6058296113967,138.61397230704142,164.46011288563264,249,1230,0.16835699797160245,26.931618081155026,20.054116479334642,15.391029739280711,11.660642569094122,main_grouped_repeated5fold,main,Air Quality NO2,1,3,42,50510305,100,a27094e2cd61ea300cac948b0e1690f5f977a4318b4686e0f6c7eecbabf951a4,609dd6195e2ee1f0b1b60a6181022badf124c7b3ad04d80047ca327fcf21435f,0,0,1479,0.314044,main_grouped_repeated5fold|main|air_quality_no2|r1|f3|relevance_weighted_rf
air_quality_no2,ekk,6236,1479,8,84deff0a8df31b67fbfc8e920ecbd5b93762b071b9b2332b4423836ad423fa49,fbffea33a02144948d99c1610b2bfc7873726ed6a1d18e41317aa1e73f01c3ba,6080ea78e2607975203e7b76501b6c67f12416a766707d68791a7f1916e621cf,none,0,6236,0.17655548428479795,0,0,0,0,0,,,,1479,22.460010104097954,16.96192127421891,0.7673222530259216,692.977675132707,199.9579541626824,245.07714684499538,241,1238,0.162947937795808,30.876582235822426,23.124350230212215,20.422120973439213,15.762288496840565,main_grouped_repeated5fold,main,Air Quality NO2,1,4,42,50510401,100,026048bfc28fa2e95b7dc85fdcbfd3b4d83614b07a2de010d33c78eec1162d5b,bf6c9bb070c0209337390fd26d8cffe67b3a4537424e12e1d3ce12446620e7bc,0,0,1479,0.03475,main_grouped_repeated5fold|main|air_quality_no2|r1|f4|ekk
air_quality_no2,rf,6236,1479,8,84deff0a8df31b67fbfc8e920ecbd5b93762b071b9b2332b4423836ad423fa49,fbffea33a02144948d99c1610b2bfc7873726ed6a1d18e41317aa1e73f01c3ba,6080ea78e2607975203e7b76501b6c67f12416a766707d68791a7f1916e621cf,none,0,6236,0.17655548428479795,0,0,0,0,0,,,,1479,16.908357533630397,12.384428800652467,0.8681324915953679,393.9534370592453,113.69207567858635,137.52796113594707,241,1238,0.162947937795808,23.85148735535043,17.340128196837497,15.192139549343787,11.419708643559902,main_grouped_repeated5fold,main,Air Quality NO2,1,4,42,50510402,100,026048bfc28fa2e95b7dc85fdcbfd3b4d83614b07a2de010d33c78eec1162d5b,bf6c9bb070c0209337390fd26d8cffe67b3a4537424e12e1d3ce12446620e7bc,0,0,1479,0.31882,main_grouped_repeated5fold|main|air_quality_no2|r1|f4|rf
air_quality_no2,smote_r_rf,6236,1479,8,84deff0a8df31b67fbfc8e920ecbd5b93762b071b9b2332b4423836ad423fa49,fbffea33a02144948d99c1610b2bfc7873726ed6a1d18e41317aa1e73f01c3ba,6080ea78e2607975203e7b76501b6c67f12416a766707d68791a7f1916e621cf,smote_r,4034,10270,0.5,0,0,0,0,0,,,,1479,17.195411778020546,12.63651072879835,0.8636170387643565,353.1048660416096,101.92008209488242,136.41759426147675,241,1238,0.162947937795808,20.93743596130099,14.395613230074359,16.367776453722172,12.294068319422323,main_grouped_repeated5fold,main,Air Quality NO2,1,4,42,50510403,100,026048bfc28fa2e95b7dc85fdcbfd3b4d83614b07a2de010d33c78eec1162d5b,bf6c9bb070c0209337390fd26d8cffe67b3a4537424e12e1d3ce12446620e7bc,0,0,1479,1.361524,main_grouped_repeated5fold|main|air_quality_no2|r1|f4|smote_r_rf
air_quality_no2,smogn_rf,6236,1479,8,84deff0a8df31b67fbfc8e920ecbd5b93762b071b9b2332b4423836ad423fa49,fbffea33a02144948d99c1610b2bfc7873726ed6a1d18e41317aa1e73f01c3ba,6080ea78e2607975203e7b76501b6c67f12416a766707d68791a7f1916e621cf,smogn,4034,10270,0.5,0,0,0,0,0,,,,1479,17.0783856086998,12.570289077529935,0.8654670747221693,355.4819880292652,102.62274442277683,134.73344126629,241,1238,0.162947937795808,21.2946509602986,14.684164976094127,16.129960025360685,12.158783349295705,main_grouped_repeated5fold,main,Air Quality NO2,1,4,42,50510404,100,026048bfc28fa2e95b7dc85fdcbfd3b4d83614b07a2de010d33c78eec1162d5b,bf6c9bb070c0209337390fd26d8cffe67b3a4537424e12e1d3ce12446620e7bc,0,0,1479,1.423629,main_grouped_repeated5fold|main|air_quality_no2|r1|f4|smogn_rf
air_quality_no2,relevance_weighted_rf,6236,1479,8,84deff0a8df31b67fbfc8e920ecbd5b93762b071b9b2332b4423836ad423fa49,fbffea33a02144948d99c1610b2bfc7873726ed6a1d18e41317aa1e73f01c3ba,6080ea78e2607975203e7b76501b6c67f12416a766707d68791a7f1916e621cf,none,0,6236,0.17655548428479795,0,0,0,0,0,0.16773087026379382,1.0,3.354617405275876,1479,16.81192429072612,12.400929557524735,0.8696323591918048,393.79207091410154,113.6481280347311,134.23911520791833,241,1238,0.162947937795808,23.82711783491237,17.515347729772774,15.071248092125172,11.405311803476447,main_grouped_repeated5fold,main,Air Quality NO2,1,4,42,50510405,100,026048bfc28fa2e95b7dc85fdcbfd3b4d83614b07a2de010d33c78eec1162d5b,bf6c9bb070c0209337390fd26d8cffe67b3a4537424e12e1d3ce12446620e7bc,0,0,1479,0.324506,main_grouped_repeated5fold|main|air_quality_no2|r1|f4|relevance_weighted_rf
air_quality_no2,ekk,5916,1799,8,44c4970ca400c0769b7efdf3f7ab6bb2f69b0d9872fed5df9f9666bb6a4f3d62,a7a78c26ae80112dfb452096d882ed568d1591aa5cb321cd77bd4b5e1fd9bc4b,e48a9d3264ee55a77242fcad8ba1cfea206c207aaa359a33a10b3ff2b8525918,none,0,5916,0.17630155510480053,0,0,0,0,0,,,,1799,34.66951514562757,23.091965307911376,0.5452339164666207,2613.869789034804,811.331504581972,839.6785730444491,347,1452,0.19288493607559756,64.44934143582012,46.61678414690786,22.28375605584178,17.469987252035494,main_grouped_repeated5fold,main,Air Quality NO2,1,5,42,50510501,100,6d5359806eb96d73ab7e2fc9a681b33d726796dbd5b61a5d5fab79e3373136d9,98d361441f2a37910acd481a1a9183e6d4525afc835141fddb56273e99851900,0,0,1478,0.028335,main_grouped_repeated5fold|main|air_quality_no2|r1|f5|ekk
air_quality_no2,rf,5916,1799,8,44c4970ca400c0769b7efdf3f7ab6bb2f69b0d9872fed5df9f9666bb6a4f3d62,a7a78c26ae80112dfb452096d882ed568d1591aa5cb321cd77bd4b5e1fd9bc4b,e48a9d3264ee55a77242fcad8ba1cfea206c207aaa359a33a10b3ff2b8525918,none,0,5916,0.17630155510480053,0,0,0,0,0,,,,1799,32.83864607424831,19.33613979576312,0.5919973184997818,2483.6874861205424,770.9651768575463,789.4561968763346,347,1452,0.19288493607559756,63.234476976738925,41.496936279860925,19.506404963839433,14.040136779246634,main_grouped_repeated5fold,main,Air Quality NO2,1,5,42,50510502,100,6d5359806eb96d73ab7e2fc9a681b33d726796dbd5b61a5d5fab79e3373136d9,98d361441f2a37910acd481a1a9183e6d4525afc835141fddb56273e99851900,0,0,1478,0.331197,main_grouped_repeated5fold|main|air_quality_no2|r1|f5|rf
air_quality_no2,smote_r_rf,5916,1799,8,44c4970ca400c0769b7efdf3f7ab6bb2f69b0d9872fed5df9f9666bb6a4f3d62,a7a78c26ae80112dfb452096d882ed568d1591aa5cb321cd77bd4b5e1fd9bc4b,e48a9d3264ee55a77242fcad8ba1cfea206c207aaa359a33a10b3ff2b8525918,smote_r,3830,9746,0.5,0,0,0,0,0,,,,1799,33.616781883288056,19.6860502500385,0.5724323842807197,2548.8724763752666,791.1989035917226,820.8277766803222,347,1452,0.19288493607559756,63.83870913258204,40.28555558444947,20.64509266002445,14.763165710754349,main_grouped_repeated5fold,main,Air Quality NO2,1,5,42,50510503,100,6d5359806eb96d73ab7e2fc9a681b33d726796dbd5b61a5d5fab79e3373136d9,98d361441f2a37910acd481a1a9183e6d4525afc835141fddb56273e99851900,0,0,1478,1.349075,main_grouped_repeated5fold|main|air_quality_no2|r1|f5|smote_r_rf
air_quality_no2,smogn_rf,5916,1799,8,44c4970ca400c0769b7efdf3f7ab6bb2f69b0d9872fed5df9f9666bb6a4f3d62,a7a78c26ae80112dfb452096d882ed568d1591aa5cb321cd77bd4b5e1fd9bc4b,e48a9d3264ee55a77242fcad8ba1cfea206c207aaa359a33a10b3ff2b8525918,smogn,3830,9746,0.5,0,0,0,0,0,,,,1799,32.884146158295295,19.462695758856434,0.5908659066150292,2447.930217383738,759.8519157859364,786.2325768278043,347,1452,0.19288493607559756,62.52745067900268,39.86778247701385,20.13589628809232,14.586273519737547,main_grouped_repeated5fold,main,Air Quality NO2,1,5,42,50510504,100,6d5359806eb96d73ab7e2fc9a681b33d726796dbd5b61a5d5fab79e3373136d9,98d361441f2a37910acd481a1a9183e6d4525afc835141fddb56273e99851900,0,0,1478,1.342549,main_grouped_repeated5fold|main|air_quality_no2|r1|f5|smogn_rf
air_quality_no2,relevance_weighted_rf,5916,1799,8,44c4970ca400c0769b7efdf3f7ab6bb2f69b0d9872fed5df9f9666bb6a4f3d62,a7a78c26ae80112dfb452096d882ed568d1591aa5cb321cd77bd4b5e1fd9bc4b,e48a9d3264ee55a77242fcad8ba1cfea206c207aaa359a33a10b3ff2b8525918,none,0,5916,0.17630155510480053,0,0,0,0,0,0.16812266589568017,1.0000000000000002,3.3624533179136034,1799,33.111171528318124,19.501361740965507,0.5851972513386743,2525.36248756325,783.9087492063295,801.4922480992511,347,1452,0.19288493607559756,63.86766696171639,42.26289784368823,19.584047554518875,14.061793540108214,main_grouped_repeated5fold,main,Air Quality NO2,1,5,42,50510505,100,6d5359806eb96d73ab7e2fc9a681b33d726796dbd5b61a5d5fab79e3373136d9,98d361441f2a37910acd481a1a9183e6d4525afc835141fddb56273e99851900,0,0,1478,0.322271,main_grouped_repeated5fold|main|air_quality_no2|r1|f5|relevance_weighted_rf
air_quality_no2,ekk,6236,1479,8,3528476da5819b94afdaecbea7bc4aacaa98a83ce6984e77cc9b420edd6a1efd,b3e8b734eb0a6256fa53594d954b263fa8e4f08893d001c75deece85fbd84c43,8e4ae1e8ad5b2b9d8f7abc2883d181646b0a275241413d28b1fc35335c1c0810,none,0,6236,0.17222578576010264,0,0,0,0,0,,,,1479,23.96021610672351,17.834050811099015,0.7543133460369876,941.5829642086976,276.06871344073767,310.9101683489331,268,1211,0.18120351588911426,37.262486519261316,27.673986363668938,19.845936443701753,15.65642675817685,main_grouped_repeated5fold,main,Air Quality NO2,2,1,43,50520101,100,83a9e46d704d4b5d8db8d7f2ecafd00e9945daeec68205646002336485a764f3,b6e920be787a3fd25207ac9c56dd90a52f74a41d5148023564cb5cdae8c3da08,0,0,1479,0.028419,main_grouped_repeated5fold|main|air_quality_no2|r2|f1|ekk
air_quality_no2,rf,6236,1479,8,3528476da5819b94afdaecbea7bc4aacaa98a83ce6984e77cc9b420edd6a1efd,b3e8b734eb0a6256fa53594d954b263fa8e4f08893d001c75deece85fbd84c43,8e4ae1e8ad5b2b9d8f7abc2883d181646b0a275241413d28b1fc35335c1c0810,none,0,6236,0.17222578576010264,0,0,0,0,0,,,,1479,17.952258326431068,12.732287947805247,0.8620764960294817,537.6475378466761,157.6013890749017,174.93085550140827,268,1211,0.18120351588911426,28.489934043432836,20.796526398229236,14.628009335362135,10.947634021534704,main_grouped_repeated5fold,main,Air Quality NO2,2,1,43,50520102,100,83a9e46d704d4b5d8db8d7f2ecafd00e9945daeec68205646002336485a764f3,b6e920be787a3fd25207ac9c56dd90a52f74a41d5148023564cb5cdae8c3da08,0,0,1479,0.346767,main_grouped_repeated5fold|main|air_quality_no2|r2|f1|rf
air_quality_no2,smote_r_rf,6236,1479,8,3528476da5819b94afdaecbea7bc4aacaa98a83ce6984e77cc9b420edd6a1efd,b3e8b734eb0a6256fa53594d954b263fa8e4f08893d001c75deece85fbd84c43,8e4ae1e8ad5b2b9d8f7abc2883d181646b0a275241413d28b1fc35335c1c0810,smote_r,4088,10324,0.5,0,0,0,0,0,,,,1479,17.441682870743428,12.626329462361399,0.8698102252596042,440.34361056714636,129.0815140675027,154.64294898035863,268,1211,0.18120351588911426,24.29426400399728,17.214437616230594,15.521578041178234,11.610959532355666,main_grouped_repeated5fold,main,Air Quality NO2,2,1,43,50520103,100,83a9e46d704d4b5d8db8d7f2ecafd00e9945daeec68205646002336485a764f3,b6e920be787a3fd25207ac9c56dd90a52f74a41d5148023564cb5cdae8c3da08,0,0,1479,1.529304,main_grouped_repeated5fold|main|air_quality_no2|r2|f1|smote_r_rf
air_quality_no2,smogn_rf,6236,1479,8,3528476da5819b94afdaecbea7bc4aacaa98a83ce6984e77cc9b420edd6a1efd,b3e8b734eb0a6256fa53594d954b263fa8e4f08893d001c75deece85fbd84c43,8e4ae1e8ad5b2b9d8f7abc2883d181646b0a275241413d28b1fc35335c1c0810,smogn,4088,10324,0.5,0,0,0,0,0,,,,1479,17.651569371251792,12.638922259734027,0.8666580654419362,466.762508973588,136.83737668602913,161.68351388307966,268,1211,0.18120351588911426,25.503161911743092,18.050845336336174,15.381563070202697,11.441238209751058,main_grouped_repeated5fold,main,Air Quality NO2,2,1,43,50520104,100,83a9e46d704d4b5d8db8d7f2ecafd00e9945daeec68205646002336485a764f3,b6e920be787a3fd25207ac9c56dd90a52f74a41d5148023564cb5cdae8c3da08,0,0,1479,1.49937,main_grouped_repeated5fold|main|air_quality_no2|r2|f1|smogn_rf
air_quality_no2,relevance_weighted_rf,6236,1479,8,3528476da5819b94afdaecbea7bc4aacaa98a83ce6984e77cc9b420edd6a1efd,b3e8b734eb0a6256fa53594d954b263fa8e4f08893d001c75deece85fbd84c43,8e4ae1e8ad5b2b9d8f7abc2883d181646b0a275241413d28b1fc35335c1c0810,none,0,6236,0.17222578576010264,0,0,0,0,0,0.16837732394236948,1.0,3.3675464788473897,1479,17.948562067335793,12.752322094188424,0.8621332853775732,540.2993941423604,158.40005977235816,174.10534780342638,268,1211,0.18120351588911426,28.641603466952844,20.876948452723568,14.556749722488979,10.954304039615826,main_grouped_repeated5fold,main,Air Quality NO2,2,1,43,50520105,100,83a9e46d704d4b5d8db8d7f2ecafd00e9945daeec68205646002336485a764f3,b6e920be787a3fd25207ac9c56dd90a52f74a41d5148023564cb5cdae8c3da08,0,0,1479,0.333636,main_grouped_repeated5fold|main|air_quality_no2|r2|f1|relevance_weighted_rf
air_quality_no2,ekk,6236,1479,8,2d86cb77bb5723a586a013c546b73360f4a281c6384b86f30f30063fef2a4f49,e17e8f06ee819293e96310aab4edb2ee9e73adf9fc81b2471fdf1ba4b77eff33,beb8d3fc6244025b76544d51725af1fb336eb0393e3e1c12cdb85447b48847a0,none,0,6236,0.17447081462475947,0,0,0,0,0,,,,1479,23.152483018318247,17.704576265904333,0.76282344292951,808.0582560729255,235.4567771201387,272.8537726622068,254,1225,0.17173766058147397,35.292103229973215,27.709887337312452,19.72120272446325,15.630005643751137,main_grouped_repeated5fold,main,Air Quality NO2,2,2,43,50520201,100,edea1d4b548f8c32858b260d21f46cd23e8e8ff9c6f9fac98a3d777d978bd6e3,d5f50220d1b1385b0831ffd2eb1797c9ca3122f6fcb57778a54507ae2c62641f,0,0,1479,0.027705,main_grouped_repeated5fold|main|air_quality_no2|r2|f2|ekk
air_quality_no2,rf,6236,1479,8,2d86cb77bb5723a586a013c546b73360f4a281c6384b86f30f30063fef2a4f49,e17e8f06ee819293e96310aab4edb2ee9e73adf9fc81b2471fdf1ba4b77eff33,beb8d3fc6244025b76544d51725af1fb336eb0393e3e1c12cdb85447b48847a0,none,0,6236,0.17447081462475947,0,0,0,0,0,,,,1479,17.47461480237484,12.742328299898611,0.8648886497225843,439.77797932912716,128.1998978126155,157.62827003356188,254,1225,0.17173766058147397,25.870207439835678,19.08350870120296,15.162700194288403,11.42750395546489,main_grouped_repeated5fold,main,Air Quality NO2,2,2,43,50520202,100,edea1d4b548f8c32858b260d21f46cd23e8e8ff9c6f9fac98a3d777d978bd6e3,d5f50220d1b1385b0831ffd2eb1797c9ca3122f6fcb57778a54507ae2c62641f,0,0,1479,0.341599,main_grouped_repeated5fold|main|air_quality_no2|r2|f2|rf
air_quality_no2,smote_r_rf,6236,1479,8,2d86cb77bb5723a586a013c546b73360f4a281c6384b86f30f30063fef2a4f49,e17e8f06ee819293e96310aab4edb2ee9e73adf9fc81b2471fdf1ba4b77eff33,beb8d3fc6244025b76544d51725af1fb336eb0393e3e1c12cdb85447b48847a0,smote_r,4060,10296,0.5,0,0,0,0,0,,,,1479,18.054914798157466,13.037251070502187,0.8557660496371933,412.63362861901635,120.29401539045865,168.1767448327978,254,1225,0.17173766058147397,23.488225769966117,16.558241173685218,16.70862832662865,12.307184551148316,main_grouped_repeated5fold,main,Air Quality NO2,2,2,43,50520203,100,edea1d4b548f8c32858b260d21f46cd23e8e8ff9c6f9fac98a3d777d978bd6e3,d5f50220d1b1385b0831ffd2eb1797c9ca3122f6fcb57778a54507ae2c62641f,0,0,1479,1.41711,main_grouped_repeated5fold|main|air_quality_no2|r2|f2|smote_r_rf
air_quality_no2,smogn_rf,6236,1479,8,2d86cb77bb5723a586a013c546b73360f4a281c6384b86f30f30063fef2a4f49,e17e8f06ee819293e96310aab4edb2ee9e73adf9fc81b2471fdf1ba4b77eff33,beb8d3fc6244025b76544d51725af1fb336eb0393e3e1c12cdb85447b48847a0,smogn,4060,10296,0.5,0,0,0,0,0,,,,1479,17.830226146238285,12.911646404318637,0.8593336188437991,409.2907635295067,119.31521844999087,163.71192784059414,254,1225,0.17173766058147397,23.718633516591748,16.810649389534948,16.345891379390704,12.103200071057458,main_grouped_repeated5fold,main,Air Quality NO2,2,2,43,50520204,100,edea1d4b548f8c32858b260d21f46cd23e8e8ff9c6f9fac98a3d777d978bd6e3,d5f50220d1b1385b0831ffd2eb1797c9ca3122f6fcb57778a54507ae2c62641f,0,0,1479,1.387765,main_grouped_repeated5fold|main|air_quality_no2|r2|f2|smogn_rf
air_quality_no2,relevance_weighted_rf,6236,1479,8,2d86cb77bb5723a586a013c546b73360f4a281c6384b86f30f30063fef2a4f49,e17e8f06ee819293e96310aab4edb2ee9e73adf9fc81b2471fdf1ba4b77eff33,beb8d3fc6244025b76544d51725af1fb336eb0393e3e1c12cdb85447b48847a0,none,0,6236,0.17447081462475947,0,0,0,0,0,0.16809606518393286,1.0,3.361921303678657,1479,17.60146739068098,12.921421379991274,0.8629199158031303,446.71886845831193,130.23962476018315,158.46263655966953,254,1225,0.17173766058147397,26.105961472776997,19.474020617536805,15.255779653257088,11.562759987063469,main_grouped_repeated5fold,main,Air Quality NO2,2,2,43,50520205,100,edea1d4b548f8c32858b260d21f46cd23e8e8ff9c6f9fac98a3d777d978bd6e3,d5f50220d1b1385b0831ffd2eb1797c9ca3122f6fcb57778a54507ae2c62641f,0,0,1479,0.323649,main_grouped_repeated5fold|main|air_quality_no2|r2|f2|relevance_weighted_rf
air_quality_no2,ekk,5915,1800,8,23c6188925678ba23c9cc22c24c89a1df4f7f4c5447b1779df9cd6e5dcdedb5c,b5200dc1c94299cf87861e32002adea503d5d7e3d2f603521349ac2301fcb056,53c31f4b60089821e395ff6deb3d6498364ef7ce9c2e2905a773f0723a91e388,none,0,5915,0.17700760777683855,0,0,0,0,0,,,,1800,34.09106857876998,22.294514471440465,0.5525677023733224,2510.606992372633,779.1662674108305,813.6779988145133,343,1457,0.19055555555555556,63.25726874968284,44.49068041654699,22.221406932663296,17.069198809689237,main_grouped_repeated5fold,main,Air Quality NO2,2,3,43,50520301,100,5e4ad296b35025f46673d06dc5c6fb6bc8405dac8ae1825050c2189078bef4e4,0d313dd79f061fca610abe2a63b014bdc2f4a8de46c0574453b62f71e74aeaa6,0,0,1479,0.030365,main_grouped_repeated5fold|main|air_quality_no2|r2|f3|ekk
air_quality_no2,rf,5915,1800,8,23c6188925678ba23c9cc22c24c89a1df4f7f4c5447b1779df9cd6e5dcdedb5c,b5200dc1c94299cf87861e32002adea503d5d7e3d2f603521349ac2301fcb056,53c31f4b60089821e395ff6deb3d6498364ef7ce9c2e2905a773f0723a91e388,none,0,5915,0.17700760777683855,0,0,0,0,0,,,,1800,32.0023829091178,18.96014987500359,0.6057145635575343,2351.871157446044,729.8295138095634,747.2191376567191,343,1457,0.19055555555555556,61.74257315107815,40.588491515329615,19.178543224749475,13.8685087064162,main_grouped_repeated5fold,main,Air Quality NO2,2,3,43,50520302,100,5e4ad296b35025f46673d06dc5c6fb6bc8405dac8ae1825050c2189078bef4e4,0d313dd79f061fca610abe2a63b014bdc2f4a8de46c0574453b62f71e74aeaa6,0,0,1479,0.339557,main_grouped_repeated5fold|main|air_quality_no2|r2|f3|rf
air_quality_no2,smote_r_rf,5915,1800,8,23c6188925678ba23c9cc22c24c89a1df4f7f4c5447b1779df9cd6e5dcdedb5c,b5200dc1c94299cf87861e32002adea503d5d7e3d2f603521349ac2301fcb056,53c31f4b60089821e395ff6deb3d6498364ef7ce9c2e2905a773f0723a91e388,smote_r,3821,9736,0.5,0,0,0,0,0,,,,1800,32.399152655540796,19.041758674886932,0.5958771512487291,2378.2111076034394,738.0117782579003,763.7555101786024,343,1457,0.19055555555555556,61.90578328083735,39.065068457610856,19.86539031043794,14.327966461109096,main_grouped_repeated5fold,main,Air Quality NO2,2,3,43,50520303,100,5e4ad296b35025f46673d06dc5c6fb6bc8405dac8ae1825050c2189078bef4e4,0d313dd79f061fca610abe2a63b014bdc2f4a8de46c0574453b62f71e74aeaa6,0,0,1479,1.339222,main_grouped_repeated5fold|main|air_quality_no2|r2|f3|smote_r_rf
air_quality_no2,smogn_rf,5915,1800,8,23c6188925678ba23c9cc22c24c89a1df4f7f4c5447b1779df9cd6e5dcdedb5c,b5200dc1c94299cf87861e32002adea503d5d7e3d2f603521349ac2301fcb056,53c31f4b60089821e395ff6deb3d6498364ef7ce9c2e2905a773f0723a91e388,smogn,3821,9736,0.5,0,0,0,0,0,,,,1800,32.688707181109194,19.14048963288197,0.5886214991546885,2427.2255444762163,753.2222794557839,778.5594344962631,343,1457,0.19055555555555556,62.5952610194015,39.558830487990946,19.94263668089215,14.33370108566002,main_grouped_repeated5fold,main,Air Quality NO2,2,3,43,50520304,100,5e4ad296b35025f46673d06dc5c6fb6bc8405dac8ae1825050c2189078bef4e4,0d313dd79f061fca610abe2a63b014bdc2f4a8de46c0574453b62f71e74aeaa6,0,0,1479,1.328584,main_grouped_repeated5fold|main|air_quality_no2|r2|f3|smogn_rf
air_quality_no2,relevance_weighted_rf,5915,1800,8,23c6188925678ba23c9cc22c24c89a1df4f7f4c5447b1779df9cd6e5dcdedb5c,b5200dc1c94299cf87861e32002adea503d5d7e3d2f603521349ac2301fcb056,53c31f4b60089821e395ff6deb3d6498364ef7ce9c2e2905a773f0723a91e388,none,0,5915,0.17700760777683855,0,0,0,0,0,0.16797370141164303,1.0,3.35947402823286,1800,33.38740224538649,19.487790164886185,0.5708477829862901,2573.014201177398,798.4490151026758,816.2841412746005,343,1457,0.19055555555555556,64.80377015416705,42.46733414345057,19.71058986150078,14.078055377894021,main_grouped_repeated5fold,main,Air Quality NO2,2,3,43,50520305,100,5e4ad296b35025f46673d06dc5c6fb6bc8405dac8ae1825050c2189078bef4e4,0d313dd79f061fca610abe2a63b014bdc2f4a8de46c0574453b62f71e74aeaa6,0,0,1479,0.37251,main_grouped_repeated5fold|main|air_quality_no2|r2|f3|relevance_weighted_rf
air_quality_no2,ekk,6236,1479,8,92009d103f0a9718998d1f68b603b81913ad2a787aff8846d5d8d1351f4f210b,5d73eaf344ddc2de6d61bd992dde3064053f176189d1cf31a08886c395dbcdcb,96d20610fc137df39d5491130a3ab94260112425154a86354f5ba99d838e1f02,none,0,6236,0.17431045542014112,0,0,0,0,0,,,,1479,23.826611717473664,17.99891883642975,0.7510901520854503,868.4369625716987,252.4470147767238,292.3830836541957,255,1224,0.1724137931034483,35.333714302543655,26.201034105738426,20.63689911305057,16.29014482199044,main_grouped_repeated5fold,main,Air Quality NO2,2,4,43,50520401,100,001fc6ad1c205bd1428b9a65d21bbfab0b3a9a01acb9c4242e238fe7c1283240,177f45b916d0162a239971e507f13be771f413873e2272c2cc476221c9c65211,0,0,1479,0.034673,main_grouped_repeated5fold|main|air_quality_no2|r2|f4|ekk
air_quality_no2,rf,6236,1479,8,92009d103f0a9718998d1f68b603b81913ad2a787aff8846d5d8d1351f4f210b,5d73eaf344ddc2de6d61bd992dde3064053f176189d1cf31a08886c395dbcdcb,96d20610fc137df39d5491130a3ab94260112425154a86354f5ba99d838e1f02,none,0,6236,0.17431045542014112,0,0,0,0,0,,,,1479,17.655147093462645,12.848998074568033,0.8633340939818344,466.0558861754452,135.49923443799648,159.8227142569729,255,1224,0.1724137931034483,25.27121786640508,18.21315095668081,15.607490303277615,11.731466224127871,main_grouped_repeated5fold,main,Air Quality NO2,2,4,43,50520402,100,001fc6ad1c205bd1428b9a65d21bbfab0b3a9a01acb9c4242e238fe7c1283240,177f45b916d0162a239971e507f13be771f413873e2272c2cc476221c9c65211,0,0,1479,0.366084,main_grouped_repeated5fold|main|air_quality_no2|r2|f4|rf
air_quality_no2,smote_r_rf,6236,1479,8,92009d103f0a9718998d1f68b603b81913ad2a787aff8846d5d8d1351f4f210b,5d73eaf344ddc2de6d61bd992dde3064053f176189d1cf31a08886c395dbcdcb,96d20610fc137df39d5491130a3ab94260112425154a86354f5ba99d838e1f02,smote_r,4062,10298,0.5,0,0,0,0,0,,,,1479,17.675160993699347,12.990695306811514,0.8630240690222295,392.7031955168889,114.18847415867727,151.61851953332263,255,1224,0.1724137931034483,21.35205036038427,14.607635331690236,16.808204712134643,12.653832801628448,main_grouped_repeated5fold,main,Air Quality NO2,2,4,43,50520403,100,001fc6ad1c205bd1428b9a65d21bbfab0b3a9a01acb9c4242e238fe7c1283240,177f45b916d0162a239971e507f13be771f413873e2272c2cc476221c9c65211,0,0,1479,1.431356,main_grouped_repeated5fold|main|air_quality_no2|r2|f4|smote_r_rf
air_quality_no2,smogn_rf,6236,1479,8,92009d103f0a9718998d1f68b603b81913ad2a787aff8846d5d8d1351f4f210b,5d73eaf344ddc2de6d61bd992dde3064053f176189d1cf31a08886c395dbcdcb,96d20610fc137df39d5491130a3ab94260112425154a86354f5ba99d838e1f02,smogn,4062,10298,0.5,0,0,0,0,0,,,,1479,17.52453359861642,12.89271374353429,0.8653487339598956,395.3014833863154,114.94869225415052,149.4206768126683,255,1224,0.1724137931034483,21.801203142921494,15.401900351377348,16.494578358291175,12.369966533566988,main_grouped_repeated5fold,main,Air Quality NO2,2,4,43,50520404,100,001fc6ad1c205bd1428b9a65d21bbfab0b3a9a01acb9c4242e238fe7c1283240,177f45b916d0162a239971e507f13be771f413873e2272c2cc476221c9c65211,0,0,1479,1.396541,main_grouped_repeated5fold|main|air_quality_no2|r2|f4|smogn_rf
air_quality_no2,relevance_weighted_rf,6236,1479,8,92009d103f0a9718998d1f68b603b81913ad2a787aff8846d5d8d1351f4f210b,5d73eaf344ddc2de6d61bd992dde3064053f176189d1cf31a08886c395dbcdcb,96d20610fc137df39d5491130a3ab94260112425154a86354f5ba99d838e1f02,none,0,6236,0.17431045542014112,0,0,0,0,0,0.16801890640677913,1.0,3.3603781281355825,1479,17.63487468390896,12.837334390587758,0.8636477652950915,463.94630619664633,134.8758756133489,158.96887681685632,255,1224,0.1724137931034483,25.12333691106248,18.263800518100677,15.629519427278533,11.706820614022567,main_grouped_repeated5fold,main,Air Quality NO2,2,4,43,50520405,100,001fc6ad1c205bd1428b9a65d21bbfab0b3a9a01acb9c4242e238fe7c1283240,177f45b916d0162a239971e507f13be771f413873e2272c2cc476221c9c65211,0,0,1479,0.357257,main_grouped_repeated5fold|main|air_quality_no2|r2|f4|relevance_weighted_rf
air_quality_no2,ekk,6237,1478,8,0d18cb7746b13c9e18e4a3711b712788904c622cda53789ca35dadd0da545512,adc0e3011c969b777c95dc5e15c20fb4d9834e2faeeabbd9cee7f3997976ee0a,f09113bccb77530a9ff1a2cb8ab8ef238d0fc2581ee81dac1716594e028db5b3,none,0,6237,0.17716851050184385,0,0,0,0,0,,,,1478,22.848716604214452,17.417553425922794,0.7564485981988224,738.22205505069,211.949603518142,246.63151353436473,237,1241,0.16035182679296348,33.04681003996289,24.87067665771585,20.32738987745932,15.994193066587615,main_grouped_repeated5fold,main,Air Quality NO2,2,5,43,50520501,100,d497cec956ffa7a88cb0c9f456a69c4bf9c8e55bf29a363b01ef1d9a0911966e,6bff5e2532ced2375568fb9d9ed4b2c1f12dfa4b809e7c7c2714d61d678d4e40,0,0,1478,0.028573,main_grouped_repeated5fold|main|air_quality_no2|r2|f5|ekk
air_quality_no2,rf,6237,1478,8,0d18cb7746b13c9e18e4a3711b712788904c622cda53789ca35dadd0da545512,adc0e3011c969b777c95dc5e15c20fb4d9834e2faeeabbd9cee7f3997976ee0a,f09113bccb77530a9ff1a2cb8ab8ef238d0fc2581ee81dac1716594e028db5b3,none,0,6237,0.17716851050184385,0,0,0,0,0,,,,1478,17.364772892314765,12.682492613539274,0.8593287888046439,397.0709655377906,114.04594023070516,138.7349772945313,237,1241,0.16035182679296348,24.053221793185216,17.521308353855684,15.768038198766147,11.75839968005419,main_grouped_repeated5fold,main,Air Quality NO2,2,5,43,50520502,100,d497cec956ffa7a88cb0c9f456a69c4bf9c8e55bf29a363b01ef1d9a0911966e,6bff5e2532ced2375568fb9d9ed4b2c1f12dfa4b809e7c7c2714d61d678d4e40,0,0,1478,0.330186,main_grouped_repeated5fold|main|air_quality_no2|r2|f5|rf
air_quality_no2,smote_r_rf,6237,1478,8,0d18cb7746b13c9e18e4a3711b712788904c622cda53789ca35dadd0da545512,adc0e3011c969b777c95dc5e15c20fb4d9834e2faeeabbd9cee7f3997976ee0a,f09113bccb77530a9ff1a2cb8ab8ef238d0fc2581ee81dac1716594e028db5b3,smote_r,4027,10264,0.5,0,0,0,0,0,,,,1478,17.67059779567227,12.800676620410613,0.8543302096305841,358.22673514396854,102.87735645054347,141.95757436511587,237,1241,0.16035182679296348,20.950315406373306,14.327219814248114,16.972331717105664,12.509145003215215,main_grouped_repeated5fold,main,Air Quality NO2,2,5,43,50520503,100,d497cec956ffa7a88cb0c9f456a69c4bf9c8e55bf29a363b01ef1d9a0911966e,6bff5e2532ced2375568fb9d9ed4b2c1f12dfa4b809e7c7c2714d61d678d4e40,0,0,1478,1.413523,main_grouped_repeated5fold|main|air_quality_no2|r2|f5|smote_r_rf
air_quality_no2,smogn_rf,6237,1478,8,0d18cb7746b13c9e18e4a3711b712788904c622cda53789ca35dadd0da545512,adc0e3011c969b777c95dc5e15c20fb4d9834e2faeeabbd9cee7f3997976ee0a,f09113bccb77530a9ff1a2cb8ab8ef238d0fc2581ee81dac1716594e028db5b3,smogn,4027,10264,0.5,0,0,0,0,0,,,,1478,17.605681420425864,12.682869732272861,0.8553985362377865,366.35518874025945,105.21783445593286,144.6971816708128,237,1241,0.16035182679296348,21.36346944267206,14.546191579625576,16.7926786093763,12.327021804937978,main_grouped_repeated5fold,main,Air Quality NO2,2,5,43,50520504,100,d497cec956ffa7a88cb0c9f456a69c4bf9c8e55bf29a363b01ef1d9a0911966e,6bff5e2532ced2375568fb9d9ed4b2c1f12dfa4b809e7c7c2714d61d678d4e40,0,0,1478,1.374184,main_grouped_repeated5fold|main|air_quality_no2|r2|f5|smogn_rf
air_quality_no2,relevance_weighted_rf,6237,1478,8,0d18cb7746b13c9e18e4a3711b712788904c622cda53789ca35dadd0da545512,adc0e3011c969b777c95dc5e15c20fb4d9834e2faeeabbd9cee7f3997976ee0a,f09113bccb77530a9ff1a2cb8ab8ef238d0fc2581ee81dac1716594e028db5b3,none,0,6237,0.17716851050184385,0,0,0,0,0,0.16752468974855844,1.0000000000000002,3.3504937949711686,1478,17.57661062949821,12.865973930479331,0.855875678613438,402.86289874932174,115.69229099102797,142.45155637346267,237,1241,0.16035182679296348,24.083566760029516,17.70047127252019,16.036444492808588,11.942705703191915,main_grouped_repeated5fold,main,Air Quality NO2,2,5,43,50520505,100,d497cec956ffa7a88cb0c9f456a69c4bf9c8e55bf29a363b01ef1d9a0911966e,6bff5e2532ced2375568fb9d9ed4b2c1f12dfa4b809e7c7c2714d61d678d4e40,0,0,1478,0.356859,main_grouped_repeated5fold|main|air_quality_no2|r2|f5|relevance_weighted_rf
servo,ekk,133,34,12,485aec6ef592e378bb9be5691757ebc6ce4e95fe1e77b9ebf4eb62a03c75b1b0,52db1b58daf2f8b188084c567507e981d1323c439815286989e43a6569767a9a,32c2e528eb5ed3f02f922f3ddf896492d871ae87c5e1edb65a32002e4ce2956f,none,0,133,0.21804511278195488,0,0,0,0,0,,,,34,1.0482489180211445,0.8860893052556827,0.5265317412518212,1.4805788269503817,0.5546330656242243,1.0106185819879492,9,25,0.2647058823529412,1.2973926626856294,1.1917038913702753,0.942571535954496,0.7760680542544293,main_grouped_repeated5fold,main,Servo,1,1,42,50610101,100,94e2c5046988bcbc8c28ba5d604c55000de93ae51037fb91add25c85a9506702,e7100243def2cc1dbaa5bcdb7cc6f75e803175cd21bbce3779a3a51dfe53aefb,0,0,34,0.025835,main_grouped_repeated5fold|main|servo|r1|f1|ekk
servo,rf,133,34,12,485aec6ef592e378bb9be5691757ebc6ce4e95fe1e77b9ebf4eb62a03c75b1b0,52db1b58daf2f8b188084c567507e981d1323c439815286989e43a6569767a9a,32c2e528eb5ed3f02f922f3ddf896492d871ae87c5e1edb65a32002e4ce2956f,none,0,133,0.21804511278195488,0,0,0,0,0,,,,34,0.5900005118826596,0.4208245770823528,0.8500084474395609,0.6698900406955867,0.2503570630077098,0.30161527800592425,9,25,0.2647058823529412,0.967010115436336,0.9063783380666663,0.3698347450705758,0.24602522312799993,main_grouped_repeated5fold,main,Servo,1,1,42,50610102,100,94e2c5046988bcbc8c28ba5d604c55000de93ae51037fb91add25c85a9506702,e7100243def2cc1dbaa5bcdb7cc6f75e803175cd21bbce3779a3a51dfe53aefb,0,0,34,0.161624,main_grouped_repeated5fold|main|servo|r1|f1|rf
servo,smote_r_rf,133,34,12,485aec6ef592e378bb9be5691757ebc6ce4e95fe1e77b9ebf4eb62a03c75b1b0,52db1b58daf2f8b188084c567507e981d1323c439815286989e43a6569767a9a,32c2e528eb5ed3f02f922f3ddf896492d871ae87c5e1edb65a32002e4ce2956f,smote_r,75,208,0.5,0,0,0,0,0,,,,34,0.5696430583993373,0.4157123892211519,0.8601805328739922,0.5908164523143863,0.22080790141441395,0.27583125582206114,9,25,0.2647058823529412,0.9241986654916842,0.8817322349837414,0.3658131061477833,0.2479452447466197,main_grouped_repeated5fold,main,Servo,1,1,42,50610103,100,94e2c5046988bcbc8c28ba5d604c55000de93ae51037fb91add25c85a9506702,e7100243def2cc1dbaa5bcdb7cc6f75e803175cd21bbce3779a3a51dfe53aefb,0,0,34,0.182966,main_grouped_repeated5fold|main|servo|r1|f1|smote_r_rf
servo,smogn_rf,133,34,12,485aec6ef592e378bb9be5691757ebc6ce4e95fe1e77b9ebf4eb62a03c75b1b0,52db1b58daf2f8b188084c567507e981d1323c439815286989e43a6569767a9a,32c2e528eb5ed3f02f922f3ddf896492d871ae87c5e1edb65a32002e4ce2956f,smogn,75,208,0.5,0,0,0,0,0,,,,34,0.7141143233023806,0.49074824779540327,0.7802658734916533,0.8251465098570647,0.30837179780500845,0.4683792480220411,9,25,0.2647058823529412,1.1351667626257202,1.0370813951429616,0.47921531105003545,0.2940683147502822,main_grouped_repeated5fold,main,Servo,1,1,42,50610104,100,94e2c5046988bcbc8c28ba5d604c55000de93ae51037fb91add25c85a9506702,e7100243def2cc1dbaa5bcdb7cc6f75e803175cd21bbce3779a3a51dfe53aefb,0,0,34,0.179469,main_grouped_repeated5fold|main|servo|r1|f1|smogn_rf
servo,relevance_weighted_rf,133,34,12,485aec6ef592e378bb9be5691757ebc6ce4e95fe1e77b9ebf4eb62a03c75b1b0,52db1b58daf2f8b188084c567507e981d1323c439815286989e43a6569767a9a,32c2e528eb5ed3f02f922f3ddf896492d871ae87c5e1edb65a32002e4ce2956f,none,0,133,0.21804511278195488,0,0,0,0,0,0.1372822575586653,1.0,2.7456451511733055,34,0.6700380331959898,0.4593785373529411,0.8065534744116536,0.8386207422126554,0.31343915000041533,0.40876276622730046,9,25,0.2647058823529412,1.0913860605018777,0.9933736002000002,0.4263435724422657,0.26714031472799976,main_grouped_repeated5fold,main,Servo,1,1,42,50610105,100,94e2c5046988bcbc8c28ba5d604c55000de93ae51037fb91add25c85a9506702,e7100243def2cc1dbaa5bcdb7cc6f75e803175cd21bbce3779a3a51dfe53aefb,0,0,34,0.158607,main_grouped_repeated5fold|main|servo|r1|f1|relevance_weighted_rf
servo,ekk,133,34,12,86168c130f828657f212285eec68afc6dfc543d333ee09505602656968c8c341,97bb185a66f6959a8dddd817c1ebb5e0cacc416bea3be93c9be0d855dab03afc,01d7ce0723b2c373439aa12e1dea986bf64b50700d3b371c51fa0b5a15bf2667,none,0,133,0.20300751879699247,0,0,0,0,0,,,,34,1.0434021164867948,0.9137531997212922,0.5200212155879957,1.747805960996842,0.5982232235620881,0.9099051544152825,7,27,0.20588235294117646,1.5454677086033266,1.5317499273945006,0.8670105757627622,0.7535318258800899,main_grouped_repeated5fold,main,Servo,1,2,42,50610201,100,6fdac1c645ae33ec6146cca0af63e81c140f7ab8c508df69484239d2c9094a8f,6ef4d8bee91cb780df10d54a6fbf427e24dcd6247bd36aa7ad8a50e9bfc278b7,0,0,34,0.025333,main_grouped_repeated5fold|main|servo|r1|f2|ekk
servo,rf,133,34,12,86168c130f828657f212285eec68afc6dfc543d333ee09505602656968c8c341,97bb185a66f6959a8dddd817c1ebb5e0cacc416bea3be93c9be0d855dab03afc,01d7ce0723b2c373439aa12e1dea986bf64b50700d3b371c51fa0b5a15bf2667,none,0,133,0.20300751879699247,0,0,0,0,0,,,,34,0.5946362266054169,0.46688747914117623,0.8441088924259589,0.4487689229293065,0.1534212849474495,0.2637920347297286,7,27,0.20588235294117646,0.7219332767720678,0.6433379562142848,0.5569035635293631,0.4211410591592592,main_grouped_repeated5fold,main,Servo,1,2,42,50610202,100,6fdac1c645ae33ec6146cca0af63e81c140f7ab8c508df69484239d2c9094a8f,6ef4d8bee91cb780df10d54a6fbf427e24dcd6247bd36aa7ad8a50e9bfc278b7,0,0,34,0.160378,main_grouped_repeated5fold|main|servo|r1|f2|rf
servo,smote_r_rf,133,34,12,86168c130f828657f212285eec68afc6dfc543d333ee09505602656968c8c341,97bb185a66f6959a8dddd817c1ebb5e0cacc416bea3be93c9be0d855dab03afc,01d7ce0723b2c373439aa12e1dea986bf64b50700d3b371c51fa0b5a15bf2667,smote_r,79,212,0.5,0,0,0,0,0,,,,34,0.6183674538808734,0.47468208463890915,0.8314177437444579,0.27360256933401406,0.093667015559127,0.24427080677150687,7,27,0.20588235294117646,0.3630882078361548,0.2789663079468801,0.6688306862633385,0.5254232119294352,main_grouped_repeated5fold,main,Servo,1,2,42,50610203,100,6fdac1c645ae33ec6146cca0af63e81c140f7ab8c508df69484239d2c9094a8f,6ef4d8bee91cb780df10d54a6fbf427e24dcd6247bd36aa7ad8a50e9bfc278b7,0,0,34,0.168504,main_grouped_repeated5fold|main|servo|r1|f2|smote_r_rf
servo,smogn_rf,133,34,12,86168c130f828657f212285eec68afc6dfc543d333ee09505602656968c8c341,97bb185a66f6959a8dddd817c1ebb5e0cacc416bea3be93c9be0d855dab03afc,01d7ce0723b2c373439aa12e1dea986bf64b50700d3b371c51fa0b5a15bf2667,smogn,79,212,0.5,0,0,0,0,0,,,,34,0.675696026170839,0.5081469163425402,0.7987103964674609,0.4847454230736438,0.16564372318248072,0.34513941298762385,7,27,0.20588235294117646,0.613929548097798,0.5171551808502473,0.6908086416289992,0.5058114403590606,main_grouped_repeated5fold,main,Servo,1,2,42,50610204,100,6fdac1c645ae33ec6146cca0af63e81c140f7ab8c508df69484239d2c9094a8f,6ef4d8bee91cb780df10d54a6fbf427e24dcd6247bd36aa7ad8a50e9bfc278b7,0,0,34,0.17918,main_grouped_repeated5fold|main|servo|r1|f2|smogn_rf
servo,relevance_weighted_rf,133,34,12,86168c130f828657f212285eec68afc6dfc543d333ee09505602656968c8c341,97bb185a66f6959a8dddd817c1ebb5e0cacc416bea3be93c9be0d855dab03afc,01d7ce0723b2c373439aa12e1dea986bf64b50700d3b371c51fa0b5a15bf2667,none,0,133,0.20300751879699247,0,0,0,0,0,0.14803958951405186,1.0,2.9607917902810366,34,0.6285300379436051,0.4883487795460783,0.82583106733191,0.4664885335596905,0.15958009052970334,0.2974401146247862,7,27,0.20588235294117646,0.7351712399696395,0.6505849282523803,0.5977848934240405,0.4462875558074073,main_grouped_repeated5fold,main,Servo,1,2,42,50610205,100,6fdac1c645ae33ec6146cca0af63e81c140f7ab8c508df69484239d2c9094a8f,6ef4d8bee91cb780df10d54a6fbf427e24dcd6247bd36aa7ad8a50e9bfc278b7,0,0,34,0.158354,main_grouped_repeated5fold|main|servo|r1|f2|relevance_weighted_rf
servo,ekk,134,33,12,691c4758a26764ad0d04d60f3751c2fcc1cc5610c4f944952801b4f103d23dbc,29dcc00b6772a8393a861e9478135de213272cbfe357a2575dec6c87e96c989d,57e188bfd328b4e32453cc3b4a3efa300b552b4d8cf5aa96b309b87facb2b43f,none,0,134,0.20149253731343283,0,0,0,0,0,,,,33,1.3195411380531854,1.035701753942412,0.4186853470927373,2.98320751014323,1.1100799428958972,1.6214472466753556,7,26,0.21212121212121213,2.1443996233138636,1.8116976655644084,0.9858632040424204,0.82677977773649,main_grouped_repeated5fold,main,Servo,1,3,42,50610301,100,053fcd571aa5e5c7ccc5606466d5fd7828ef3d29323dbc881856fc05b2960057,1795bc201917bd7110b8d3510f340ef31182b77b9fbf28d9090acb71a42057be,0,0,33,0.026496,main_grouped_repeated5fold|main|servo|r1|f3|ekk
servo,rf,134,33,12,691c4758a26764ad0d04d60f3751c2fcc1cc5610c4f944952801b4f103d23dbc,29dcc00b6772a8393a861e9478135de213272cbfe357a2575dec6c87e96c989d,57e188bfd328b4e32453cc3b4a3efa300b552b4d8cf5aa96b309b87facb2b43f,none,0,134,0.20149253731343283,0,0,0,0,0,,,,33,0.704212293480386,0.4575501136500001,0.8344334474021171,1.0758461612090895,0.4002421300674216,0.4350687470363216,7,26,0.21212121212121213,1.3076303546241603,1.0316056149500008,0.41118559730427556,0.3029967094538462,main_grouped_repeated5fold,main,Servo,1,3,42,50610302,100,053fcd571aa5e5c7ccc5606466d5fd7828ef3d29323dbc881856fc05b2960057,1795bc201917bd7110b8d3510f340ef31182b77b9fbf28d9090acb71a42057be,0,0,33,0.168028,main_grouped_repeated5fold|main|servo|r1|f3|rf
servo,smote_r_rf,134,33,12,691c4758a26764ad0d04d60f3751c2fcc1cc5610c4f944952801b4f103d23dbc,29dcc00b6772a8393a861e9478135de213272cbfe357a2575dec6c87e96c989d,57e188bfd328b4e32453cc3b4a3efa300b552b4d8cf5aa96b309b87facb2b43f,smote_r,80,214,0.5,0,0,0,0,0,,,,33,0.7053055296479164,0.46720825786316816,0.8339189893556141,0.9372030985467168,0.3483182045302555,0.4283535662629978,7,26,0.21212121212121213,1.1563684646703358,0.9189829037343643,0.5209358513743618,0.34557662243630777,main_grouped_repeated5fold,main,Servo,1,3,42,50610303,100,053fcd571aa5e5c7ccc5606466d5fd7828ef3d29323dbc881856fc05b2960057,1795bc201917bd7110b8d3510f340ef31182b77b9fbf28d9090acb71a42057be,0,0,33,0.168344,main_grouped_repeated5fold|main|servo|r1|f3|smote_r_rf
servo,smogn_rf,134,33,12,691c4758a26764ad0d04d60f3751c2fcc1cc5610c4f944952801b4f103d23dbc,29dcc00b6772a8393a861e9478135de213272cbfe357a2575dec6c87e96c989d,57e188bfd328b4e32453cc3b4a3efa300b552b4d8cf5aa96b309b87facb2b43f,smogn,80,214,0.5,0,0,0,0,0,,,,33,0.7519437388188936,0.45654350481004735,0.8112286436208842,1.090782275950405,0.4053265732886354,0.5089993040308136,7,26,0.21212121212121213,1.238610028554747,0.9589207684762743,0.5519112292633024,0.3212880876691401,main_grouped_repeated5fold,main,Servo,1,3,42,50610304,100,053fcd571aa5e5c7ccc5606466d5fd7828ef3d29323dbc881856fc05b2960057,1795bc201917bd7110b8d3510f340ef31182b77b9fbf28d9090acb71a42057be,0,0,33,0.176384,main_grouped_repeated5fold|main|servo|r1|f3|smogn_rf
servo,relevance_weighted_rf,134,33,12,691c4758a26764ad0d04d60f3751c2fcc1cc5610c4f944952801b4f103d23dbc,29dcc00b6772a8393a861e9478135de213272cbfe357a2575dec6c87e96c989d,57e188bfd328b4e32453cc3b4a3efa300b552b4d8cf5aa96b309b87facb2b43f,none,0,134,0.20149253731343283,0,0,0,0,0,0.14103167470983383,1.0,2.820633494196676,33,0.7686000056991248,0.4734331582893945,0.802773091105809,1.2837187601508697,0.47754905383683627,0.5300197355625047,7,26,0.21212121212121213,1.4240092581712387,1.0604664105642883,0.4514932658838937,0.3153857442153847,main_grouped_repeated5fold,main,Servo,1,3,42,50610305,100,053fcd571aa5e5c7ccc5606466d5fd7828ef3d29323dbc881856fc05b2960057,1795bc201917bd7110b8d3510f340ef31182b77b9fbf28d9090acb71a42057be,0,0,33,0.159666,main_grouped_repeated5fold|main|servo|r1|f3|relevance_weighted_rf
servo,ekk,134,33,12,c28103b4a2cebdb3c7f24d6204b2b33a7a4f66e9bb28f899b087483faef5e2b4,309d31fd233fe95dfc0e8c06a67259963f1e73e231584752b7959b8919bb3473,20df106e06c86b023f134cc6576dc5a092f00c960ca4cb60ac5866a3fc14ca91,none,0,134,0.20149253731343283,0,0,0,0,0,,,,33,1.1314157363928932,0.9097652850453445,0.5371434375568327,2.514663739461275,0.8709209206890219,1.1296131773186715,7,26,0.21212121212121213,1.9365995697781004,1.7201191183011442,0.7842298158738424,0.6915930991687829,main_grouped_repeated5fold,main,Servo,1,4,42,50610401,100,4751277013a68d99da0e14b9338e15b3a76f5b088841901173181f9bceded6ec,25c494af649c0ba11a26131f6f37ff4605e40d94791066d990694c99d4068776,0,0,33,0.025651,main_grouped_repeated5fold|main|servo|r1|f4|ekk
servo,rf,134,33,12,c28103b4a2cebdb3c7f24d6204b2b33a7a4f66e9bb28f899b087483faef5e2b4,309d31fd233fe95dfc0e8c06a67259963f1e73e231584752b7959b8919bb3473,20df106e06c86b023f134cc6576dc5a092f00c960ca4cb60ac5866a3fc14ca91,none,0,134,0.20149253731343283,0,0,0,0,0,,,,33,0.7052959402943799,0.39619673108181813,0.8201357861045252,1.2610875022647738,0.43673603780497133,0.45963626984736616,7,26,0.21212121212121213,1.4470099658083189,1.135528429457143,0.2600837959654735,0.19714588921153847,main_grouped_repeated5fold,main,Servo,1,4,42,50610402,100,4751277013a68d99da0e14b9338e15b3a76f5b088841901173181f9bceded6ec,25c494af649c0ba11a26131f6f37ff4605e40d94791066d990694c99d4068776,0,0,33,0.158522,main_grouped_repeated5fold|main|servo|r1|f4|rf
servo,smote_r_rf,134,33,12,c28103b4a2cebdb3c7f24d6204b2b33a7a4f66e9bb28f899b087483faef5e2b4,309d31fd233fe95dfc0e8c06a67259963f1e73e231584752b7959b8919bb3473,20df106e06c86b023f134cc6576dc5a092f00c960ca4cb60ac5866a3fc14ca91,smote_r,80,214,0.5,0,0,0,0,0,,,,33,0.6083526275003518,0.37652326045162915,0.8661825431204925,0.8642805277106063,0.29940906487443464,0.32765768787616073,7,26,0.21212121212121213,1.19618195973129,0.9952777338839403,0.2906959404238172,0.20993551760446852,main_grouped_repeated5fold,main,Servo,1,4,42,50610403,100,4751277013a68d99da0e14b9338e15b3a76f5b088841901173181f9bceded6ec,25c494af649c0ba11a26131f6f37ff4605e40d94791066d990694c99d4068776,0,0,33,0.176495,main_grouped_repeated5fold|main|servo|r1|f4|smote_r_rf
servo,smogn_rf,134,33,12,c28103b4a2cebdb3c7f24d6204b2b33a7a4f66e9bb28f899b087483faef5e2b4,309d31fd233fe95dfc0e8c06a67259963f1e73e231584752b7959b8919bb3473,20df106e06c86b023f134cc6576dc5a092f00c960ca4cb60ac5866a3fc14ca91,smogn,80,214,0.5,0,0,0,0,0,,,,33,0.6132554451758604,0.37633171884359323,0.8640169361882293,0.8175632115725272,0.2831990036888097,0.3311421287086776,7,26,0.21212121212121213,1.1657099009933645,0.9273022240499706,0.3338906397040281,0.2279935059034147,main_grouped_repeated5fold,main,Servo,1,4,42,50610404,100,4751277013a68d99da0e14b9338e15b3a76f5b088841901173181f9bceded6ec,25c494af649c0ba11a26131f6f37ff4605e40d94791066d990694c99d4068776,0,0,33,0.167388,main_grouped_repeated5fold|main|servo|r1|f4|smogn_rf
servo,relevance_weighted_rf,134,33,12,c28103b4a2cebdb3c7f24d6204b2b33a7a4f66e9bb28f899b087483faef5e2b4,309d31fd233fe95dfc0e8c06a67259963f1e73e231584752b7959b8919bb3473,20df106e06c86b023f134cc6576dc5a092f00c960ca4cb60ac5866a3fc14ca91,none,0,134,0.20149253731343283,0,0,0,0,0,0.14409756372577942,0.9999999999999998,2.8819512745155884,33,0.6650760435595867,0.40181010189090904,0.8400645984753807,1.080533881549717,0.3741359257975475,0.39867748164218947,7,26,0.21212121212121213,1.3275841895971128,1.0994819533285711,0.29478833862876913,0.21397537265769231,main_grouped_repeated5fold,main,Servo,1,4,42,50610405,100,4751277013a68d99da0e14b9338e15b3a76f5b088841901173181f9bceded6ec,25c494af649c0ba11a26131f6f37ff4605e40d94791066d990694c99d4068776,0,0,33,0.164824,main_grouped_repeated5fold|main|servo|r1|f4|relevance_weighted_rf
servo,ekk,134,33,12,c51352eee5d3f6fb175f72b13899426a3de57adc016984803fa9cf941732f3bc,5c1011bf9227dc969e79ec67b1cac65585629019be321c79d6a6e93c89931ecc,0ea04ed14c0e2db6424d6683ba0e15add75446e51ea52e1a62487aebbb5fca9c,none,0,134,0.208955223880597,0,0,0,0,0,,,,33,0.9185293992188728,0.7985404366277672,0.5072777098770591,0.9009152766960209,0.2784137437595646,0.7098024409600325,6,27,0.18181818181818182,0.9882414107234855,0.8504734112565077,0.9023067141613413,0.7869997755991583,main_grouped_repeated5fold,main,Servo,1,5,42,50610501,100,687b28f996a000d1593369efba5406b4b7f5237e33e1d9e055077382a9a4709f,ec5cfebf9f3735edd6f01ba6951710a985753ae9dc9028a32392f268e06c47af,0,0,33,0.025203,main_grouped_repeated5fold|main|servo|r1|f5|ekk
servo,rf,134,33,12,c51352eee5d3f6fb175f72b13899426a3de57adc016984803fa9cf941732f3bc,5c1011bf9227dc969e79ec67b1cac65585629019be321c79d6a6e93c89931ecc,0ea04ed14c0e2db6424d6683ba0e15add75446e51ea52e1a62487aebbb5fca9c,none,0,134,0.208955223880597,0,0,0,0,0,,,,33,0.38373870991901704,0.23601069652727308,0.9140022062884845,0.37883742286560507,0.11702130557098721,0.11814756075791877,6,27,0.18181818181818182,0.7738615609569679,0.49498643246666796,0.21656047175479054,0.17846053298518536,main_grouped_repeated5fold,main,Servo,1,5,42,50610502,100,687b28f996a000d1593369efba5406b4b7f5237e33e1d9e055077382a9a4709f,ec5cfebf9f3735edd6f01ba6951710a985753ae9dc9028a32392f268e06c47af,0,0,33,0.160326,main_grouped_repeated5fold|main|servo|r1|f5|rf
servo,smote_r_rf,134,33,12,c51352eee5d3f6fb175f72b13899426a3de57adc016984803fa9cf941732f3bc,5c1011bf9227dc969e79ec67b1cac65585629019be321c79d6a6e93c89931ecc,0ea04ed14c0e2db6424d6683ba0e15add75446e51ea52e1a62487aebbb5fca9c,smote_r,78,212,0.5,0,0,0,0,0,,,,33,0.37844831323264544,0.2484480944213833,0.916357070530472,0.34070970628018227,0.10527640859284676,0.10858917881021742,6,27,0.18181818181818182,0.7273678681173822,0.562405685632038,0.23975134167988127,0.17867974081901555,main_grouped_repeated5fold,main,Servo,1,5,42,50610503,100,687b28f996a000d1593369efba5406b4b7f5237e33e1d9e055077382a9a4709f,ec5cfebf9f3735edd6f01ba6951710a985753ae9dc9028a32392f268e06c47af,0,0,33,0.16707,main_grouped_repeated5fold|main|servo|r1|f5|smote_r_rf
servo,smogn_rf,134,33,12,c51352eee5d3f6fb175f72b13899426a3de57adc016984803fa9cf941732f3bc,5c1011bf9227dc969e79ec67b1cac65585629019be321c79d6a6e93c89931ecc,0ea04ed14c0e2db6424d6683ba0e15add75446e51ea52e1a62487aebbb5fca9c,smogn,78,212,0.5,0,0,0,0,0,,,,33,0.5747089418477695,0.32474681323094173,0.8071089861391664,0.8667174173284118,0.2677736480642592,0.2818685878335499,6,27,0.18181818181818182,1.184790297368207,0.8898578055908768,0.3029004142842118,0.1991665927065117,main_grouped_repeated5fold,main,Servo,1,5,42,50610504,100,687b28f996a000d1593369efba5406b4b7f5237e33e1d9e055077382a9a4709f,ec5cfebf9f3735edd6f01ba6951710a985753ae9dc9028a32392f268e06c47af,0,0,33,0.170926,main_grouped_repeated5fold|main|servo|r1|f5|smogn_rf
servo,relevance_weighted_rf,134,33,12,c51352eee5d3f6fb175f72b13899426a3de57adc016984803fa9cf941732f3bc,5c1011bf9227dc969e79ec67b1cac65585629019be321c79d6a6e93c89931ecc,0ea04ed14c0e2db6424d6683ba0e15add75446e51ea52e1a62487aebbb5fca9c,none,0,134,0.208955223880597,0,0,0,0,0,0.14292855202778365,1.0,2.858571040555673,33,0.4179274071330285,0.25355805723838415,0.8979958615115997,0.46688035316545995,0.1441896737992085,0.1464018791646517,6,27,0.18181818181818182,0.8638299267336516,0.6213303733444454,0.21829954174150665,0.17183087588148163,main_grouped_repeated5fold,main,Servo,1,5,42,50610505,100,687b28f996a000d1593369efba5406b4b7f5237e33e1d9e055077382a9a4709f,ec5cfebf9f3735edd6f01ba6951710a985753ae9dc9028a32392f268e06c47af,0,0,33,0.165455,main_grouped_repeated5fold|main|servo|r1|f5|relevance_weighted_rf
servo,ekk,133,34,12,410df2a89143fc4b41b29820587b248b8c895ee23a012d081ca055c5f680df0e,78648af90c018a97e2ac25ab7335522cb87b4e33568cf59a7543056d984736b1,6b2d8c34b2ba50adf2892a85c2dba532badc0c96a70cfb2c68b497081d760292,none,0,133,0.20300751879699247,0,0,0,0,0,,,,34,1.0763850552492606,0.9549830720982245,0.4809011626298897,1.2445923570326534,0.4160158997344667,0.961551576565463,7,27,0.20588235294117646,1.169790634819464,1.0835506650489573,1.0508143554263958,0.9216507331850716,main_grouped_repeated5fold,main,Servo,2,1,43,50620101,100,ddf62b3313aa460fa3dcca5e8de0498a0f0bbbdce36d50527514fbe694b1f161,d477e62f9a940f10e54bad93979ad134de2fea010db21b14dbed804681baab72,0,0,34,0.025693,main_grouped_repeated5fold|main|servo|r2|f1|ekk
servo,rf,133,34,12,410df2a89143fc4b41b29820587b248b8c895ee23a012d081ca055c5f680df0e,78648af90c018a97e2ac25ab7335522cb87b4e33568cf59a7543056d984736b1,6b2d8c34b2ba50adf2892a85c2dba532badc0c96a70cfb2c68b497081d760292,none,0,133,0.20300751879699247,0,0,0,0,0,,,,34,0.5374834573797833,0.3720191391147063,0.8705670225184798,0.5124034592066985,0.17111343654508776,0.23139741664581123,7,27,0.20588235294117646,0.8995472169352613,0.7473302978857161,0.39242416148967646,0.27471624609999995,main_grouped_repeated5fold,main,Servo,2,1,43,50620102,100,ddf62b3313aa460fa3dcca5e8de0498a0f0bbbdce36d50527514fbe694b1f161,d477e62f9a940f10e54bad93979ad134de2fea010db21b14dbed804681baab72,0,0,34,0.151671,main_grouped_repeated5fold|main|servo|r2|f1|rf
servo,smote_r_rf,133,34,12,410df2a89143fc4b41b29820587b248b8c895ee23a012d081ca055c5f680df0e,78648af90c018a97e2ac25ab7335522cb87b4e33568cf59a7543056d984736b1,6b2d8c34b2ba50adf2892a85c2dba532badc0c96a70cfb2c68b497081d760292,smote_r,79,212,0.5,0,0,0,0,0,,,,34,0.592563810839884,0.43691289670126976,0.8426796199558955,0.5429415253566229,0.1814600030310519,0.2690523722440395,7,27,0.20588235294117646,0.9220181631005053,0.766295856201551,0.4709195545663552,0.35151731460860425,main_grouped_repeated5fold,main,Servo,2,1,43,50620103,100,ddf62b3313aa460fa3dcca5e8de0498a0f0bbbdce36d50527514fbe694b1f161,d477e62f9a940f10e54bad93979ad134de2fea010db21b14dbed804681baab72,0,0,34,0.175581,main_grouped_repeated5fold|main|servo|r2|f1|smote_r_rf
servo,smogn_rf,133,34,12,410df2a89143fc4b41b29820587b248b8c895ee23a012d081ca055c5f680df0e,78648af90c018a97e2ac25ab7335522cb87b4e33568cf59a7543056d984736b1,6b2d8c34b2ba50adf2892a85c2dba532badc0c96a70cfb2c68b497081d760292,smogn,79,212,0.5,0,0,0,0,0,,,,34,0.6467016188980071,0.4754073944444265,0.812620259210445,0.6971059867855414,0.23278422559309914,0.32865826997108016,7,27,0.20588235294117646,1.02848937868621,0.9323816977910975,0.502403432313407,0.35693257505825243,main_grouped_repeated5fold,main,Servo,2,1,43,50620104,100,ddf62b3313aa460fa3dcca5e8de0498a0f0bbbdce36d50527514fbe694b1f161,d477e62f9a940f10e54bad93979ad134de2fea010db21b14dbed804681baab72,0,0,34,0.173786,main_grouped_repeated5fold|main|servo|r2|f1|smogn_rf
servo,relevance_weighted_rf,133,34,12,410df2a89143fc4b41b29820587b248b8c895ee23a012d081ca055c5f680df0e,78648af90c018a97e2ac25ab7335522cb87b4e33568cf59a7543056d984736b1,6b2d8c34b2ba50adf2892a85c2dba532badc0c96a70cfb2c68b497081d760292,none,0,133,0.20300751879699247,0,0,0,0,0,0.14701660143348783,1.0,2.940332028669756,34,0.5071529138546591,0.37003678263529427,0.8847628290923069,0.48162105221646834,0.16083505731621262,0.2034491525038391,7,27,0.20588235294117646,0.8885454361821682,0.7828167076571434,0.34525072520867367,0.2630197650370371,main_grouped_repeated5fold,main,Servo,2,1,43,50620105,100,ddf62b3313aa460fa3dcca5e8de0498a0f0bbbdce36d50527514fbe694b1f161,d477e62f9a940f10e54bad93979ad134de2fea010db21b14dbed804681baab72,0,0,34,0.155746,main_grouped_repeated5fold|main|servo|r2|f1|relevance_weighted_rf
servo,ekk,133,34,12,36ec4fa545379bc9c2b08b0983b0adf5336a98d212af8d7bc6b4093b226f4be9,3ea4a34d6da4a1e3cc1b4f841d85d6666bed791b729ff13c45b186516fc3d732,bc4d707ec28e0eded62563e3d885ee20e560ea09361ba25f3f72ce000fcc37a8,none,0,133,0.20300751879699247,0,0,0,0,0,,,,34,1.0841290308672753,0.9279320929739433,0.4683940650235692,1.7622082164099837,0.6027115677727204,1.0642779672054512,7,27,0.20588235294117646,1.518007997133103,1.4833617875332195,0.9394832648625405,0.7839318017919088,main_grouped_repeated5fold,main,Servo,2,2,43,50620201,100,23b14c6ebf48fd03e8148112d61eb3ae9a1f6705d13ffae6ba8f8cf19c052271,b5d0a2920610236b53138696ef1e811a02ec7c46a7b64bfe902f835409d26cf6,0,0,34,0.02533,main_grouped_repeated5fold|main|servo|r2|f2|ekk
servo,rf,133,34,12,36ec4fa545379bc9c2b08b0983b0adf5336a98d212af8d7bc6b4093b226f4be9,3ea4a34d6da4a1e3cc1b4f841d85d6666bed791b729ff13c45b186516fc3d732,bc4d707ec28e0eded62563e3d885ee20e560ea09361ba25f3f72ce000fcc37a8,none,0,133,0.20300751879699247,0,0,0,0,0,,,,34,0.7012960363872666,0.5267920197117647,0.7775509060001449,0.892771212164153,0.3057068992487317,0.4191173795947144,7,27,0.20588235294117646,1.10222778622341,1.0070005107000009,0.551677770721546,0.40229352204814794,main_grouped_repeated5fold,main,Servo,2,2,43,50620202,100,23b14c6ebf48fd03e8148112d61eb3ae9a1f6705d13ffae6ba8f8cf19c052271,b5d0a2920610236b53138696ef1e811a02ec7c46a7b64bfe902f835409d26cf6,0,0,34,0.154014,main_grouped_repeated5fold|main|servo|r2|f2|rf
servo,smote_r_rf,133,34,12,36ec4fa545379bc9c2b08b0983b0adf5336a98d212af8d7bc6b4093b226f4be9,3ea4a34d6da4a1e3cc1b4f841d85d6666bed791b729ff13c45b186516fc3d732,bc4d707ec28e0eded62563e3d885ee20e560ea09361ba25f3f72ce000fcc37a8,smote_r,79,212,0.5,0,0,0,0,0,,,,34,0.7084586696533133,0.5433491183166008,0.7729837679302718,0.6919976314465203,0.2369979693929496,0.42933242238872005,7,27,0.20588235294117646,0.895192300074442,0.8322505480293272,0.6513655333177926,0.4684487476503383,main_grouped_repeated5fold,main,Servo,2,2,43,50620203,100,23b14c6ebf48fd03e8148112d61eb3ae9a1f6705d13ffae6ba8f8cf19c052271,b5d0a2920610236b53138696ef1e811a02ec7c46a7b64bfe902f835409d26cf6,0,0,34,0.172776,main_grouped_repeated5fold|main|servo|r2|f2|smote_r_rf
servo,smogn_rf,133,34,12,36ec4fa545379bc9c2b08b0983b0adf5336a98d212af8d7bc6b4093b226f4be9,3ea4a34d6da4a1e3cc1b4f841d85d6666bed791b729ff13c45b186516fc3d732,bc4d707ec28e0eded62563e3d885ee20e560ea09361ba25f3f72ce000fcc37a8,smogn,79,212,0.5,0,0,0,0,0,,,,34,0.7068337991295454,0.5452390021641662,0.7740239103983877,0.7607181015029286,0.2605938892503138,0.420396684253865,7,27,0.20588235294117646,0.9771924357345144,0.8917136526531156,0.617718060790638,0.45541224092629035,main_grouped_repeated5fold,main,Servo,2,2,43,50620204,100,23b14c6ebf48fd03e8148112d61eb3ae9a1f6705d13ffae6ba8f8cf19c052271,b5d0a2920610236b53138696ef1e811a02ec7c46a7b64bfe902f835409d26cf6,0,0,34,0.173849,main_grouped_repeated5fold|main|servo|r2|f2|smogn_rf
servo,relevance_weighted_rf,133,34,12,36ec4fa545379bc9c2b08b0983b0adf5336a98d212af8d7bc6b4093b226f4be9,3ea4a34d6da4a1e3cc1b4f841d85d6666bed791b729ff13c45b186516fc3d732,bc4d707ec28e0eded62563e3d885ee20e560ea09361ba25f3f72ce000fcc37a8,none,0,133,0.20300751879699247,0,0,0,0,0,0.1408383329597722,0.9999999999999998,2.8167666591954434,34,0.6676483814876333,0.48107315107450976,0.7983847059127627,0.8064613501444222,0.2761408641625822,0.3772064438130459,7,27,0.20588235294117646,1.0610457106037094,0.8942579513047626,0.5190776108519661,0.3739511658296294,main_grouped_repeated5fold,main,Servo,2,2,43,50620205,100,23b14c6ebf48fd03e8148112d61eb3ae9a1f6705d13ffae6ba8f8cf19c052271,b5d0a2920610236b53138696ef1e811a02ec7c46a7b64bfe902f835409d26cf6,0,0,34,0.163637,main_grouped_repeated5fold|main|servo|r2|f2|relevance_weighted_rf
servo,ekk,134,33,12,d432d6bf2e50049f1cd3e17d30a190e8a6e158579904a833bcc1707991328b2e,87e89bc2b273f5565e7736cb2a4d06d33982ed96313144f2676b42c21d45eb08,fa813dc2569d9dfd73b84c8e21d0d1f58ad2f916851f8a80e71d30a2a940e2c0,none,0,134,0.20149253731343283,0,0,0,0,0,,,,33,1.2443045824769519,1.0272615563083185,0.4767904010039915,2.5232451635387467,0.9510747033451833,1.4015858110427375,7,26,0.21212121212121213,1.956491683409985,1.7338488146833917,0.9667288329990952,0.8370265252073374,main_grouped_repeated5fold,main,Servo,2,3,43,50620301,100,2bb91626badefd1dc76a399a519e2569c0c3c0c6c9b3da37c7f2fe66aef9ac33,c3ca42b835a966b8f116c92852b5273203ff03d84edde680da3962efa1a8e52b,0,0,33,0.025825,main_grouped_repeated5fold|main|servo|r2|f3|ekk
servo,rf,134,33,12,d432d6bf2e50049f1cd3e17d30a190e8a6e158579904a833bcc1707991328b2e,87e89bc2b273f5565e7736cb2a4d06d33982ed96313144f2676b42c21d45eb08,fa813dc2569d9dfd73b84c8e21d0d1f58ad2f916851f8a80e71d30a2a940e2c0,none,0,134,0.20149253731343283,0,0,0,0,0,,,,33,0.760946501648968,0.49758078088787844,0.8043271585698158,1.1866980865675307,0.4472683839621155,0.5153412596920427,7,26,0.21212121212121213,1.362345746950596,1.1249563113142842,0.48502198786910133,0.3286719842346153,main_grouped_repeated5fold,main,Servo,2,3,43,50620302,100,2bb91626badefd1dc76a399a519e2569c0c3c0c6c9b3da37c7f2fe66aef9ac33,c3ca42b835a966b8f116c92852b5273203ff03d84edde680da3962efa1a8e52b,0,0,33,0.147788,main_grouped_repeated5fold|main|servo|r2|f3|rf
servo,smote_r_rf,134,33,12,d432d6bf2e50049f1cd3e17d30a190e8a6e158579904a833bcc1707991328b2e,87e89bc2b273f5565e7736cb2a4d06d33982ed96313144f2676b42c21d45eb08,fa813dc2569d9dfd73b84c8e21d0d1f58ad2f916851f8a80e71d30a2a940e2c0,smote_r,80,214,0.5,0,0,0,0,0,,,,33,0.791117268347202,0.4938282871394003,0.7885030880426473,1.0980197841443728,0.41420866890133595,0.5787256991327153,7,26,0.21212121212121213,1.2658801301058102,1.034289882381725,0.60244463641479,0.3483193961126207,main_grouped_repeated5fold,main,Servo,2,3,43,50620303,100,2bb91626badefd1dc76a399a519e2569c0c3c0c6c9b3da37c7f2fe66aef9ac33,c3ca42b835a966b8f116c92852b5273203ff03d84edde680da3962efa1a8e52b,0,0,33,0.166678,main_grouped_repeated5fold|main|servo|r2|f3|smote_r_rf
servo,smogn_rf,134,33,12,d432d6bf2e50049f1cd3e17d30a190e8a6e158579904a833bcc1707991328b2e,87e89bc2b273f5565e7736cb2a4d06d33982ed96313144f2676b42c21d45eb08,fa813dc2569d9dfd73b84c8e21d0d1f58ad2f916851f8a80e71d30a2a940e2c0,smogn,80,214,0.5,0,0,0,0,0,,,,33,0.9632366379661766,0.5338795688103055,0.6864633683066915,2.003294784553024,0.7548637429431586,0.8578190060148054,7,26,0.21212121212121213,1.782507280968203,1.1778437214708237,0.5676162584013433,0.3605046046324738,main_grouped_repeated5fold,main,Servo,2,3,43,50620304,100,2bb91626badefd1dc76a399a519e2569c0c3c0c6c9b3da37c7f2fe66aef9ac33,c3ca42b835a966b8f116c92852b5273203ff03d84edde680da3962efa1a8e52b,0,0,33,0.168895,main_grouped_repeated5fold|main|servo|r2|f3|smogn_rf
servo,relevance_weighted_rf,134,33,12,d432d6bf2e50049f1cd3e17d30a190e8a6e158579904a833bcc1707991328b2e,87e89bc2b273f5565e7736cb2a4d06d33982ed96313144f2676b42c21d45eb08,fa813dc2569d9dfd73b84c8e21d0d1f58ad2f916851f8a80e71d30a2a940e2c0,none,0,134,0.20149253731343283,0,0,0,0,0,0.13707367118445807,0.9999999999999996,2.741473423689161,33,0.7537157052891097,0.47984405332424224,0.8080282023463842,1.186503358253302,0.4471626759593649,0.5129055304837838,7,26,0.21212121212121213,1.3664525467033892,1.1212430747,0.46725611032087083,0.30715970141538446,main_grouped_repeated5fold,main,Servo,2,3,43,50620305,100,2bb91626badefd1dc76a399a519e2569c0c3c0c6c9b3da37c7f2fe66aef9ac33,c3ca42b835a966b8f116c92852b5273203ff03d84edde680da3962efa1a8e52b,0,0,33,0.152537,main_grouped_repeated5fold|main|servo|r2|f3|relevance_weighted_rf
servo,ekk,134,33,12,355d96eddbd145ef190e3be1fb50ddd02de97a2cd2fe77d8b533a56a02f057bc,b551de8671bd08ffa4b5efabcf3f78e90c05f8032a7fbc993ac7d606751727ea,83aab7c6a9597fc8d11c3d382876851588d70fdbbb042a201680956ac187b6e8,none,0,134,0.20149253731343283,0,0,0,0,0,,,,33,1.094959877582593,0.8888008828291101,0.382494717132548,1.7306689668068092,0.6566402884945248,1.1492930953643903,7,26,0.21212121212121213,1.546334866030711,1.445721240343065,0.9369932431556341,0.738860786575353,main_grouped_repeated5fold,main,Servo,2,4,43,50620401,100,b3197fb9d012336bc1e2b9bf96aa1259d9e7b59dea7df217253ef409bb6b7e1f,6a72ccef5304785b28e2c6cefbc8a4c79f56d5fa3e9bc5dee39a19556fc6ab02,0,0,33,0.025481,main_grouped_repeated5fold|main|servo|r2|f4|ekk
servo,rf,134,33,12,355d96eddbd145ef190e3be1fb50ddd02de97a2cd2fe77d8b533a56a02f057bc,b551de8671bd08ffa4b5efabcf3f78e90c05f8032a7fbc993ac7d606751727ea,83aab7c6a9597fc8d11c3d382876851588d70fdbbb042a201680956ac187b6e8,none,0,134,0.20149253731343283,0,0,0,0,0,,,,33,0.7661235275052688,0.4713255716616165,0.6976974118993837,1.3475723431271618,0.511012121964294,0.5566624278224794,7,26,0.21212121212121213,1.5209871356761326,1.3329114944476201,0.34947105590827887,0.23936013091153854,main_grouped_repeated5fold,main,Servo,2,4,43,50620402,100,b3197fb9d012336bc1e2b9bf96aa1259d9e7b59dea7df217253ef409bb6b7e1f,6a72ccef5304785b28e2c6cefbc8a4c79f56d5fa3e9bc5dee39a19556fc6ab02,0,0,33,0.149025,main_grouped_repeated5fold|main|servo|r2|f4|rf
servo,smote_r_rf,134,33,12,355d96eddbd145ef190e3be1fb50ddd02de97a2cd2fe77d8b533a56a02f057bc,b551de8671bd08ffa4b5efabcf3f78e90c05f8032a7fbc993ac7d606751727ea,83aab7c6a9597fc8d11c3d382876851588d70fdbbb042a201680956ac187b6e8,smote_r,80,214,0.5,0,0,0,0,0,,,,33,0.7518550904110108,0.4694767170416019,0.708852842149362,1.2646634740241347,0.47948293685276944,0.5313930100903412,7,26,0.21212121212121213,1.461145444754881,1.2817226463431948,0.3777371117357307,0.25079512069117305,main_grouped_repeated5fold,main,Servo,2,4,43,50620403,100,b3197fb9d012336bc1e2b9bf96aa1259d9e7b59dea7df217253ef409bb6b7e1f,6a72ccef5304785b28e2c6cefbc8a4c79f56d5fa3e9bc5dee39a19556fc6ab02,0,0,33,0.165935,main_grouped_repeated5fold|main|servo|r2|f4|smote_r_rf
servo,smogn_rf,134,33,12,355d96eddbd145ef190e3be1fb50ddd02de97a2cd2fe77d8b533a56a02f057bc,b551de8671bd08ffa4b5efabcf3f78e90c05f8032a7fbc993ac7d606751727ea,83aab7c6a9597fc8d11c3d382876851588d70fdbbb042a201680956ac187b6e8,smogn,80,214,0.5,0,0,0,0,0,,,,33,0.7572434537995191,0.48055581058416064,0.7046647257558052,1.2525953215231065,0.4748066888280495,0.5469851710947782,7,26,0.21212121212121213,1.4631878589946306,1.3154267697789237,0.3890991281482221,0.25578286003172446,main_grouped_repeated5fold,main,Servo,2,4,43,50620404,100,b3197fb9d012336bc1e2b9bf96aa1259d9e7b59dea7df217253ef409bb6b7e1f,6a72ccef5304785b28e2c6cefbc8a4c79f56d5fa3e9bc5dee39a19556fc6ab02,0,0,33,0.16443,main_grouped_repeated5fold|main|servo|r2|f4|smogn_rf
servo,relevance_weighted_rf,134,33,12,355d96eddbd145ef190e3be1fb50ddd02de97a2cd2fe77d8b533a56a02f057bc,b551de8671bd08ffa4b5efabcf3f78e90c05f8032a7fbc993ac7d606751727ea,83aab7c6a9597fc8d11c3d382876851588d70fdbbb042a201680956ac187b6e8,none,0,134,0.20149253731343283,0,0,0,0,0,0.13965214517140379,1.0,2.7930429034280753,33,0.6853494180557719,0.4243315765575761,0.7580819001204131,1.0851276255420343,0.4114142786023228,0.44268838359652973,7,26,0.21212121212121213,1.3710710637674997,1.2137328897857151,0.3000881400051755,0.21180045376538476,main_grouped_repeated5fold,main,Servo,2,4,43,50620405,100,b3197fb9d012336bc1e2b9bf96aa1259d9e7b59dea7df217253ef409bb6b7e1f,6a72ccef5304785b28e2c6cefbc8a4c79f56d5fa3e9bc5dee39a19556fc6ab02,0,0,33,0.168671,main_grouped_repeated5fold|main|servo|r2|f4|relevance_weighted_rf
servo,ekk,134,33,12,c9f2c14abfee19fa7f1ab858c2e695fdb41c4a9d1cee30041927f9596695094c,f6dd12bf914b9e939323a91149693ec8226e732f564eef20d81b79b4567d983a,9751028841783c0175c041609cf89949a64995abafcb19567c7a74167067b112,none,0,134,0.208955223880597,0,0,0,0,0,,,,33,1.1305394838962544,0.807152744065207,0.5351101950743475,3.000080192374933,0.980818521215298,1.1206815729828392,6,27,0.18181818181818182,2.2667943370531645,1.9109794423208075,0.6482970545239537,0.5618579222306291,main_grouped_repeated5fold,main,Servo,2,5,43,50620501,100,6f8e2f8d0ce2f0715674668d09e012944fe7b8eb4545a1ca46b7e0d40a91ce73,4eddf2c4b62826d2786f8c2e7ab2a02d414c205ce978a9b0d39c2aad71ccdd4f,0,0,33,0.025086,main_grouped_repeated5fold|main|servo|r2|f5|ekk
servo,rf,134,33,12,c9f2c14abfee19fa7f1ab858c2e695fdb41c4a9d1cee30041927f9596695094c,f6dd12bf914b9e939323a91149693ec8226e732f564eef20d81b79b4567d983a,9751028841783c0175c041609cf89949a64995abafcb19567c7a74167067b112,none,0,134,0.208955223880597,0,0,0,0,0,,,,33,0.7045206611655443,0.3983231717181821,0.8194630833584408,1.313418108140064,0.42949388518039894,0.4440271275502648,6,27,0.18181818181818182,1.5137785794775904,1.148092237416667,0.31212387261935154,0.23170782378518537,main_grouped_repeated5fold,main,Servo,2,5,43,50620502,100,6f8e2f8d0ce2f0715674668d09e012944fe7b8eb4545a1ca46b7e0d40a91ce73,4eddf2c4b62826d2786f8c2e7ab2a02d414c205ce978a9b0d39c2aad71ccdd4f,0,0,33,0.149457,main_grouped_repeated5fold|main|servo|r2|f5|rf
servo,smote_r_rf,134,33,12,c9f2c14abfee19fa7f1ab858c2e695fdb41c4a9d1cee30041927f9596695094c,f6dd12bf914b9e939323a91149693ec8226e732f564eef20d81b79b4567d983a,9751028841783c0175c041609cf89949a64995abafcb19567c7a74167067b112,smote_r,78,212,0.5,0,0,0,0,0,,,,33,0.6314280711932887,0.33371725432030186,0.8549805266867917,1.0922417442174255,0.3571926354047198,0.3632591362132039,6,27,0.18181818181818182,1.385350566801987,0.951612176457215,0.2466042970974787,0.1964072716232101,main_grouped_repeated5fold,main,Servo,2,5,43,50620503,100,6f8e2f8d0ce2f0715674668d09e012944fe7b8eb4545a1ca46b7e0d40a91ce73,4eddf2c4b62826d2786f8c2e7ab2a02d414c205ce978a9b0d39c2aad71ccdd4f,0,0,33,0.171099,main_grouped_repeated5fold|main|servo|r2|f5|smote_r_rf
servo,smogn_rf,134,33,12,c9f2c14abfee19fa7f1ab858c2e695fdb41c4a9d1cee30041927f9596695094c,f6dd12bf914b9e939323a91149693ec8226e732f564eef20d81b79b4567d983a,9751028841783c0175c041609cf89949a64995abafcb19567c7a74167067b112,smogn,78,212,0.5,0,0,0,0,0,,,,33,0.7359985170851348,0.41351688084294724,0.8029699663227702,1.4082590949886207,0.46047505269353706,0.4923570418418014,6,27,0.18181818181818182,1.5628414984632146,1.1584317252853713,0.34539589041324087,0.2479802487446308,main_grouped_repeated5fold,main,Servo,2,5,43,50620504,100,6f8e2f8d0ce2f0715674668d09e012944fe7b8eb4545a1ca46b7e0d40a91ce73,4eddf2c4b62826d2786f8c2e7ab2a02d414c205ce978a9b0d39c2aad71ccdd4f,0,0,33,0.164482,main_grouped_repeated5fold|main|servo|r2|f5|smogn_rf
servo,relevance_weighted_rf,134,33,12,c9f2c14abfee19fa7f1ab858c2e695fdb41c4a9d1cee30041927f9596695094c,f6dd12bf914b9e939323a91149693ec8226e732f564eef20d81b79b4567d983a,9751028841783c0175c041609cf89949a64995abafcb19567c7a74167067b112,none,0,134,0.208955223880597,0,0,0,0,0,0.14546539538360445,1.0,2.909307907672089,33,0.7012600542836362,0.40673615152121245,0.8211303097452718,1.3134157211418873,0.42946110894268075,0.44227523699667143,6,27,0.18181818181818182,1.5187106719664532,1.2117776073333342,0.2974816690492938,0.22783805022962986,main_grouped_repeated5fold,main,Servo,2,5,43,50620505,100,6f8e2f8d0ce2f0715674668d09e012944fe7b8eb4545a1ca46b7e0d40a91ce73,4eddf2c4b62826d2786f8c2e7ab2a02d414c205ce978a9b0d39c2aad71ccdd4f,0,0,33,0.154702,main_grouped_repeated5fold|main|servo|r2|f5|relevance_weighted_rf
tgss_bmi,ekk,1354,341,31,72e36c7f647fac8ee806eef00a2ac6aceb1e4b463e8331b75100aa9d54073502,0389871570c2f59f8f9d736d4c51e1d7912a6b7645ab9bcf64fbcb38a178eeda,a0cd19b490e9f77f975115108f131d017e1102fdd2ed9e6ee4c0540df713c3ae,none,0,1354,0.18980797636632202,0,0,0,0,0,,,,341,4.845433379092087,3.7437803207982445,0.07676763929062003,46.09047212707239,14.297237758074505,14.565167489884725,66,275,0.1935483870967742,8.53431723533835,7.80039048727357,3.4106746518977924,2.770193880844167,main_grouped_repeated5fold,main,TGSS BMI,1,1,42,50710101,100,2cf3f30405a5cb30f3e88a5095acece5c657c20b7271997737877e430db91a2d,23f6dc6af50e4014e9134e8e5a70fa96115956b3b66f32e215d840ea4c8e5a77,0,0,339,0.098595,main_grouped_repeated5fold|main|tgss_bmi|r1|f1|ekk
tgss_bmi,rf,1354,341,31,72e36c7f647fac8ee806eef00a2ac6aceb1e4b463e8331b75100aa9d54073502,0389871570c2f59f8f9d736d4c51e1d7912a6b7645ab9bcf64fbcb38a178eeda,a0cd19b490e9f77f975115108f131d017e1102fdd2ed9e6ee4c0540df713c3ae,none,0,1354,0.18980797636632202,0,0,0,0,0,,,,341,4.881693558106158,3.782903116544829,0.06289815565406831,46.09355778704423,14.296335247280684,14.76782693778917,66,275,0.1935483870967742,8.573905170471907,7.886105806153904,3.4507262575837023,2.7981344710386513,main_grouped_repeated5fold,main,TGSS BMI,1,1,42,50710102,100,2cf3f30405a5cb30f3e88a5095acece5c657c20b7271997737877e430db91a2d,23f6dc6af50e4014e9134e8e5a70fa96115956b3b66f32e215d840ea4c8e5a77,0,0,339,0.199431,main_grouped_repeated5fold|main|tgss_bmi|r1|f1|rf
tgss_bmi,smote_r_rf,1354,341,31,72e36c7f647fac8ee806eef00a2ac6aceb1e4b463e8331b75100aa9d54073502,0389871570c2f59f8f9d736d4c51e1d7912a6b7645ab9bcf64fbcb38a178eeda,a0cd19b490e9f77f975115108f131d017e1102fdd2ed9e6ee4c0540df713c3ae,smote_r,840,2194,0.5,0,0,0,0,0,,,,341,5.121909828898528,4.016421697079482,-0.031595935156100374,44.6444872200059,13.846988380719473,15.403898826774567,66,275,0.1935483870967742,8.240330295110091,7.377542978653301,4.0290669337767655,3.2097525895017665,main_grouped_repeated5fold,main,TGSS BMI,1,1,42,50710103,100,2cf3f30405a5cb30f3e88a5095acece5c657c20b7271997737877e430db91a2d,23f6dc6af50e4014e9134e8e5a70fa96115956b3b66f32e215d840ea4c8e5a77,0,0,339,0.39777,main_grouped_repeated5fold|main|tgss_bmi|r1|f1|smote_r_rf
tgss_bmi,smogn_rf,1354,341,31,72e36c7f647fac8ee806eef00a2ac6aceb1e4b463e8331b75100aa9d54073502,0389871570c2f59f8f9d736d4c51e1d7912a6b7645ab9bcf64fbcb38a178eeda,a0cd19b490e9f77f975115108f131d017e1102fdd2ed9e6ee4c0540df713c3ae,smogn,840,2194,0.5,0,0,0,0,0,,,,341,4.99842378176707,3.9496987134079067,0.01754670478796705,41.80202416587067,12.965765637596963,14.491430071556195,66,275,0.1935483870967742,7.843664614118635,7.065728917777902,4.026775394250401,3.2018514643591085,main_grouped_repeated5fold,main,TGSS BMI,1,1,42,50710104,100,2cf3f30405a5cb30f3e88a5095acece5c657c20b7271997737877e430db91a2d,23f6dc6af50e4014e9134e8e5a70fa96115956b3b66f32e215d840ea4c8e5a77,0,0,339,0.385591,main_grouped_repeated5fold|main|tgss_bmi|r1|f1|smogn_rf
tgss_bmi,relevance_weighted_rf,1354,341,31,72e36c7f647fac8ee806eef00a2ac6aceb1e4b463e8331b75100aa9d54073502,0389871570c2f59f8f9d736d4c51e1d7912a6b7645ab9bcf64fbcb38a178eeda,a0cd19b490e9f77f975115108f131d017e1102fdd2ed9e6ee4c0540df713c3ae,none,0,1354,0.18980797636632202,0,0,0,0,0,0.16313253039919912,1.0,3.2626506079839825,341,4.920083068692329,3.8268721907835506,0.04810151448569977,46.20405378181802,14.330391903396464,14.811863284209544,66,275,0.1935483870967742,8.546161936696132,7.835276296917958,3.5338502311129036,2.8648552053112923,main_grouped_repeated5fold,main,TGSS BMI,1,1,42,50710105,100,2cf3f30405a5cb30f3e88a5095acece5c657c20b7271997737877e430db91a2d,23f6dc6af50e4014e9134e8e5a70fa96115956b3b66f32e215d840ea4c8e5a77,0,0,339,0.195413,main_grouped_repeated5fold|main|tgss_bmi|r1|f1|relevance_weighted_rf
tgss_bmi,ekk,1357,338,31,a5f2f5514e55acb853a0fb92d4dca94666733d0ff97ab9d49e5dbf7d0871edc9,acc89f661f4254b0164afc7328a0add346f42d72f42bfb6d9db3043e0a933468,21b524b60d9ec05cdd49b7292b5607ecdef3ccb80a7e0e6fdab57228b3e070ff,none,0,1357,0.19233603537214444,0,0,0,0,0,,,,338,4.63712467302647,3.5627334869588254,0.14632136892332992,44.58185333070589,13.448631861386126,13.570160102056139,61,277,0.1804733727810651,8.491883147093766,7.588875418106128,3.2183767722842385,2.6761101736014776,main_grouped_repeated5fold,main,TGSS BMI,1,2,42,50710201,100,d05893724ac37917d451d31abf14ee532e6bd2bb854473acccb0999a60e39203,4322cafe4f8c03eab043d252c6dc3237ebe297d29a59a769ac54c53c79cd2f06,0,0,338,0.063448,main_grouped_repeated5fold|main|tgss_bmi|r1|f2|ekk
tgss_bmi,rf,1357,338,31,a5f2f5514e55acb853a0fb92d4dca94666733d0ff97ab9d49e5dbf7d0871edc9,acc89f661f4254b0164afc7328a0add346f42d72f42bfb6d9db3043e0a933468,21b524b60d9ec05cdd49b7292b5607ecdef3ccb80a7e0e6fdab57228b3e070ff,none,0,1357,0.19233603537214444,0,0,0,0,0,,,,338,4.681148769475193,3.604691682314591,0.13003505628368595,44.21679884714565,13.337605951582313,13.555342305143773,61,277,0.1804733727810651,8.513468246544486,7.623652629386526,3.2829382522621406,2.719649740901638,main_grouped_repeated5fold,main,TGSS BMI,1,2,42,50710202,100,d05893724ac37917d451d31abf14ee532e6bd2bb854473acccb0999a60e39203,4322cafe4f8c03eab043d252c6dc3237ebe297d29a59a769ac54c53c79cd2f06,0,0,338,0.189721,main_grouped_repeated5fold|main|tgss_bmi|r1|f2|rf
tgss_bmi,smote_r_rf,1357,338,31,a5f2f5514e55acb853a0fb92d4dca94666733d0ff97ab9d49e5dbf7d0871edc9,acc89f661f4254b0164afc7328a0add346f42d72f42bfb6d9db3043e0a933468,21b524b60d9ec05cdd49b7292b5607ecdef3ccb80a7e0e6fdab57228b3e070ff,smote_r,835,2192,0.5,0,0,0,0,0,,,,338,4.750693867321712,3.716759879959607,0.1039939197605475,40.71318226489493,12.283729542284322,13.268847845301039,61,277,0.1804733727810651,7.951472938317462,6.7988969483242085,3.6899570675812723,3.03802211400206,main_grouped_repeated5fold,main,TGSS BMI,1,2,42,50710203,100,d05893724ac37917d451d31abf14ee532e6bd2bb854473acccb0999a60e39203,4322cafe4f8c03eab043d252c6dc3237ebe297d29a59a769ac54c53c79cd2f06,0,0,338,0.370427,main_grouped_repeated5fold|main|tgss_bmi|r1|f2|smote_r_rf
tgss_bmi,smogn_rf,1357,338,31,a5f2f5514e55acb853a0fb92d4dca94666733d0ff97ab9d49e5dbf7d0871edc9,acc89f661f4254b0164afc7328a0add346f42d72f42bfb6d9db3043e0a933468,21b524b60d9ec05cdd49b7292b5607ecdef3ccb80a7e0e6fdab57228b3e070ff,smogn,835,2192,0.5,0,0,0,0,0,,,,338,4.881818683601174,3.769279761828118,0.05384964645199186,43.058674536979126,12.99031570478451,14.393148807173233,61,277,0.1804733727810651,8.185457319989442,6.99519400636488,3.784904241810946,3.0588798740420438,main_grouped_repeated5fold,main,TGSS BMI,1,2,42,50710204,100,d05893724ac37917d451d31abf14ee532e6bd2bb854473acccb0999a60e39203,4322cafe4f8c03eab043d252c6dc3237ebe297d29a59a769ac54c53c79cd2f06,0,0,338,0.37133,main_grouped_repeated5fold|main|tgss_bmi|r1|f2|smogn_rf
tgss_bmi,relevance_weighted_rf,1357,338,31,a5f2f5514e55acb853a0fb92d4dca94666733d0ff97ab9d49e5dbf7d0871edc9,acc89f661f4254b0164afc7328a0add346f42d72f42bfb6d9db3043e0a933468,21b524b60d9ec05cdd49b7292b5607ecdef3ccb80a7e0e6fdab57228b3e070ff,none,0,1357,0.19233603537214444,0,0,0,0,0,0.16298415361754456,1.0,3.2596830723508914,338,4.664032364714948,3.5949127179860767,0.1363853986067558,43.5598274414643,13.140146391806327,13.37526809078346,61,277,0.1804733727810651,8.404867660966357,7.471101267186737,3.3146818490293435,2.7413116295339455,main_grouped_repeated5fold,main,TGSS BMI,1,2,42,50710205,100,d05893724ac37917d451d31abf14ee532e6bd2bb854473acccb0999a60e39203,4322cafe4f8c03eab043d252c6dc3237ebe297d29a59a769ac54c53c79cd2f06,0,0,338,0.199641,main_grouped_repeated5fold|main|tgss_bmi|r1|f2|relevance_weighted_rf
tgss_bmi,ekk,1357,338,31,ea8d84dbae41b8d7a71af01a7d7f595eeccf30057d4cd0e9d903ef65ea8a1979,455327e76a23cc30b32aab131113a5e795f4c2ad8fd690627b206ff8367fec5d,e69a8de609b18764603ad4bf6a6c341615f2f1671703c21a16ee00d200c3b31c,none,0,1357,0.18570375829034635,0,0,0,0,0,,,,338,5.120823626973991,3.8451297337504706,0.07181047730664425,55.35980858858944,17.144932253367067,17.46756787779708,70,268,0.20710059171597633,9.247193096401457,8.182689004430811,3.276771191170827,2.7121851481250077,main_grouped_repeated5fold,main,TGSS BMI,1,3,42,50710301,100,dbf1b3d8142f0527d0388241e2e83dd5602997e942327a9d4937f84c59d16fc0,d2afdd2826a58bdd5afe3d9ff8ea547d35237e0b63696b75290da93baf768ece,0,0,338,0.042711,main_grouped_repeated5fold|main|tgss_bmi|r1|f3|ekk
tgss_bmi,rf,1357,338,31,ea8d84dbae41b8d7a71af01a7d7f595eeccf30057d4cd0e9d903ef65ea8a1979,455327e76a23cc30b32aab131113a5e795f4c2ad8fd690627b206ff8367fec5d,e69a8de609b18764603ad4bf6a6c341615f2f1671703c21a16ee00d200c3b31c,none,0,1357,0.18570375829034635,0,0,0,0,0,,,,338,5.123149641236787,3.858103754132732,0.07096706907421835,54.65273465023775,16.927596934435822,17.265600652926185,70,268,0.20710059171597633,9.240459110474315,8.097068248733072,3.2863046429344402,2.7509115353938376,main_grouped_repeated5fold,main,TGSS BMI,1,3,42,50710302,100,dbf1b3d8142f0527d0388241e2e83dd5602997e942327a9d4937f84c59d16fc0,d2afdd2826a58bdd5afe3d9ff8ea547d35237e0b63696b75290da93baf768ece,0,0,338,0.189602,main_grouped_repeated5fold|main|tgss_bmi|r1|f3|rf
tgss_bmi,smote_r_rf,1357,338,31,ea8d84dbae41b8d7a71af01a7d7f595eeccf30057d4cd0e9d903ef65ea8a1979,455327e76a23cc30b32aab131113a5e795f4c2ad8fd690627b206ff8367fec5d,e69a8de609b18764603ad4bf6a6c341615f2f1671703c21a16ee00d200c3b31c,smote_r,853,2210,0.5,0,0,0,0,0,,,,338,5.320754659915959,4.012720788269188,-0.0020825372746957616,52.73109220117002,16.331063717639804,17.942124491997532,70,268,0.20710059171597633,8.923638079505162,7.556328831323544,3.860792795616924,3.0871515232923055,main_grouped_repeated5fold,main,TGSS BMI,1,3,42,50710303,100,dbf1b3d8142f0527d0388241e2e83dd5602997e942327a9d4937f84c59d16fc0,d2afdd2826a58bdd5afe3d9ff8ea547d35237e0b63696b75290da93baf768ece,0,0,338,0.379117,main_grouped_repeated5fold|main|tgss_bmi|r1|f3|smote_r_rf
tgss_bmi,smogn_rf,1357,338,31,ea8d84dbae41b8d7a71af01a7d7f595eeccf30057d4cd0e9d903ef65ea8a1979,455327e76a23cc30b32aab131113a5e795f4c2ad8fd690627b206ff8367fec5d,e69a8de609b18764603ad4bf6a6c341615f2f1671703c21a16ee00d200c3b31c,smogn,853,2210,0.5,0,0,0,0,0,,,,338,5.367595756545724,4.118599615837154,-0.019803804056041985,53.22479467697275,16.483319839457344,18.138860581792997,70,268,0.20710059171597633,8.910207677989238,7.489787118118147,3.949645932071589,3.2380655667339093,main_grouped_repeated5fold,main,TGSS BMI,1,3,42,50710304,100,dbf1b3d8142f0527d0388241e2e83dd5602997e942327a9d4937f84c59d16fc0,d2afdd2826a58bdd5afe3d9ff8ea547d35237e0b63696b75290da93baf768ece,0,0,338,0.375979,main_grouped_repeated5fold|main|tgss_bmi|r1|f3|smogn_rf
tgss_bmi,relevance_weighted_rf,1357,338,31,ea8d84dbae41b8d7a71af01a7d7f595eeccf30057d4cd0e9d903ef65ea8a1979,455327e76a23cc30b32aab131113a5e795f4c2ad8fd690627b206ff8367fec5d,e69a8de609b18764603ad4bf6a6c341615f2f1671703c21a16ee00d200c3b31c,none,0,1357,0.18570375829034635,0,0,0,0,0,0.16365640715855612,1.0,3.273128143171122,338,5.1636870275197975,3.899511471953731,0.05620678847971938,55.02671316608487,17.041402871209847,17.43213397426168,70,268,0.20710059171597633,9.252255397947462,8.131221525708563,3.3568943538190603,2.7942140698535893,main_grouped_repeated5fold,main,TGSS BMI,1,3,42,50710305,100,dbf1b3d8142f0527d0388241e2e83dd5602997e942327a9d4937f84c59d16fc0,d2afdd2826a58bdd5afe3d9ff8ea547d35237e0b63696b75290da93baf768ece,0,0,338,0.191975,main_grouped_repeated5fold|main|tgss_bmi|r1|f3|relevance_weighted_rf
tgss_bmi,ekk,1356,339,31,9e280117b68a646bbf8ae2ec005b9d28f0a9368f5fb226fb12192f74f3b2d97b,18a14af9be2c9b8db1c2f0418e6c6225d214d680b00ce1c35b0c9fcfb2607c17,b55a5c25c0286d04188eaddb33460fd44b896e6b010fc9736f4ac4c0733af983,none,0,1356,0.19100294985250738,0,0,0,0,0,,,,339,4.632588534461643,3.6210807244790835,0.07627599883157976,41.674071726325415,12.32859903654764,12.636854490228789,62,277,0.18289085545722714,8.262527077338614,7.638307084742301,3.3141950544411176,2.721918145647605,main_grouped_repeated5fold,main,TGSS BMI,1,4,42,50710401,100,9052d4fc9f4d62d32d59ef6b27a6d19083918185d6ebcafc5c75002de9b99ea9,7841834c1006bd565ba0f343e319ce07e6eb3965b41eaa21515d7f715619ec81,0,0,338,0.06367,main_grouped_repeated5fold|main|tgss_bmi|r1|f4|ekk
tgss_bmi,rf,1356,339,31,9e280117b68a646bbf8ae2ec005b9d28f0a9368f5fb226fb12192f74f3b2d97b,18a14af9be2c9b8db1c2f0418e6c6225d214d680b00ce1c35b0c9fcfb2607c17,b55a5c25c0286d04188eaddb33460fd44b896e6b010fc9736f4ac4c0733af983,none,0,1356,0.19100294985250738,0,0,0,0,0,,,,339,4.706061972561365,3.670468392340773,0.046742883782409206,42.38932023735637,12.537559749460097,12.89668542211167,62,277,0.18289085545722714,8.153731838142749,7.351082237106554,3.4961930198581976,2.8466486870141354,main_grouped_repeated5fold,main,TGSS BMI,1,4,42,50710402,100,9052d4fc9f4d62d32d59ef6b27a6d19083918185d6ebcafc5c75002de9b99ea9,7841834c1006bd565ba0f343e319ce07e6eb3965b41eaa21515d7f715619ec81,0,0,338,0.188673,main_grouped_repeated5fold|main|tgss_bmi|r1|f4|rf
tgss_bmi,smote_r_rf,1356,339,31,9e280117b68a646bbf8ae2ec005b9d28f0a9368f5fb226fb12192f74f3b2d97b,18a14af9be2c9b8db1c2f0418e6c6225d214d680b00ce1c35b0c9fcfb2607c17,b55a5c25c0286d04188eaddb33460fd44b896e6b010fc9736f4ac4c0733af983,smote_r,838,2194,0.5,0,0,0,0,0,,,,339,5.143743403591691,4.097432403250997,-0.13881548376022912,43.99732149980244,13.009830571758403,14.758787015420044,62,277,0.18289085545722714,8.026438017980242,7.034780928460333,4.2379686412523325,3.4399753326265237,main_grouped_repeated5fold,main,TGSS BMI,1,4,42,50710403,100,9052d4fc9f4d62d32d59ef6b27a6d19083918185d6ebcafc5c75002de9b99ea9,7841834c1006bd565ba0f343e319ce07e6eb3965b41eaa21515d7f715619ec81,0,0,338,0.376438,main_grouped_repeated5fold|main|tgss_bmi|r1|f4|smote_r_rf
tgss_bmi,smogn_rf,1356,339,31,9e280117b68a646bbf8ae2ec005b9d28f0a9368f5fb226fb12192f74f3b2d97b,18a14af9be2c9b8db1c2f0418e6c6225d214d680b00ce1c35b0c9fcfb2607c17,b55a5c25c0286d04188eaddb33460fd44b896e6b010fc9736f4ac4c0733af983,smogn,838,2194,0.5,0,0,0,0,0,,,,339,5.0464213612496405,4.030586805917321,-0.0961293134805774,41.97719131022692,12.409365725207639,14.085514218253055,62,277,0.18289085545722714,7.821455976153837,6.79914341124872,4.18016555121449,3.4109098762041565,main_grouped_repeated5fold,main,TGSS BMI,1,4,42,50710404,100,9052d4fc9f4d62d32d59ef6b27a6d19083918185d6ebcafc5c75002de9b99ea9,7841834c1006bd565ba0f343e319ce07e6eb3965b41eaa21515d7f715619ec81,0,0,338,0.360144,main_grouped_repeated5fold|main|tgss_bmi|r1|f4|smogn_rf
tgss_bmi,relevance_weighted_rf,1356,339,31,9e280117b68a646bbf8ae2ec005b9d28f0a9368f5fb226fb12192f74f3b2d97b,18a14af9be2c9b8db1c2f0418e6c6225d214d680b00ce1c35b0c9fcfb2607c17,b55a5c25c0286d04188eaddb33460fd44b896e6b010fc9736f4ac4c0733af983,none,0,1356,0.19100294985250738,0,0,0,0,0,0.16264884058311208,1.0,3.2529768116622413,339,4.747618824680492,3.7519677039631003,0.029833088523074203,42.29878045154542,12.510831235614496,12.954920062731226,62,277,0.18289085545722714,8.114187838612848,7.328189452311152,3.5844318924284853,2.9515137386288806,main_grouped_repeated5fold,main,TGSS BMI,1,4,42,50710405,100,9052d4fc9f4d62d32d59ef6b27a6d19083918185d6ebcafc5c75002de9b99ea9,7841834c1006bd565ba0f343e319ce07e6eb3965b41eaa21515d7f715619ec81,0,0,338,0.197779,main_grouped_repeated5fold|main|tgss_bmi|r1|f4|relevance_weighted_rf
tgss_bmi,ekk,1356,339,31,d00a49210bd3a49e86652c8090e727a535d09960a7e5252f89c69b7dd5ab34c2,c2bec4070edccf5f7ab6e504b771ed330ccbc8d4548a1866cc42ae3fcad04e93,98400f9cecc8ff396747603ab178b02d3d8df04d863e0af9d528434b2b6be9a9,none,0,1356,0.19174041297935104,0,0,0,0,0,,,,339,4.537362280204502,3.5545546330223505,0.11380344955310562,38.96770956110034,11.80799271386772,12.063877655797308,63,276,0.18584070796460178,7.992341338056039,7.34985220726204,3.2720443995505413,2.688236708467638,main_grouped_repeated5fold,main,TGSS BMI,1,5,42,50710501,100,bf6fd68e3fccad8d6f4ea44db88f4a5d63e9470a442990e10e8d0362b36a7a28,364ab265aa3cd3ec12bf77fb29f40d2c0adcc8d90e7cdce9973f6e7eefcd997e,0,0,338,0.041507,main_grouped_repeated5fold|main|tgss_bmi|r1|f5|ekk
tgss_bmi,rf,1356,339,31,d00a49210bd3a49e86652c8090e727a535d09960a7e5252f89c69b7dd5ab34c2,c2bec4070edccf5f7ab6e504b771ed330ccbc8d4548a1866cc42ae3fcad04e93,98400f9cecc8ff396747603ab178b02d3d8df04d863e0af9d528434b2b6be9a9,none,0,1356,0.19174041297935104,0,0,0,0,0,,,,339,4.717615710368438,3.7456751995007145,0.041993921792707445,40.88691839936438,12.389127656229423,12.794130886559994,63,276,0.18584070796460178,8.08492426897784,7.422640903514396,3.523570422130461,2.9063678105410697,main_grouped_repeated5fold,main,TGSS BMI,1,5,42,50710502,100,bf6fd68e3fccad8d6f4ea44db88f4a5d63e9470a442990e10e8d0362b36a7a28,364ab265aa3cd3ec12bf77fb29f40d2c0adcc8d90e7cdce9973f6e7eefcd997e,0,0,338,0.191457,main_grouped_repeated5fold|main|tgss_bmi|r1|f5|rf
tgss_bmi,smote_r_rf,1356,339,31,d00a49210bd3a49e86652c8090e727a535d09960a7e5252f89c69b7dd5ab34c2,c2bec4070edccf5f7ab6e504b771ed330ccbc8d4548a1866cc42ae3fcad04e93,98400f9cecc8ff396747603ab178b02d3d8df04d863e0af9d528434b2b6be9a9,smote_r,836,2192,0.5,0,0,0,0,0,,,,339,5.028538580145212,3.969024380833518,-0.08844556828474581,41.63033589276923,12.614424655524719,14.28071973511354,63,276,0.18584070796460178,7.945895070549708,7.085477443579461,4.0799861606770405,3.257660094771945,main_grouped_repeated5fold,main,TGSS BMI,1,5,42,50710503,100,bf6fd68e3fccad8d6f4ea44db88f4a5d63e9470a442990e10e8d0362b36a7a28,364ab265aa3cd3ec12bf77fb29f40d2c0adcc8d90e7cdce9973f6e7eefcd997e,0,0,338,0.363286,main_grouped_repeated5fold|main|tgss_bmi|r1|f5|smote_r_rf
tgss_bmi,smogn_rf,1356,339,31,d00a49210bd3a49e86652c8090e727a535d09960a7e5252f89c69b7dd5ab34c2,c2bec4070edccf5f7ab6e504b771ed330ccbc8d4548a1866cc42ae3fcad04e93,98400f9cecc8ff396747603ab178b02d3d8df04d863e0af9d528434b2b6be9a9,smogn,836,2192,0.5,0,0,0,0,0,,,,339,5.0449545266670945,4.019860438684776,-0.09556375154165053,41.81532190246867,12.6693298336672,14.180467391330277,63,276,0.18584070796460178,8.057098421564493,7.173253775472625,4.055020296192931,3.3000641335484198,main_grouped_repeated5fold,main,TGSS BMI,1,5,42,50710504,100,bf6fd68e3fccad8d6f4ea44db88f4a5d63e9470a442990e10e8d0362b36a7a28,364ab265aa3cd3ec12bf77fb29f40d2c0adcc8d90e7cdce9973f6e7eefcd997e,0,0,338,0.361119,main_grouped_repeated5fold|main|tgss_bmi|r1|f5|smogn_rf
tgss_bmi,relevance_weighted_rf,1356,339,31,d00a49210bd3a49e86652c8090e727a535d09960a7e5252f89c69b7dd5ab34c2,c2bec4070edccf5f7ab6e504b771ed330ccbc8d4548a1866cc42ae3fcad04e93,98400f9cecc8ff396747603ab178b02d3d8df04d863e0af9d528434b2b6be9a9,none,0,1356,0.19174041297935104,0,0,0,0,0,0.16231407426456854,1.0,3.2462814852913704,339,4.722551518919924,3.745705517698197,0.03998824413693158,41.123495720271244,12.461120876235546,12.956434723662012,63,276,0.18584070796460178,8.13242426494152,7.491064232400163,3.506699921137261,2.890786680646661,main_grouped_repeated5fold,main,TGSS BMI,1,5,42,50710505,100,bf6fd68e3fccad8d6f4ea44db88f4a5d63e9470a442990e10e8d0362b36a7a28,364ab265aa3cd3ec12bf77fb29f40d2c0adcc8d90e7cdce9973f6e7eefcd997e,0,0,338,0.184539,main_grouped_repeated5fold|main|tgss_bmi|r1|f5|relevance_weighted_rf
tgss_bmi,ekk,1355,340,31,ebf53e451cf8202284a9ef63c88dc19e475c17ad2bade5e55ea952e239e35c35,877667969f0585e9d357a1c8c9e37c2fab1e0f60d9a2bc5df9dbb9c79415eb74,35481619a582774b1465c10f5d3a7c640b1d317eae5795e836704afd6b96ca94,none,0,1355,0.18523985239852397,0,0,0,0,0,,,,340,4.895762492533255,3.762246128148957,0.05096209171953814,48.007533079636204,14.848936749414415,15.108859934135907,71,269,0.2088235294117647,8.583538434041253,7.853906053627164,3.293685721417524,2.682291277929802,main_grouped_repeated5fold,main,TGSS BMI,2,1,43,50720101,100,6dd836c2576e00811fe8afec378b5c55eb4d33b947e30e7366c2bbd5d9dd797f,d40d3e3121d916fcbcdda49ca8f31c06828ccff8c233b7202c0155a2ab490f9f,0,0,339,0.061988,main_grouped_repeated5fold|main|tgss_bmi|r2|f1|ekk
tgss_bmi,rf,1355,340,31,ebf53e451cf8202284a9ef63c88dc19e475c17ad2bade5e55ea952e239e35c35,877667969f0585e9d357a1c8c9e37c2fab1e0f60d9a2bc5df9dbb9c79415eb74,35481619a582774b1465c10f5d3a7c640b1d317eae5795e836704afd6b96ca94,none,0,1355,0.18523985239852397,0,0,0,0,0,,,,340,4.99956847597872,3.8680384919972273,0.010290085948753691,49.200607257160186,15.21504780121196,15.585522955662697,71,269,0.2088235294117647,8.613550001319986,7.803110333571655,3.4656104373579497,2.829413582139293,main_grouped_repeated5fold,main,TGSS BMI,2,1,43,50720102,100,6dd836c2576e00811fe8afec378b5c55eb4d33b947e30e7366c2bbd5d9dd797f,d40d3e3121d916fcbcdda49ca8f31c06828ccff8c233b7202c0155a2ab490f9f,0,0,339,0.194742,main_grouped_repeated5fold|main|tgss_bmi|r2|f1|rf
tgss_bmi,smote_r_rf,1355,340,31,ebf53e451cf8202284a9ef63c88dc19e475c17ad2bade5e55ea952e239e35c35,877667969f0585e9d357a1c8c9e37c2fab1e0f60d9a2bc5df9dbb9c79415eb74,35481619a582774b1465c10f5d3a7c640b1d317eae5795e836704afd6b96ca94,smote_r,853,2208,0.5,0,0,0,0,0,,,,340,5.3069068367980226,4.1258942409946755,-0.11513078624883533,52.23676561067252,16.15616275381494,17.39562848118816,71,269,0.2088235294117647,8.7731699386471,7.6511457949333455,3.909165758973955,3.1954375111446915,main_grouped_repeated5fold,main,TGSS BMI,2,1,43,50720103,100,6dd836c2576e00811fe8afec378b5c55eb4d33b947e30e7366c2bbd5d9dd797f,d40d3e3121d916fcbcdda49ca8f31c06828ccff8c233b7202c0155a2ab490f9f,0,0,339,0.392901,main_grouped_repeated5fold|main|tgss_bmi|r2|f1|smote_r_rf
tgss_bmi,smogn_rf,1355,340,31,ebf53e451cf8202284a9ef63c88dc19e475c17ad2bade5e55ea952e239e35c35,877667969f0585e9d357a1c8c9e37c2fab1e0f60d9a2bc5df9dbb9c79415eb74,35481619a582774b1465c10f5d3a7c640b1d317eae5795e836704afd6b96ca94,smogn,853,2208,0.5,0,0,0,0,0,,,,340,5.268390237465454,4.118093685223412,-0.0990026794498986,49.4869525963008,15.30582906686714,17.002611544384003,71,269,0.2088235294117647,8.428054352135165,7.366530114916909,4.041485162850559,3.2606996833340505,main_grouped_repeated5fold,main,TGSS BMI,2,1,43,50720104,100,6dd836c2576e00811fe8afec378b5c55eb4d33b947e30e7366c2bbd5d9dd797f,d40d3e3121d916fcbcdda49ca8f31c06828ccff8c233b7202c0155a2ab490f9f,0,0,339,0.386795,main_grouped_repeated5fold|main|tgss_bmi|r2|f1|smogn_rf
tgss_bmi,relevance_weighted_rf,1355,340,31,ebf53e451cf8202284a9ef63c88dc19e475c17ad2bade5e55ea952e239e35c35,877667969f0585e9d357a1c8c9e37c2fab1e0f60d9a2bc5df9dbb9c79415eb74,35481619a582774b1465c10f5d3a7c640b1d317eae5795e836704afd6b96ca94,none,0,1355,0.18523985239852397,0,0,0,0,0,0.1637783882422136,0.9999999999999998,3.275567764844272,340,5.03645656327025,3.9070398535255517,-0.0043684552422793566,49.75502923123103,15.386979578111593,15.78222684204454,71,269,0.2088235294117647,8.617778307920677,7.748539570859271,3.529751874860304,2.893112418838957,main_grouped_repeated5fold,main,TGSS BMI,2,1,43,50720105,100,6dd836c2576e00811fe8afec378b5c55eb4d33b947e30e7366c2bbd5d9dd797f,d40d3e3121d916fcbcdda49ca8f31c06828ccff8c233b7202c0155a2ab490f9f,0,0,339,0.198134,main_grouped_repeated5fold|main|tgss_bmi|r2|f1|relevance_weighted_rf
tgss_bmi,ekk,1356,339,31,0e43e2305aecbff51f0e743c168ddb574f979491f2c15d9dc431f13ccbdb3970,0491a05aa163408cd990552f42ca6e17a3256b6975c57d2a543a5d4dd8fa9e99,c92efb60126f22818bce3475e3b7f7be002db300d4e1ea08ea7f172c32b6cc6c,none,0,1356,0.18952802359882007,0,0,0,0,0,,,,339,4.673381499278508,3.6175889582186582,0.0991727295634971,42.51855070497223,12.853214842000302,13.036502981514852,65,274,0.19174041297935104,8.201129249749442,7.467826776283581,3.3265816276104125,2.704211373641213,main_grouped_repeated5fold,main,TGSS BMI,2,2,43,50720201,100,4d0785f6ef48ec337892cf6f98cb2b93f053b373914326560dee3764c5dd1ac0,798dcc2a30ced48e43d7be8aa2b3ca80b94b3008b363fadf4080965a01676f4b,0,0,338,0.061277,main_grouped_repeated5fold|main|tgss_bmi|r2|f2|ekk
tgss_bmi,rf,1356,339,31,0e43e2305aecbff51f0e743c168ddb574f979491f2c15d9dc431f13ccbdb3970,0491a05aa163408cd990552f42ca6e17a3256b6975c57d2a543a5d4dd8fa9e99,c92efb60126f22818bce3475e3b7f7be002db300d4e1ea08ea7f172c32b6cc6c,none,0,1356,0.18952802359882007,0,0,0,0,0,,,,339,4.721823708583389,3.6795990855189236,0.08040078482195012,41.63911955545648,12.587165815357,13.041081989391003,65,274,0.19174041297935104,8.051998222137831,7.2145749720381485,3.493456337430183,2.8410099153592543,main_grouped_repeated5fold,main,TGSS BMI,2,2,43,50720202,100,4d0785f6ef48ec337892cf6f98cb2b93f053b373914326560dee3764c5dd1ac0,798dcc2a30ced48e43d7be8aa2b3ca80b94b3008b363fadf4080965a01676f4b,0,0,338,0.187439,main_grouped_repeated5fold|main|tgss_bmi|r2|f2|rf
tgss_bmi,smote_r_rf,1356,339,31,0e43e2305aecbff51f0e743c168ddb574f979491f2c15d9dc431f13ccbdb3970,0491a05aa163408cd990552f42ca6e17a3256b6975c57d2a543a5d4dd8fa9e99,c92efb60126f22818bce3475e3b7f7be002db300d4e1ea08ea7f172c32b6cc6c,smote_r,842,2198,0.5,0,0,0,0,0,,,,339,5.039814775501438,3.930484662156509,-0.04763067420687461,42.41023232633529,12.82087863337768,14.536275638776786,65,274,0.19174041297935104,7.851331594814219,6.712653945164339,4.098997549485969,3.2704810001291036,main_grouped_repeated5fold,main,TGSS BMI,2,2,43,50720203,100,4d0785f6ef48ec337892cf6f98cb2b93f053b373914326560dee3764c5dd1ac0,798dcc2a30ced48e43d7be8aa2b3ca80b94b3008b363fadf4080965a01676f4b,0,0,338,0.380701,main_grouped_repeated5fold|main|tgss_bmi|r2|f2|smote_r_rf
tgss_bmi,smogn_rf,1356,339,31,0e43e2305aecbff51f0e743c168ddb574f979491f2c15d9dc431f13ccbdb3970,0491a05aa163408cd990552f42ca6e17a3256b6975c57d2a543a5d4dd8fa9e99,c92efb60126f22818bce3475e3b7f7be002db300d4e1ea08ea7f172c32b6cc6c,smogn,842,2198,0.5,0,0,0,0,0,,,,339,4.950250523311357,3.8607953769044,-0.010725939635471082,41.178231651967735,12.448966012017168,14.004553178333788,65,274,0.19174041297935104,7.760332545094582,6.649533137901233,4.003971032458464,3.199233499295662,main_grouped_repeated5fold,main,TGSS BMI,2,2,43,50720204,100,4d0785f6ef48ec337892cf6f98cb2b93f053b373914326560dee3764c5dd1ac0,798dcc2a30ced48e43d7be8aa2b3ca80b94b3008b363fadf4080965a01676f4b,0,0,338,0.369807,main_grouped_repeated5fold|main|tgss_bmi|r2|f2|smogn_rf
tgss_bmi,relevance_weighted_rf,1356,339,31,0e43e2305aecbff51f0e743c168ddb574f979491f2c15d9dc431f13ccbdb3970,0491a05aa163408cd990552f42ca6e17a3256b6975c57d2a543a5d4dd8fa9e99,c92efb60126f22818bce3475e3b7f7be002db300d4e1ea08ea7f172c32b6cc6c,none,0,1356,0.18952802359882007,0,0,0,0,0,0.16318689679963652,1.0,3.2637379359927303,339,4.662089964638461,3.611709740875102,0.10352051678693186,40.681075300587494,12.296777813306841,12.759171196412666,65,274,0.19174041297935104,7.952111145946416,7.1238771937420395,3.4481818033297653,2.778531330523456,main_grouped_repeated5fold,main,TGSS BMI,2,2,43,50720205,100,4d0785f6ef48ec337892cf6f98cb2b93f053b373914326560dee3764c5dd1ac0,798dcc2a30ced48e43d7be8aa2b3ca80b94b3008b363fadf4080965a01676f4b,0,0,338,0.199074,main_grouped_repeated5fold|main|tgss_bmi|r2|f2|relevance_weighted_rf
tgss_bmi,ekk,1356,339,31,e2a86d2558b1a4804eaf4322651a0981ed96d1424821c13cd7b4f351edcb2461,6c0b55c6e88105694605d59f656f4745a28dcbebfe59b0fcad57409390986a1b,aecfdd12a97758e22a5a44a110d7a601dcbdf5cbe40432c07011dbf36f003216,none,0,1356,0.1851032448377581,0,0,0,0,0,,,,339,4.925601916799371,3.682064251285374,0.08627944986398339,52.75520056227215,15.436875043999553,15.683301887414848,55,284,0.16224188790560473,9.59980352033315,8.51060068138028,3.3336073431015993,2.7469603651754446,main_grouped_repeated5fold,main,TGSS BMI,2,3,43,50720301,100,c8188db815e523d8f26fc8e13d8bde98b02856d6710cca83402dc8575e12bac1,9cb394f5efe15b368fa34be4fd10c84105f3d394ac4ce3a4f24a963db8b39013,0,0,338,0.042697,main_grouped_repeated5fold|main|tgss_bmi|r2|f3|ekk
tgss_bmi,rf,1356,339,31,e2a86d2558b1a4804eaf4322651a0981ed96d1424821c13cd7b4f351edcb2461,6c0b55c6e88105694605d59f656f4745a28dcbebfe59b0fcad57409390986a1b,aecfdd12a97758e22a5a44a110d7a601dcbdf5cbe40432c07011dbf36f003216,none,0,1356,0.1851032448377581,0,0,0,0,0,,,,339,4.952270472975149,3.7366411825902053,0.07635839871927752,52.383356560931176,15.328335288107864,15.626275551137097,55,284,0.16224188790560473,9.585009222157012,8.549435562289231,3.38856147733205,2.8045859330006055,main_grouped_repeated5fold,main,TGSS BMI,2,3,43,50720302,100,c8188db815e523d8f26fc8e13d8bde98b02856d6710cca83402dc8575e12bac1,9cb394f5efe15b368fa34be4fd10c84105f3d394ac4ce3a4f24a963db8b39013,0,0,338,0.178121,main_grouped_repeated5fold|main|tgss_bmi|r2|f3|rf
tgss_bmi,smote_r_rf,1356,339,31,e2a86d2558b1a4804eaf4322651a0981ed96d1424821c13cd7b4f351edcb2461,6c0b55c6e88105694605d59f656f4745a28dcbebfe59b0fcad57409390986a1b,aecfdd12a97758e22a5a44a110d7a601dcbdf5cbe40432c07011dbf36f003216,smote_r,854,2210,0.5,0,0,0,0,0,,,,339,5.17080279883873,4.042285354862731,-0.006956532809097693,48.70041343364306,14.246417665462362,15.792030817332654,55,284,0.16224188790560473,9.042561433695399,7.90594637767011,4.009968163364385,3.2940411426993306,main_grouped_repeated5fold,main,TGSS BMI,2,3,43,50720303,100,c8188db815e523d8f26fc8e13d8bde98b02856d6710cca83402dc8575e12bac1,9cb394f5efe15b368fa34be4fd10c84105f3d394ac4ce3a4f24a963db8b39013,0,0,338,0.38115,main_grouped_repeated5fold|main|tgss_bmi|r2|f3|smote_r_rf
tgss_bmi,smogn_rf,1356,339,31,e2a86d2558b1a4804eaf4322651a0981ed96d1424821c13cd7b4f351edcb2461,6c0b55c6e88105694605d59f656f4745a28dcbebfe59b0fcad57409390986a1b,aecfdd12a97758e22a5a44a110d7a601dcbdf5cbe40432c07011dbf36f003216,smogn,854,2210,0.5,0,0,0,0,0,,,,339,5.242549375718441,4.061397213465369,-0.03509409803955488,51.21878337466017,14.983680059294953,16.583243491463936,55,284,0.16224188790560473,9.359873439602293,8.162202015747884,3.9800506610280046,3.2672272693613613,main_grouped_repeated5fold,main,TGSS BMI,2,3,43,50720304,100,c8188db815e523d8f26fc8e13d8bde98b02856d6710cca83402dc8575e12bac1,9cb394f5efe15b368fa34be4fd10c84105f3d394ac4ce3a4f24a963db8b39013,0,0,338,0.381683,main_grouped_repeated5fold|main|tgss_bmi|r2|f3|smogn_rf
tgss_bmi,relevance_weighted_rf,1356,339,31,e2a86d2558b1a4804eaf4322651a0981ed96d1424821c13cd7b4f351edcb2461,6c0b55c6e88105694605d59f656f4745a28dcbebfe59b0fcad57409390986a1b,aecfdd12a97758e22a5a44a110d7a601dcbdf5cbe40432c07011dbf36f003216,none,0,1356,0.1851032448377581,0,0,0,0,0,0.16519333270218942,1.0000000000000002,3.3038666540437878,339,4.915417473008847,3.7174163361771324,0.09005406064915378,50.92948595334441,14.902994053313602,15.21293202894397,55,284,0.16224188790560473,9.417613901032727,8.372527753462402,3.415303520641312,2.815898280012732,main_grouped_repeated5fold,main,TGSS BMI,2,3,43,50720305,100,c8188db815e523d8f26fc8e13d8bde98b02856d6710cca83402dc8575e12bac1,9cb394f5efe15b368fa34be4fd10c84105f3d394ac4ce3a4f24a963db8b39013,0,0,338,0.195354,main_grouped_repeated5fold|main|tgss_bmi|r2|f3|relevance_weighted_rf
tgss_bmi,ekk,1357,338,31,576b79e4660551d234a1c58c57793f86f150ec461f3388793a7f66b52cf92913,cf26fef3b858069738209754f9ebfd9189e378f5b03354b9cea09f98098e47bd,e29f52df5b2b30e731d6dfbc6cfc4995e0e7d4627f18f4504cd5bdbbfb9c04da,none,0,1357,0.18865143699336773,0,0,0,0,0,,,,338,4.691132521806538,3.590213306198197,0.1444958323242187,44.393238784614134,13.79134273418101,14.052249943798389,71,267,0.21005917159763313,8.150582865921038,7.364302181544453,3.1926887164419653,2.58661663897129,main_grouped_repeated5fold,main,TGSS BMI,2,4,43,50720401,100,45545b7a9df3e4a6b8b47a146a5208b451c2da8e788f770202dfdd0e6df1ce63,a584ee21458887bd0f1a410efebd3415ae438225d97b6c39abf73f104dbc473f,0,0,338,0.041913,main_grouped_repeated5fold|main|tgss_bmi|r2|f4|ekk
tgss_bmi,rf,1357,338,31,576b79e4660551d234a1c58c57793f86f150ec461f3388793a7f66b52cf92913,cf26fef3b858069738209754f9ebfd9189e378f5b03354b9cea09f98098e47bd,e29f52df5b2b30e731d6dfbc6cfc4995e0e7d4627f18f4504cd5bdbbfb9c04da,none,0,1357,0.18865143699336773,0,0,0,0,0,,,,338,4.659798984092214,3.616125714499195,0.15588602403292162,42.42214646880742,13.179697292061025,13.4298758313918,71,267,0.21005917159763313,7.924683421236702,7.168997871747735,3.284509358682081,2.671354466691532,main_grouped_repeated5fold,main,TGSS BMI,2,4,43,50720402,100,45545b7a9df3e4a6b8b47a146a5208b451c2da8e788f770202dfdd0e6df1ce63,a584ee21458887bd0f1a410efebd3415ae438225d97b6c39abf73f104dbc473f,0,0,338,0.190224,main_grouped_repeated5fold|main|tgss_bmi|r2|f4|rf
tgss_bmi,smote_r_rf,1357,338,31,576b79e4660551d234a1c58c57793f86f150ec461f3388793a7f66b52cf92913,cf26fef3b858069738209754f9ebfd9189e378f5b03354b9cea09f98098e47bd,e29f52df5b2b30e731d6dfbc6cfc4995e0e7d4627f18f4504cd5bdbbfb9c04da,smote_r,845,2202,0.5,0,0,0,0,0,,,,338,4.755443569480756,3.7970483499352183,0.12087872310931569,38.185323085076746,11.866968575713454,13.104022630941694,71,267,0.21005917159763313,7.252500062212043,6.376180129386814,3.8263342191150413,3.1112118093319845,main_grouped_repeated5fold,main,TGSS BMI,2,4,43,50720403,100,45545b7a9df3e4a6b8b47a146a5208b451c2da8e788f770202dfdd0e6df1ce63,a584ee21458887bd0f1a410efebd3415ae438225d97b6c39abf73f104dbc473f,0,0,338,0.384518,main_grouped_repeated5fold|main|tgss_bmi|r2|f4|smote_r_rf
tgss_bmi,smogn_rf,1357,338,31,576b79e4660551d234a1c58c57793f86f150ec461f3388793a7f66b52cf92913,cf26fef3b858069738209754f9ebfd9189e378f5b03354b9cea09f98098e47bd,e29f52df5b2b30e731d6dfbc6cfc4995e0e7d4627f18f4504cd5bdbbfb9c04da,smogn,845,2202,0.5,0,0,0,0,0,,,,338,4.635236784908962,3.6861769538364304,0.1647613648765971,36.3230187643095,11.289276265934168,12.193242502622233,71,267,0.21005917159763313,7.058622900854578,6.250421442911192,3.7349231562196987,3.004299205805314,main_grouped_repeated5fold,main,TGSS BMI,2,4,43,50720404,100,45545b7a9df3e4a6b8b47a146a5208b451c2da8e788f770202dfdd0e6df1ce63,a584ee21458887bd0f1a410efebd3415ae438225d97b6c39abf73f104dbc473f,0,0,338,0.372904,main_grouped_repeated5fold|main|tgss_bmi|r2|f4|smogn_rf
tgss_bmi,relevance_weighted_rf,1357,338,31,576b79e4660551d234a1c58c57793f86f150ec461f3388793a7f66b52cf92913,cf26fef3b858069738209754f9ebfd9189e378f5b03354b9cea09f98098e47bd,e29f52df5b2b30e731d6dfbc6cfc4995e0e7d4627f18f4504cd5bdbbfb9c04da,none,0,1357,0.18865143699336773,0,0,0,0,0,0.1614222370872661,1.0,3.228444741745322,338,4.689262529771411,3.6597771367652534,0.14517774319184484,42.363931244657614,13.161842295986133,13.499283422003561,71,267,0.21005917159763313,7.897584458453652,7.177493793042329,3.354209842342588,2.724354355508053,main_grouped_repeated5fold,main,TGSS BMI,2,4,43,50720405,100,45545b7a9df3e4a6b8b47a146a5208b451c2da8e788f770202dfdd0e6df1ce63,a584ee21458887bd0f1a410efebd3415ae438225d97b6c39abf73f104dbc473f,0,0,338,0.195632,main_grouped_repeated5fold|main|tgss_bmi|r2|f4|relevance_weighted_rf
tgss_bmi,ekk,1356,339,31,b018b1bd02749cb3c01149e33292d81ab10ec0c730fe7185ac118a5057e3cd73,1d729e1b551f3be74be938fe3a2d653d15f9c9d0033122b9b3817349d2a27a13,b8241e3cec2fb28afe7cfd903b6a00243d6bc03fb076934221d143b77e65c5e6,none,0,1356,0.19469026548672566,0,0,0,0,0,,,,339,4.550408358867413,3.5619145837027433,0.12192731892781472,39.72008441628843,12.088680491400384,12.31864460503381,59,280,0.17404129793510326,8.284704929079274,7.558809057677066,3.2567860432641145,2.7197118195438685,main_grouped_repeated5fold,main,TGSS BMI,2,5,43,50720501,100,623e58629df7e47b86f8f3f784e98fa4ddce17506ddf0df49ae14502e61839cc,ade779d7ef1eb2117afd9649281e13025d7207827866f790dee828d833ec07fe,0,0,338,0.061729,main_grouped_repeated5fold|main|tgss_bmi|r2|f5|ekk
tgss_bmi,rf,1356,339,31,b018b1bd02749cb3c01149e33292d81ab10ec0c730fe7185ac118a5057e3cd73,1d729e1b551f3be74be938fe3a2d653d15f9c9d0033122b9b3817349d2a27a13,b8241e3cec2fb28afe7cfd903b6a00243d6bc03fb076934221d143b77e65c5e6,none,0,1356,0.19469026548672566,0,0,0,0,0,,,,339,4.661447387507012,3.5752529149284618,0.07855101903129103,41.35299875530429,12.58583286474165,12.857175398824705,59,280,0.17404129793510326,8.517725530512578,7.679280296241014,3.3196465267332114,2.7104757167233173,main_grouped_repeated5fold,main,TGSS BMI,2,5,43,50720502,100,623e58629df7e47b86f8f3f784e98fa4ddce17506ddf0df49ae14502e61839cc,ade779d7ef1eb2117afd9649281e13025d7207827866f790dee828d833ec07fe,0,0,338,0.200284,main_grouped_repeated5fold|main|tgss_bmi|r2|f5|rf
tgss_bmi,smote_r_rf,1356,339,31,b018b1bd02749cb3c01149e33292d81ab10ec0c730fe7185ac118a5057e3cd73,1d729e1b551f3be74be938fe3a2d653d15f9c9d0033122b9b3817349d2a27a13,b8241e3cec2fb28afe7cfd903b6a00243d6bc03fb076934221d143b77e65c5e6,smote_r,828,2184,0.5,0,0,0,0,0,,,,339,4.8868433179209285,3.7561246959382655,-0.012713385369921282,39.93713334858072,12.156166236033101,13.542597886122842,59,280,0.17404129793510326,8.153202925535522,6.982501424732456,3.860852604006686,3.0762810280852033,main_grouped_repeated5fold,main,TGSS BMI,2,5,43,50720503,100,623e58629df7e47b86f8f3f784e98fa4ddce17506ddf0df49ae14502e61839cc,ade779d7ef1eb2117afd9649281e13025d7207827866f790dee828d833ec07fe,0,0,338,0.396996,main_grouped_repeated5fold|main|tgss_bmi|r2|f5|smote_r_rf
tgss_bmi,smogn_rf,1356,339,31,b018b1bd02749cb3c01149e33292d81ab10ec0c730fe7185ac118a5057e3cd73,1d729e1b551f3be74be938fe3a2d653d15f9c9d0033122b9b3817349d2a27a13,b8241e3cec2fb28afe7cfd903b6a00243d6bc03fb076934221d143b77e65c5e6,smogn,828,2184,0.5,0,0,0,0,0,,,,339,4.8564561583121435,3.7697574185992244,-0.00015812050620400697,39.27842969195986,11.956877138784266,13.144889206518972,59,280,0.17404129793510326,8.18392015743547,7.140536010963194,3.8002608068937915,3.059486215208246,main_grouped_repeated5fold,main,TGSS BMI,2,5,43,50720504,100,623e58629df7e47b86f8f3f784e98fa4ddce17506ddf0df49ae14502e61839cc,ade779d7ef1eb2117afd9649281e13025d7207827866f790dee828d833ec07fe,0,0,338,0.439564,main_grouped_repeated5fold|main|tgss_bmi|r2|f5|smogn_rf
tgss_bmi,relevance_weighted_rf,1356,339,31,b018b1bd02749cb3c01149e33292d81ab10ec0c730fe7185ac118a5057e3cd73,1d729e1b551f3be74be938fe3a2d653d15f9c9d0033122b9b3817349d2a27a13,b8241e3cec2fb28afe7cfd903b6a00243d6bc03fb076934221d143b77e65c5e6,none,0,1356,0.19469026548672566,0,0,0,0,0,0.16231538059527945,1.0,3.2463076119055887,339,4.576255475545945,3.5680612800426394,0.11192377512665042,39.03801800099412,11.880701348747383,12.16488223740592,59,280,0.17404129793510326,8.24064605207345,7.432615001017529,3.3235040201692394,2.753744603122931,main_grouped_repeated5fold,main,TGSS BMI,2,5,43,50720505,100,623e58629df7e47b86f8f3f784e98fa4ddce17506ddf0df49ae14502e61839cc,ade779d7ef1eb2117afd9649281e13025d7207827866f790dee828d833ec07fe,0,0,338,0.232378,main_grouped_repeated5fold|main|tgss_bmi|r2|f5|relevance_weighted_rf
tgss_income,ekk,2041,514,17,389ac07c552c9465f3340a416214d29fccd659f1705b772e03b9e7bfdaecfed6,356ddb1d43b20130936c2243300c075efcb69f82cf95594a03842a09dcc14bc8,aa1f0a07874ef475029d8830872abcb31b39784c2a20eef8601ef453284814ee,none,0,2041,0.12003919647231749,0,0,0,0,0,,,,514,18706.462637262113,11325.982771100962,0.32677571804259453,947570181.1096568,257391347.2977453,274491792.5499752,59,455,0.11478599221789883,45976.49276215112,31541.67778181623,11009.334830886704,8704.606934546673,main_grouped_repeated5fold,main,TGSS approximate personal monthly net income,1,1,42,50810101,100,3fdef85422b7f6967238b51b9b134126d2c5823fe47daf4a5445c75d3e143f24,9899e2afa85aa99d758ad2a33f6d857e42d976b56a58659fdf4803e41cdfa408,0,0,504,0.052317,main_grouped_repeated5fold|main|tgss_income|r1|f1|ekk
tgss_income,rf,2041,514,17,389ac07c552c9465f3340a416214d29fccd659f1705b772e03b9e7bfdaecfed6,356ddb1d43b20130936c2243300c075efcb69f82cf95594a03842a09dcc14bc8,aa1f0a07874ef475029d8830872abcb31b39784c2a20eef8601ef453284814ee,none,0,2041,0.12003919647231749,0,0,0,0,0,,,,514,18193.825367468806,10251.088731171738,0.3631685928104782,925248218.0011781,251246923.66537616,266496909.16585493,59,455,0.11478599221789883,45800.17457323915,30843.14583219149,10096.256647896818,7580.909898292254,main_grouped_repeated5fold,main,TGSS approximate personal monthly net income,1,1,42,50810102,100,3fdef85422b7f6967238b51b9b134126d2c5823fe47daf4a5445c75d3e143f24,9899e2afa85aa99d758ad2a33f6d857e42d976b56a58659fdf4803e41cdfa408,0,0,504,0.205299,main_grouped_repeated5fold|main|tgss_income|r1|f1|rf
tgss_income,smote_r_rf,2041,514,17,389ac07c552c9465f3340a416214d29fccd659f1705b772e03b9e7bfdaecfed6,356ddb1d43b20130936c2243300c075efcb69f82cf95594a03842a09dcc14bc8,aa1f0a07874ef475029d8830872abcb31b39784c2a20eef8601ef453284814ee,smote_r,1551,3592,0.5,0,0,0,0,0,,,,514,19281.662725052465,11883.12763601072,0.28473760281642013,876993369.7154346,238283546.20779043,290007319.8584212,59,455,0.11478599221789883,43153.80071179689,27058.33046481642,13360.877243769544,9915.354082385367,main_grouped_repeated5fold,main,TGSS approximate personal monthly net income,1,1,42,50810103,100,3fdef85422b7f6967238b51b9b134126d2c5823fe47daf4a5445c75d3e143f24,9899e2afa85aa99d758ad2a33f6d857e42d976b56a58659fdf4803e41cdfa408,0,0,504,0.552356,main_grouped_repeated5fold|main|tgss_income|r1|f1|smote_r_rf
tgss_income,smogn_rf,2041,514,17,389ac07c552c9465f3340a416214d29fccd659f1705b772e03b9e7bfdaecfed6,356ddb1d43b20130936c2243300c075efcb69f82cf95594a03842a09dcc14bc8,aa1f0a07874ef475029d8830872abcb31b39784c2a20eef8601ef453284814ee,smogn,1551,3592,0.5,0,0,0,0,0,,,,514,19074.040924690427,11793.38436985407,0.30005832851862757,848648493.9316231,230611410.91215223,281580854.5593109,59,455,0.11478599221789883,42534.7239866725,27170.41979205978,13281.40261247878,9799.439117304317,main_grouped_repeated5fold,main,TGSS approximate personal monthly net income,1,1,42,50810104,100,3fdef85422b7f6967238b51b9b134126d2c5823fe47daf4a5445c75d3e143f24,9899e2afa85aa99d758ad2a33f6d857e42d976b56a58659fdf4803e41cdfa408,0,0,504,0.54712,main_grouped_repeated5fold|main|tgss_income|r1|f1|smogn_rf
tgss_income,relevance_weighted_rf,2041,514,17,389ac07c552c9465f3340a416214d29fccd659f1705b772e03b9e7bfdaecfed6,356ddb1d43b20130936c2243300c075efcb69f82cf95594a03842a09dcc14bc8,aa1f0a07874ef475029d8830872abcb31b39784c2a20eef8601ef453284814ee,none,0,2041,0.12003919647231749,0,0,0,0,0,0.1848969015159516,1.0000000000000002,3.6979380303190315,514,18288.213652533967,10355.616809044102,0.35654377973088347,917665818.3694156,249188880.5945211,269282811.446725,59,455,0.11478599221789883,45451.95378622257,30468.247148413062,10485.45574003283,7747.605402400655,main_grouped_repeated5fold,main,TGSS approximate personal monthly net income,1,1,42,50810105,100,3fdef85422b7f6967238b51b9b134126d2c5823fe47daf4a5445c75d3e143f24,9899e2afa85aa99d758ad2a33f6d857e42d976b56a58659fdf4803e41cdfa408,0,0,504,0.182955,main_grouped_repeated5fold|main|tgss_income|r1|f1|relevance_weighted_rf
tgss_income,ekk,2046,509,17,6fa1b14825077de97a155b24ede2b8a9825666c51f344cbe0982a2fea58074da,40549d7abd6816e556bd67e32f471d10723c660719bc07d7bc4fa02e370fcf24,b1e418850853d33685a329e8835f13496afecdb3589e086ef9864e9804b67f1e,none,0,2046,0.1158357771260997,0,0,0,0,0,,,,509,16148.125910467961,10371.92134825759,0.4379092354124948,661300470.8818936,181248498.32695144,192337425.96204108,67,442,0.13163064833005894,36412.88806027512,26695.599229267722,9965.171136235043,7897.517687561485,main_grouped_repeated5fold,main,TGSS approximate personal monthly net income,1,2,42,50810201,100,58b6b2849be2bf6afd8abcc527979f48dac1f21467b59fbdf320035ef2de93b8,89d088b89eb0e8259bdfb260f86537c43a68f627762371df0cc4580584bcd367,0,0,504,0.03424,main_grouped_repeated5fold|main|tgss_income|r1|f2|ekk
tgss_income,rf,2046,509,17,6fa1b14825077de97a155b24ede2b8a9825666c51f344cbe0982a2fea58074da,40549d7abd6816e556bd67e32f471d10723c660719bc07d7bc4fa02e370fcf24,b1e418850853d33685a329e8835f13496afecdb3589e086ef9864e9804b67f1e,none,0,2046,0.1158357771260997,0,0,0,0,0,,,,509,16349.889364349094,10338.57741644777,0.42377535091814555,651943786.3617544,178681635.1955054,202856373.07128724,67,442,0.13163064833005894,36653.512965316244,27132.625693517002,10207.369155342492,7792.8732658513,main_grouped_repeated5fold,main,TGSS approximate personal monthly net income,1,2,42,50810202,100,58b6b2849be2bf6afd8abcc527979f48dac1f21467b59fbdf320035ef2de93b8,89d088b89eb0e8259bdfb260f86537c43a68f627762371df0cc4580584bcd367,0,0,504,0.183859,main_grouped_repeated5fold|main|tgss_income|r1|f2|rf
tgss_income,smote_r_rf,2046,509,17,6fa1b14825077de97a155b24ede2b8a9825666c51f344cbe0982a2fea58074da,40549d7abd6816e556bd67e32f471d10723c660719bc07d7bc4fa02e370fcf24,b1e418850853d33685a329e8835f13496afecdb3589e086ef9864e9804b67f1e,smote_r,1572,3618,0.5,0,0,0,0,0,,,,509,17972.160821413352,12007.504443454514,0.3037538800660706,612845598.5783855,168184484.01520002,240453429.55981383,67,442,0.13163064833005894,34073.108564849805,22524.896084087402,13999.09730844359,10413.239194761292,main_grouped_repeated5fold,main,TGSS approximate personal monthly net income,1,2,42,50810203,100,58b6b2849be2bf6afd8abcc527979f48dac1f21467b59fbdf320035ef2de93b8,89d088b89eb0e8259bdfb260f86537c43a68f627762371df0cc4580584bcd367,0,0,504,0.542815,main_grouped_repeated5fold|main|tgss_income|r1|f2|smote_r_rf
tgss_income,smogn_rf,2046,509,17,6fa1b14825077de97a155b24ede2b8a9825666c51f344cbe0982a2fea58074da,40549d7abd6816e556bd67e32f471d10723c660719bc07d7bc4fa02e370fcf24,b1e418850853d33685a329e8835f13496afecdb3589e086ef9864e9804b67f1e,smogn,1572,3618,0.5,0,0,0,0,0,,,,509,17466.68649553762,11652.894575616312,0.34236753266139974,616352575.6645594,169104086.65585345,224476079.0069807,67,442,0.13163064833005894,34573.10172503163,23576.562887932236,13043.893657033364,9845.460691170234,main_grouped_repeated5fold,main,TGSS approximate personal monthly net income,1,2,42,50810204,100,58b6b2849be2bf6afd8abcc527979f48dac1f21467b59fbdf320035ef2de93b8,89d088b89eb0e8259bdfb260f86537c43a68f627762371df0cc4580584bcd367,0,0,504,0.532408,main_grouped_repeated5fold|main|tgss_income|r1|f2|smogn_rf
tgss_income,relevance_weighted_rf,2046,509,17,6fa1b14825077de97a155b24ede2b8a9825666c51f344cbe0982a2fea58074da,40549d7abd6816e556bd67e32f471d10723c660719bc07d7bc4fa02e370fcf24,b1e418850853d33685a329e8835f13496afecdb3589e086ef9864e9804b67f1e,none,0,2046,0.1158357771260997,0,0,0,0,0,0.185429605503113,1.0000000000000002,3.70859211006226,509,16159.368126439773,10153.002437761794,0.4371263154031313,635957369.7047613,174303054.84863028,198897269.64766762,67,442,0.13163064833005894,36167.36053795727,26636.533336813853,10120.483669805953,7654.367663471096,main_grouped_repeated5fold,main,TGSS approximate personal monthly net income,1,2,42,50810205,100,58b6b2849be2bf6afd8abcc527979f48dac1f21467b59fbdf320035ef2de93b8,89d088b89eb0e8259bdfb260f86537c43a68f627762371df0cc4580584bcd367,0,0,504,0.190175,main_grouped_repeated5fold|main|tgss_income|r1|f2|relevance_weighted_rf
tgss_income,ekk,2039,516,17,374176a9c20d717afd3e4bfdeb9ef8503d549f90e80fea148d1da7d135b42d32,3137bc7c32191194efee769b327e4e31af24ea9fa05164f2f4fa6b31a39bbc01,80e6b6128741d87919577d4fbb551e627d20b671a9b3f4bd48d744761a7bead0,none,0,2039,0.12162824914173614,0,0,0,0,0,,,,516,17340.55680996204,10860.129738652067,0.3355218058031334,778659095.7868946,202923188.99555737,219323308.9857722,56,460,0.10852713178294573,42057.26198377629,27220.382683792086,11043.887726721834,8868.446771417632,main_grouped_repeated5fold,main,TGSS approximate personal monthly net income,1,3,42,50810301,100,80915a8fa13c70cb85e05607587768062cc08d7800d310e23290c7e02150b703,4507d9099d306a841e6221b09425fa9b83a926ec49b4810c15f80d82a35ba951,0,0,504,0.057567,main_grouped_repeated5fold|main|tgss_income|r1|f3|ekk
tgss_income,rf,2039,516,17,374176a9c20d717afd3e4bfdeb9ef8503d549f90e80fea148d1da7d135b42d32,3137bc7c32191194efee769b327e4e31af24ea9fa05164f2f4fa6b31a39bbc01,80e6b6128741d87919577d4fbb551e627d20b671a9b3f4bd48d744761a7bead0,none,0,2039,0.12162824914173614,0,0,0,0,0,,,,516,17174.87919322295,10383.459958331396,0.3481584529431283,760452464.6102499,198165848.57001168,220602085.32258233,56,460,0.10852713178294573,41613.803201479794,27617.63377875422,10957.64362064085,8285.386623671224,main_grouped_repeated5fold,main,TGSS approximate personal monthly net income,1,3,42,50810302,100,80915a8fa13c70cb85e05607587768062cc08d7800d310e23290c7e02150b703,4507d9099d306a841e6221b09425fa9b83a926ec49b4810c15f80d82a35ba951,0,0,504,0.213624,main_grouped_repeated5fold|main|tgss_income|r1|f3|rf
tgss_income,smote_r_rf,2039,516,17,374176a9c20d717afd3e4bfdeb9ef8503d549f90e80fea148d1da7d135b42d32,3137bc7c32191194efee769b327e4e31af24ea9fa05164f2f4fa6b31a39bbc01,80e6b6128741d87919577d4fbb551e627d20b671a9b3f4bd48d744761a7bead0,smote_r,1543,3582,0.5,0,0,0,0,0,,,,516,19320.381197744497,12383.086970076807,0.17512899492233835,746455261.0904001,194821389.69086862,278279755.6367277,56,460,0.10852713178294573,38742.24928057863,22574.154573640848,15362.08868591926,11142.435261816836,main_grouped_repeated5fold,main,TGSS approximate personal monthly net income,1,3,42,50810303,100,80915a8fa13c70cb85e05607587768062cc08d7800d310e23290c7e02150b703,4507d9099d306a841e6221b09425fa9b83a926ec49b4810c15f80d82a35ba951,0,0,504,0.64498,main_grouped_repeated5fold|main|tgss_income|r1|f3|smote_r_rf
tgss_income,smogn_rf,2039,516,17,374176a9c20d717afd3e4bfdeb9ef8503d549f90e80fea148d1da7d135b42d32,3137bc7c32191194efee769b327e4e31af24ea9fa05164f2f4fa6b31a39bbc01,80e6b6128741d87919577d4fbb551e627d20b671a9b3f4bd48d744761a7bead0,smogn,1543,3582,0.5,0,0,0,0,0,,,,516,18709.099604769177,11834.109310451822,0.22649979986361368,721727852.2307662,188304096.98339337,262961262.48951665,56,460,0.10852713178294573,38428.718260217116,22824.960028504545,14589.80978956603,10496.092701297577,main_grouped_repeated5fold,main,TGSS approximate personal monthly net income,1,3,42,50810304,100,80915a8fa13c70cb85e05607587768062cc08d7800d310e23290c7e02150b703,4507d9099d306a841e6221b09425fa9b83a926ec49b4810c15f80d82a35ba951,0,0,504,0.604869,main_grouped_repeated5fold|main|tgss_income|r1|f3|smogn_rf
tgss_income,relevance_weighted_rf,2039,516,17,374176a9c20d717afd3e4bfdeb9ef8503d549f90e80fea148d1da7d135b42d32,3137bc7c32191194efee769b327e4e31af24ea9fa05164f2f4fa6b31a39bbc01,80e6b6128741d87919577d4fbb551e627d20b671a9b3f4bd48d744761a7bead0,none,0,2039,0.12162824914173614,0,0,0,0,0,0.18312890976951396,0.9999999999999999,3.662578195390279,516,16879.33555594018,10219.365497532299,0.37039908577749614,727976887.5617492,189703352.46122593,211819627.07296064,56,460,0.10852713178294573,40693.287794518,27251.60356501656,10862.953627935898,8145.875645838562,main_grouped_repeated5fold,main,TGSS approximate personal monthly net income,1,3,42,50810305,100,80915a8fa13c70cb85e05607587768062cc08d7800d310e23290c7e02150b703,4507d9099d306a841e6221b09425fa9b83a926ec49b4810c15f80d82a35ba951,0,0,504,0.213109,main_grouped_repeated5fold|main|tgss_income|r1|f3|relevance_weighted_rf
tgss_income,ekk,2046,509,17,9df16d6198c25a62c6ca1aa15e853f865a3358cd1878e169067677835b97adb7,2d7eb9aa5f9a87bcce02059cca30498c8dc28d222f05625c6dd2eb7a25025c8f,c4175c4c644f4b4b7fd609cf56f22f4abbf1b7194709b1e81c61bc6792556cff,none,0,2046,0.11925708699902249,0,0,0,0,0,,,,509,22326.591785720277,12071.335863415625,0.2627803889148125,1487151605.4078085,399179875.2539464,417109976.8796109,60,449,0.11787819253438114,56956.34353066269,35011.41676283911,11471.1933763083,9005.846210931417,main_grouped_repeated5fold,main,TGSS approximate personal monthly net income,1,4,42,50810401,100,7850a5f62941202979c18c0153c541c70768c051025e397d00483ef31f0b9786,b6335134a0a87d9f2da8365235545399076c3e755b9d6b582885d20f6f10de7f,0,0,504,0.039188,main_grouped_repeated5fold|main|tgss_income|r1|f4|ekk
tgss_income,rf,2046,509,17,9df16d6198c25a62c6ca1aa15e853f865a3358cd1878e169067677835b97adb7,2d7eb9aa5f9a87bcce02059cca30498c8dc28d222f05625c6dd2eb7a25025c8f,c4175c4c644f4b4b7fd609cf56f22f4abbf1b7194709b1e81c61bc6792556cff,none,0,2046,0.11925708699902249,0,0,0,0,0,,,,509,22505.910975483785,11506.634839166372,0.250890665073766,1459897635.5888813,391909133.788794,437154276.781931,60,449,0.11787819253438114,56067.37783241133,34899.31792552767,12414.841974098583,8380.663825398715,main_grouped_repeated5fold,main,TGSS approximate personal monthly net income,1,4,42,50810402,100,7850a5f62941202979c18c0153c541c70768c051025e397d00483ef31f0b9786,b6335134a0a87d9f2da8365235545399076c3e755b9d6b582885d20f6f10de7f,0,0,504,0.204597,main_grouped_repeated5fold|main|tgss_income|r1|f4|rf
tgss_income,smote_r_rf,2046,509,17,9df16d6198c25a62c6ca1aa15e853f865a3358cd1878e169067677835b97adb7,2d7eb9aa5f9a87bcce02059cca30498c8dc28d222f05625c6dd2eb7a25025c8f,c4175c4c644f4b4b7fd609cf56f22f4abbf1b7194709b1e81c61bc6792556cff,smote_r,1558,3604,0.5,0,0,0,0,0,,,,509,23366.508891328784,13446.164218947668,0.1925053058769245,1364350459.6063938,366471741.7573539,456726630.28075767,60,449,0.11787819253438114,52925.116763573824,31828.6754752643,15641.212014076738,10989.703917435423,main_grouped_repeated5fold,main,TGSS approximate personal monthly net income,1,4,42,50810403,100,7850a5f62941202979c18c0153c541c70768c051025e397d00483ef31f0b9786,b6335134a0a87d9f2da8365235545399076c3e755b9d6b582885d20f6f10de7f,0,0,504,0.544352,main_grouped_repeated5fold|main|tgss_income|r1|f4|smote_r_rf
tgss_income,smogn_rf,2046,509,17,9df16d6198c25a62c6ca1aa15e853f865a3358cd1878e169067677835b97adb7,2d7eb9aa5f9a87bcce02059cca30498c8dc28d222f05625c6dd2eb7a25025c8f,c4175c4c644f4b4b7fd609cf56f22f4abbf1b7194709b1e81c61bc6792556cff,smogn,1558,3604,0.5,0,0,0,0,0,,,,509,23399.5349495671,12921.40566964158,0.1902210781936391,1414491958.533404,379886005.95079327,462029938.22344095,60,449,0.11787819253438114,54099.53709343842,32751.29173790049,15152.62862281525,10271.532252947736,main_grouped_repeated5fold,main,TGSS approximate personal monthly net income,1,4,42,50810404,100,7850a5f62941202979c18c0153c541c70768c051025e397d00483ef31f0b9786,b6335134a0a87d9f2da8365235545399076c3e755b9d6b582885d20f6f10de7f,0,0,504,0.583262,main_grouped_repeated5fold|main|tgss_income|r1|f4|smogn_rf
tgss_income,relevance_weighted_rf,2046,509,17,9df16d6198c25a62c6ca1aa15e853f865a3358cd1878e169067677835b97adb7,2d7eb9aa5f9a87bcce02059cca30498c8dc28d222f05625c6dd2eb7a25025c8f,c4175c4c644f4b4b7fd609cf56f22f4abbf1b7194709b1e81c61bc6792556cff,none,0,2046,0.11925708699902249,0,0,0,0,0,0.18436993663786358,1.0,3.6873987327572713,509,22431.292963004325,11412.406506851514,0.2558497522082622,1444755896.5521297,387872471.5655273,435304797.68641067,60,449,0.11787819253438114,55581.96025555127,33890.21229550631,12552.664983021466,8408.690811262897,main_grouped_repeated5fold,main,TGSS approximate personal monthly net income,1,4,42,50810405,100,7850a5f62941202979c18c0153c541c70768c051025e397d00483ef31f0b9786,b6335134a0a87d9f2da8365235545399076c3e755b9d6b582885d20f6f10de7f,0,0,504,0.187308,main_grouped_repeated5fold|main|tgss_income|r1|f4|relevance_weighted_rf
tgss_income,ekk,2048,507,17,2b5ffd236be3b92249ef20409ef6b362692be248de9756dd5237719245f75c92,aa9b72d2f69123107bfa81d7bad40f47c666dc0f28cb4c9a8be39e26bb60be63,3c664ada418f5261da519da88a675a3812c4cbc4d83a15d1be0f18801f573213,none,0,2048,0.1181640625,0,0,0,0,0,,,,507,19588.164675784876,10947.40329059499,0.33173749753497006,1105929285.2142313,299930191.6975976,312412734.0879772,62,445,0.1222879684418146,48894.40194794143,30617.162328994666,10201.662505611492,8206.897536930317,main_grouped_repeated5fold,main,TGSS approximate personal monthly net income,1,5,42,50810501,100,143b534d068c7e55620f271cd56bfc6ede4954049eae9f1de695985adfd54e6f,95562f21ccb06d97ee010e728b013c4ab8c7e863e995768d3d00c5f95a8127dc,0,0,503,0.048714,main_grouped_repeated5fold|main|tgss_income|r1|f5|ekk
tgss_income,rf,2048,507,17,2b5ffd236be3b92249ef20409ef6b362692be248de9756dd5237719245f75c92,aa9b72d2f69123107bfa81d7bad40f47c666dc0f28cb4c9a8be39e26bb60be63,3c664ada418f5261da519da88a675a3812c4cbc4d83a15d1be0f18801f573213,none,0,2048,0.1181640625,0,0,0,0,0,,,,507,19350.71591213723,10862.588851989083,0.3478407267492133,1039743603.2492627,281986607.86080134,305316631.4963205,62,445,0.1222879684418146,47322.17805191684,30580.05105678707,10705.89099562199,8115.436814466668,main_grouped_repeated5fold,main,TGSS approximate personal monthly net income,1,5,42,50810502,100,143b534d068c7e55620f271cd56bfc6ede4954049eae9f1de695985adfd54e6f,95562f21ccb06d97ee010e728b013c4ab8c7e863e995768d3d00c5f95a8127dc,0,0,503,0.208382,main_grouped_repeated5fold|main|tgss_income|r1|f5|rf
tgss_income,smote_r_rf,2048,507,17,2b5ffd236be3b92249ef20409ef6b362692be248de9756dd5237719245f75c92,aa9b72d2f69123107bfa81d7bad40f47c666dc0f28cb4c9a8be39e26bb60be63,3c664ada418f5261da519da88a675a3812c4cbc4d83a15d1be0f18801f573213,smote_r,1564,3612,0.5,0,0,0,0,0,,,,507,20655.99088025589,13084.295305697999,0.25689246300675483,975454240.018153,264764237.78062207,335657512.4963848,62,445,0.1222879684418146,44511.80220124541,27673.498704580274,14493.782948836317,11051.642247876198,main_grouped_repeated5fold,main,TGSS approximate personal monthly net income,1,5,42,50810503,100,143b534d068c7e55620f271cd56bfc6ede4954049eae9f1de695985adfd54e6f,95562f21ccb06d97ee010e728b013c4ab8c7e863e995768d3d00c5f95a8127dc,0,0,503,0.592962,main_grouped_repeated5fold|main|tgss_income|r1|f5|smote_r_rf
tgss_income,smogn_rf,2048,507,17,2b5ffd236be3b92249ef20409ef6b362692be248de9756dd5237719245f75c92,aa9b72d2f69123107bfa81d7bad40f47c666dc0f28cb4c9a8be39e26bb60be63,3c664ada418f5261da519da88a675a3812c4cbc4d83a15d1be0f18801f573213,smogn,1564,3612,0.5,0,0,0,0,0,,,,507,20590.502069466944,12339.81350603744,0.2615969658119056,998450476.8994802,271017756.41613233,343144997.87283975,62,445,0.1222879684418146,45204.66037253548,27584.460937150685,14083.02567098651,10215.840156084585,main_grouped_repeated5fold,main,TGSS approximate personal monthly net income,1,5,42,50810504,100,143b534d068c7e55620f271cd56bfc6ede4954049eae9f1de695985adfd54e6f,95562f21ccb06d97ee010e728b013c4ab8c7e863e995768d3d00c5f95a8127dc,0,0,503,0.594675,main_grouped_repeated5fold|main|tgss_income|r1|f5|smogn_rf
tgss_income,relevance_weighted_rf,2048,507,17,2b5ffd236be3b92249ef20409ef6b362692be248de9756dd5237719245f75c92,aa9b72d2f69123107bfa81d7bad40f47c666dc0f28cb4c9a8be39e26bb60be63,3c664ada418f5261da519da88a675a3812c4cbc4d83a15d1be0f18801f573213,none,0,2048,0.1181640625,0,0,0,0,0,0.18496266718855506,1.0,3.699253343771101,507,19018.553529955152,10804.051042177094,0.37003769069061754,1006661131.2641369,273009064.6047026,292992564.04752463,62,445,0.1222879684418146,46467.46803222204,30210.79205534362,10548.192298859127,8100.190496522432,main_grouped_repeated5fold,main,TGSS approximate personal monthly net income,1,5,42,50810505,100,143b534d068c7e55620f271cd56bfc6ede4954049eae9f1de695985adfd54e6f,95562f21ccb06d97ee010e728b013c4ab8c7e863e995768d3d00c5f95a8127dc,0,0,503,0.189562,main_grouped_repeated5fold|main|tgss_income|r1|f5|relevance_weighted_rf
tgss_income,ekk,2042,513,17,445f2146d7c1674dea6b8179956eae101f9563560a602864233699bb3e92b9e5,050112cf5dca8ba3cf9fcc235e3924420c78345ecd55232f87fba9e7f0a07cae,8a9e7aa9af7e52291b55ba24132ce6cf40b6238cf142aef9c893b9190b93274b,none,0,2042,0.12193927522037218,0,0,0,0,0,,,,513,18170.434029332337,10762.892298114675,0.3213241727554552,889579413.9827074,237268122.86434013,255434289.7213372,55,458,0.10721247563352826,45184.67479186905,28659.186997574685,11164.06637847404,8613.773939009216,main_grouped_repeated5fold,main,TGSS approximate personal monthly net income,2,1,43,50820101,100,cfc7ea222bd93fd4aea63f8d3083923f299c69ec6c7aadc933618067f89b1481,887c96c5cbd368cc860ab9153f47bf0e7fa8a8a0604f78b21a0de59cd0ae5690,0,0,504,0.036278,main_grouped_repeated5fold|main|tgss_income|r2|f1|ekk
tgss_income,rf,2042,513,17,445f2146d7c1674dea6b8179956eae101f9563560a602864233699bb3e92b9e5,050112cf5dca8ba3cf9fcc235e3924420c78345ecd55232f87fba9e7f0a07cae,8a9e7aa9af7e52291b55ba24132ce6cf40b6238cf142aef9c893b9190b93274b,none,0,2042,0.12193927522037218,0,0,0,0,0,,,,513,17875.219237401623,10428.018276300629,0.3431979000620553,810463367.4762163,216201200.41564697,255356781.03557172,55,458,0.10721247563352826,42848.88937473099,27911.811981242645,11722.224792668982,8328.436062825058,main_grouped_repeated5fold,main,TGSS approximate personal monthly net income,2,1,43,50820102,100,cfc7ea222bd93fd4aea63f8d3083923f299c69ec6c7aadc933618067f89b1481,887c96c5cbd368cc860ab9153f47bf0e7fa8a8a0604f78b21a0de59cd0ae5690,0,0,504,0.189765,main_grouped_repeated5fold|main|tgss_income|r2|f1|rf
tgss_income,smote_r_rf,2042,513,17,445f2146d7c1674dea6b8179956eae101f9563560a602864233699bb3e92b9e5,050112cf5dca8ba3cf9fcc235e3924420c78345ecd55232f87fba9e7f0a07cae,8a9e7aa9af7e52291b55ba24132ce6cf40b6238cf142aef9c893b9190b93274b,smote_r,1544,3586,0.5,0,0,0,0,0,,,,513,19803.981964822135,12594.573589926902,0.1938110841760462,828249088.6323236,221161163.8779719,307433968.0250292,55,458,0.10721247563352826,41827.59280033463,25149.105469571266,15139.259482896498,11086.933298703232,main_grouped_repeated5fold,main,TGSS approximate personal monthly net income,2,1,43,50820103,100,cfc7ea222bd93fd4aea63f8d3083923f299c69ec6c7aadc933618067f89b1481,887c96c5cbd368cc860ab9153f47bf0e7fa8a8a0604f78b21a0de59cd0ae5690,0,0,504,0.547428,main_grouped_repeated5fold|main|tgss_income|r2|f1|smote_r_rf
tgss_income,smogn_rf,2042,513,17,445f2146d7c1674dea6b8179956eae101f9563560a602864233699bb3e92b9e5,050112cf5dca8ba3cf9fcc235e3924420c78345ecd55232f87fba9e7f0a07cae,8a9e7aa9af7e52291b55ba24132ce6cf40b6238cf142aef9c893b9190b93274b,smogn,1544,3586,0.5,0,0,0,0,0,,,,513,19349.799367722295,11997.330894697052,0.23036517435293646,817200841.8043188,218165610.36790973,294062675.21446025,55,458,0.10721247563352826,41974.85178873755,25734.352397629387,14415.156787110871,10347.688574475922,main_grouped_repeated5fold,main,TGSS approximate personal monthly net income,2,1,43,50820104,100,cfc7ea222bd93fd4aea63f8d3083923f299c69ec6c7aadc933618067f89b1481,887c96c5cbd368cc860ab9153f47bf0e7fa8a8a0604f78b21a0de59cd0ae5690,0,0,504,0.543139,main_grouped_repeated5fold|main|tgss_income|r2|f1|smogn_rf
tgss_income,relevance_weighted_rf,2042,513,17,445f2146d7c1674dea6b8179956eae101f9563560a602864233699bb3e92b9e5,050112cf5dca8ba3cf9fcc235e3924420c78345ecd55232f87fba9e7f0a07cae,8a9e7aa9af7e52291b55ba24132ce6cf40b6238cf142aef9c893b9190b93274b,none,0,2042,0.12193927522037218,0,0,0,0,0,0.18414069811607522,1.0,3.682813962321504,513,18050.049985231057,10445.086655815247,0.3302872049550989,838166556.4365752,223584579.28093016,260615790.0052113,55,458,0.10721247563352826,43759.04299011487,27778.916462256657,11618.071190057852,8363.513207443459,main_grouped_repeated5fold,main,TGSS approximate personal monthly net income,2,1,43,50820105,100,cfc7ea222bd93fd4aea63f8d3083923f299c69ec6c7aadc933618067f89b1481,887c96c5cbd368cc860ab9153f47bf0e7fa8a8a0604f78b21a0de59cd0ae5690,0,0,504,0.188627,main_grouped_repeated5fold|main|tgss_income|r2|f1|relevance_weighted_rf
tgss_income,ekk,2046,509,17,7a35ff576397ae5f82c15b29083ed0f34c9c7784cd14c1257b7c405e1fc777d8,713b76ff0774ff075d3f818e97acaf2d305ce243999f9d07541ac253ee3b27f3,8de6b5d8ca813e23895688f842dd16a974143cbdb7bdbcf8d0593fbca51d71e1,none,0,2046,0.11485826001955034,0,0,0,0,0,,,,509,15692.892604765097,10726.121218222126,0.4228251041334604,570472325.0956002,158508971.89878535,173234244.28704384,69,440,0.13555992141453832,33285.42832872015,25861.330434412725,10542.487530364124,8352.645227501325,main_grouped_repeated5fold,main,TGSS approximate personal monthly net income,2,2,43,50820201,100,750134034ada43b33b5ba93e49cfce3955e786c6688de18971bf68ac2f80f265,42d61e3f862368deb3319ac102317e0bdd1c2615adbe8e383a21a627bbe8d549,0,0,504,0.047593,main_grouped_repeated5fold|main|tgss_income|r2|f2|ekk
tgss_income,rf,2046,509,17,7a35ff576397ae5f82c15b29083ed0f34c9c7784cd14c1257b7c405e1fc777d8,713b76ff0774ff075d3f818e97acaf2d305ce243999f9d07541ac253ee3b27f3,8de6b5d8ca813e23895688f842dd16a974143cbdb7bdbcf8d0593fbca51d71e1,none,0,2046,0.11485826001955034,0,0,0,0,0,,,,509,15468.352664404943,9943.467483781498,0.43922381979281244,591961795.9490448,164399379.5853647,177709501.12066954,69,440,0.13555992141453832,34324.38307826178,27284.420979027316,9593.455462997845,7224.090685663403,main_grouped_repeated5fold,main,TGSS approximate personal monthly net income,2,2,43,50820202,100,750134034ada43b33b5ba93e49cfce3955e786c6688de18971bf68ac2f80f265,42d61e3f862368deb3319ac102317e0bdd1c2615adbe8e383a21a627bbe8d549,0,0,504,0.20369,main_grouped_repeated5fold|main|tgss_income|r2|f2|rf
tgss_income,smote_r_rf,2046,509,17,7a35ff576397ae5f82c15b29083ed0f34c9c7784cd14c1257b7c405e1fc777d8,713b76ff0774ff075d3f818e97acaf2d305ce243999f9d07541ac253ee3b27f3,8de6b5d8ca813e23895688f842dd16a974143cbdb7bdbcf8d0593fbca51d71e1,smote_r,1576,3622,0.5,0,0,0,0,0,,,,509,16820.59151543487,11813.941262563752,0.3368924749610369,531017022.2703756,147677141.32870847,197840811.10266817,69,440,0.13555992141453832,30549.654812539582,22408.117345671177,13451.607112713547,10152.581831349178,main_grouped_repeated5fold,main,TGSS approximate personal monthly net income,2,2,43,50820203,100,750134034ada43b33b5ba93e49cfce3955e786c6688de18971bf68ac2f80f265,42d61e3f862368deb3319ac102317e0bdd1c2615adbe8e383a21a627bbe8d549,0,0,504,0.542285,main_grouped_repeated5fold|main|tgss_income|r2|f2|smote_r_rf
tgss_income,smogn_rf,2046,509,17,7a35ff576397ae5f82c15b29083ed0f34c9c7784cd14c1257b7c405e1fc777d8,713b76ff0774ff075d3f818e97acaf2d305ce243999f9d07541ac253ee3b27f3,8de6b5d8ca813e23895688f842dd16a974143cbdb7bdbcf8d0593fbca51d71e1,smogn,1576,3622,0.5,0,0,0,0,0,,,,509,16426.755483209316,11481.135466434054,0.3675808484820665,520149496.1932461,144659962.47185457,187553215.16082197,69,440,0.13555992141453832,30549.21571936756,23368.972653535708,12876.434290823738,9616.906453002204,main_grouped_repeated5fold,main,TGSS approximate personal monthly net income,2,2,43,50820204,100,750134034ada43b33b5ba93e49cfce3955e786c6688de18971bf68ac2f80f265,42d61e3f862368deb3319ac102317e0bdd1c2615adbe8e383a21a627bbe8d549,0,0,504,0.556687,main_grouped_repeated5fold|main|tgss_income|r2|f2|smogn_rf
tgss_income,relevance_weighted_rf,2046,509,17,7a35ff576397ae5f82c15b29083ed0f34c9c7784cd14c1257b7c405e1fc777d8,713b76ff0774ff075d3f818e97acaf2d305ce243999f9d07541ac253ee3b27f3,8de6b5d8ca813e23895688f842dd16a974143cbdb7bdbcf8d0593fbca51d71e1,none,0,2046,0.11485826001955034,0,0,0,0,0,0.18599661612842344,1.0000000000000004,3.7199323225684684,509,15523.297057079917,10027.64932313944,0.43523293215864733,586411014.9149077,162870439.7598098,177411228.23127043,69,440,0.13555992141453832,34115.824527065815,26783.394507432462,9810.332700632936,7400.043828329853,main_grouped_repeated5fold,main,TGSS approximate personal monthly net income,2,2,43,50820205,100,750134034ada43b33b5ba93e49cfce3955e786c6688de18971bf68ac2f80f265,42d61e3f862368deb3319ac102317e0bdd1c2615adbe8e383a21a627bbe8d549,0,0,504,0.181712,main_grouped_repeated5fold|main|tgss_income|r2|f2|relevance_weighted_rf
tgss_income,ekk,2048,507,17,160990db71fca867eaa1d0fb064e928a8479ef46087a5e0d5f38788d6e42fd40,faf85aac4f7881db482280b442ee66041e6fef8dcd593d34aea6e668c319004c,c39d6a2e462da9073f3e55512f0955eba867b1e61debe27272c9401bcc8c5bd0,none,0,2048,0.12158203125,0,0,0,0,0,,,,507,22006.312405232464,11355.854213308865,0.31944596841455175,1511806641.159595,404366267.8506381,416413582.89495575,55,452,0.10848126232741617,60095.611112296705,37232.056118981454,10186.024307069032,8207.201326556671,main_grouped_repeated5fold,main,TGSS approximate personal monthly net income,2,3,43,50820301,100,3c1afc031ec393d0cc3267f88caeb4026c4052d01173ee20a4437e9e3d85a512,46b10895dfaa801911ff8260120dafcc7d4b96320a66702a49f476880d33d225,0,0,504,0.047807,main_grouped_repeated5fold|main|tgss_income|r2|f3|ekk
tgss_income,rf,2048,507,17,160990db71fca867eaa1d0fb064e928a8479ef46087a5e0d5f38788d6e42fd40,faf85aac4f7881db482280b442ee66041e6fef8dcd593d34aea6e668c319004c,c39d6a2e462da9073f3e55512f0955eba867b1e61debe27272c9401bcc8c5bd0,none,0,2048,0.12158203125,0,0,0,0,0,,,,507,21718.268507819386,11161.158370169256,0.3371451178991677,1434243474.48713,383621046.2152763,405564296.36587304,55,452,0.10848126232741617,58431.828733482,36768.21906091898,10659.456341782543,8045.2549675337805,main_grouped_repeated5fold,main,TGSS approximate personal monthly net income,2,3,43,50820302,100,3c1afc031ec393d0cc3267f88caeb4026c4052d01173ee20a4437e9e3d85a512,46b10895dfaa801911ff8260120dafcc7d4b96320a66702a49f476880d33d225,0,0,504,0.188658,main_grouped_repeated5fold|main|tgss_income|r2|f3|rf
tgss_income,smote_r_rf,2048,507,17,160990db71fca867eaa1d0fb064e928a8479ef46087a5e0d5f38788d6e42fd40,faf85aac4f7881db482280b442ee66041e6fef8dcd593d34aea6e668c319004c,c39d6a2e462da9073f3e55512f0955eba867b1e61debe27272c9401bcc8c5bd0,smote_r,1550,3598,0.5,0,0,0,0,0,,,,507,22617.82213047992,13160.19383704718,0.2810980991877736,1361443540.3504305,364358004.47602105,424336541.82695365,55,452,0.10848126232741617,55763.08031250483,33081.774883588114,13980.093162319052,10736.107647755694,main_grouped_repeated5fold,main,TGSS approximate personal monthly net income,2,3,43,50820303,100,3c1afc031ec393d0cc3267f88caeb4026c4052d01173ee20a4437e9e3d85a512,46b10895dfaa801911ff8260120dafcc7d4b96320a66702a49f476880d33d225,0,0,504,0.538236,main_grouped_repeated5fold|main|tgss_income|r2|f3|smote_r_rf
tgss_income,smogn_rf,2048,507,17,160990db71fca867eaa1d0fb064e928a8479ef46087a5e0d5f38788d6e42fd40,faf85aac4f7881db482280b442ee66041e6fef8dcd593d34aea6e668c319004c,c39d6a2e462da9073f3e55512f0955eba867b1e61debe27272c9401bcc8c5bd0,smogn,1550,3598,0.5,0,0,0,0,0,,,,507,22621.259605799925,12805.869276014251,0.28087956397113134,1382126895.0805504,369863447.6010496,429013609.1722439,55,452,0.10848126232741617,56441.116466057494,33851.66452984843,13651.37706133208,10244.987110171596,main_grouped_repeated5fold,main,TGSS approximate personal monthly net income,2,3,43,50820304,100,3c1afc031ec393d0cc3267f88caeb4026c4052d01173ee20a4437e9e3d85a512,46b10895dfaa801911ff8260120dafcc7d4b96320a66702a49f476880d33d225,0,0,504,0.529808,main_grouped_repeated5fold|main|tgss_income|r2|f3|smogn_rf
tgss_income,relevance_weighted_rf,2048,507,17,160990db71fca867eaa1d0fb064e928a8479ef46087a5e0d5f38788d6e42fd40,faf85aac4f7881db482280b442ee66041e6fef8dcd593d34aea6e668c319004c,c39d6a2e462da9073f3e55512f0955eba867b1e61debe27272c9401bcc8c5bd0,none,0,2048,0.12158203125,0,0,0,0,0,0.18431889685313144,1.0,3.686377937062628,507,21684.886805062215,11125.336951108315,0.33918121202853924,1437857558.7582314,384584925.31384045,405130105.6627451,55,452,0.10848126232741617,58585.63946394749,36764.04826795943,10478.96700363926,8005.582255473777,main_grouped_repeated5fold,main,TGSS approximate personal monthly net income,2,3,43,50820305,100,3c1afc031ec393d0cc3267f88caeb4026c4052d01173ee20a4437e9e3d85a512,46b10895dfaa801911ff8260120dafcc7d4b96320a66702a49f476880d33d225,0,0,504,0.175983,main_grouped_repeated5fold|main|tgss_income|r2|f3|relevance_weighted_rf
tgss_income,ekk,2041,514,17,413090a2374f7854867676f3e02cda80732b6efcd498bf356a926ef8f20be996,f75d1343e620adc7cac8bc75cf3f4dda39402d2f4a2fd2c57e00b9fd43d53acd,8aa8ca855c1cb3b2cfb27e0bf2f37afb2916b78b806896be4e3b0e504b6e67b5,none,0,2041,0.11856932876041157,0,0,0,0,0,,,,514,17250.970895259674,11148.98058781137,0.3519659630392784,739583541.2246615,199893685.0428217,214391416.22887963,62,452,0.12062256809338522,39469.933525605855,26922.617220238233,11168.069599138127,8985.340164779363,main_grouped_repeated5fold,main,TGSS approximate personal monthly net income,2,4,43,50820401,100,59463d169cfdba34c590a9d578c05f03a2dabdd7b60c4a0069b689f57593f177,1dc6eec268e9634106a45dd420f1445a71ca23732387ead4848d543a8e37e514,0,0,504,0.035563,main_grouped_repeated5fold|main|tgss_income|r2|f4|ekk
tgss_income,rf,2041,514,17,413090a2374f7854867676f3e02cda80732b6efcd498bf356a926ef8f20be996,f75d1343e620adc7cac8bc75cf3f4dda39402d2f4a2fd2c57e00b9fd43d53acd,8aa8ca855c1cb3b2cfb27e0bf2f37afb2916b78b806896be4e3b0e504b6e67b5,none,0,2041,0.11856932876041157,0,0,0,0,0,,,,514,16239.442642940323,10085.657934205332,0.4257341754725049,650144615.6322873,175717564.88097614,191368101.87391025,62,452,0.12062256809338522,37155.32658770352,25936.73501039398,10513.338285540625,7911.395149418394,main_grouped_repeated5fold,main,TGSS approximate personal monthly net income,2,4,43,50820402,100,59463d169cfdba34c590a9d578c05f03a2dabdd7b60c4a0069b689f57593f177,1dc6eec268e9634106a45dd420f1445a71ca23732387ead4848d543a8e37e514,0,0,504,0.175353,main_grouped_repeated5fold|main|tgss_income|r2|f4|rf
tgss_income,smote_r_rf,2041,514,17,413090a2374f7854867676f3e02cda80732b6efcd498bf356a926ef8f20be996,f75d1343e620adc7cac8bc75cf3f4dda39402d2f4a2fd2c57e00b9fd43d53acd,8aa8ca855c1cb3b2cfb27e0bf2f37afb2916b78b806896be4e3b0e504b6e67b5,smote_r,1557,3598,0.5,0,0,0,0,0,,,,514,18167.119213423175,12180.434838042142,0.28130791114592235,644388268.4505881,174321831.63199645,233884151.52130198,62,452,0.12062256809338522,35289.43088899028,23152.24066106484,14300.14895116311,10675.452623379733,main_grouped_repeated5fold,main,TGSS approximate personal monthly net income,2,4,43,50820403,100,59463d169cfdba34c590a9d578c05f03a2dabdd7b60c4a0069b689f57593f177,1dc6eec268e9634106a45dd420f1445a71ca23732387ead4848d543a8e37e514,0,0,504,0.523277,main_grouped_repeated5fold|main|tgss_income|r2|f4|smote_r_rf
tgss_income,smogn_rf,2041,514,17,413090a2374f7854867676f3e02cda80732b6efcd498bf356a926ef8f20be996,f75d1343e620adc7cac8bc75cf3f4dda39402d2f4a2fd2c57e00b9fd43d53acd,8aa8ca855c1cb3b2cfb27e0bf2f37afb2916b78b806896be4e3b0e504b6e67b5,smogn,1557,3598,0.5,0,0,0,0,0,,,,514,17541.456588760382,11883.296620040433,0.32995798160323486,586251698.1596568,158613616.99937183,217551793.8655225,62,452,0.12062256809338522,33542.692745835644,23097.0718884981,13984.997393341742,10345.123906225444,main_grouped_repeated5fold,main,TGSS approximate personal monthly net income,2,4,43,50820404,100,59463d169cfdba34c590a9d578c05f03a2dabdd7b60c4a0069b689f57593f177,1dc6eec268e9634106a45dd420f1445a71ca23732387ead4848d543a8e37e514,0,0,504,0.527045,main_grouped_repeated5fold|main|tgss_income|r2|f4|smogn_rf
tgss_income,relevance_weighted_rf,2041,514,17,413090a2374f7854867676f3e02cda80732b6efcd498bf356a926ef8f20be996,f75d1343e620adc7cac8bc75cf3f4dda39402d2f4a2fd2c57e00b9fd43d53acd,8aa8ca855c1cb3b2cfb27e0bf2f37afb2916b78b806896be4e3b0e504b6e67b5,none,0,2041,0.11856932876041157,0,0,0,0,0,0.1819414465946998,1.0000000000000002,3.6388289318939955,514,16064.988432910044,10211.443658285427,0.4380061454370844,621974683.6824464,168113265.23057172,183764879.65275854,62,452,0.12062256809338522,36307.30895678883,25865.530283838165,10614.464399977242,8064.201687523768,main_grouped_repeated5fold,main,TGSS approximate personal monthly net income,2,4,43,50820405,100,59463d169cfdba34c590a9d578c05f03a2dabdd7b60c4a0069b689f57593f177,1dc6eec268e9634106a45dd420f1445a71ca23732387ead4848d543a8e37e514,0,0,504,0.193814,main_grouped_repeated5fold|main|tgss_income|r2|f4|relevance_weighted_rf
tgss_income,ekk,2043,512,17,5bc8570d47a6c1deb1993151a92bf7664b710d4d7a67ff95542ae624eaaff30a,5187d5bea9a1965bf5db3c72de5dde07d6abba0855fdc3f73cc213ff2f145d1a,aec6cd56101b17df472f058a50dd0fb5db6f643729d9c9e459cb222d7863127c,none,0,2043,0.1179637787567303,0,0,0,0,0,,,,512,20888.42078891736,11581.326725339099,0.2765456454098908,1276476379.753829,341854138.56737036,356418573.2862508,63,449,0.123046875,52262.5035540743,33096.60793064232,10691.327220825313,8562.478805664037,main_grouped_repeated5fold,main,TGSS approximate personal monthly net income,2,5,43,50820501,100,4730172ec5c25df54a8d3580cea1190dbda2f3c25c06bf01a45d3a3a47e36cd5,a14c8c59c5838d847d0b4936485c66c1ad25675c2e0c3635ffe1fe55b9f2e3cf,0,0,503,0.036864,main_grouped_repeated5fold|main|tgss_income|r2|f5|ekk
tgss_income,rf,2043,512,17,5bc8570d47a6c1deb1993151a92bf7664b710d4d7a67ff95542ae624eaaff30a,5187d5bea9a1965bf5db3c72de5dde07d6abba0855fdc3f73cc213ff2f145d1a,aec6cd56101b17df472f058a50dd0fb5db6f643729d9c9e459cb222d7863127c,none,0,2043,0.1179637787567303,0,0,0,0,0,,,,512,20517.13909869121,10960.487255704484,0.3020351922160074,1230585621.7133915,329523622.6363744,350122575.80586326,63,449,0.123046875,51567.98935505843,32366.111168120056,10338.880517912363,7957.025548617221,main_grouped_repeated5fold,main,TGSS approximate personal monthly net income,2,5,43,50820502,100,4730172ec5c25df54a8d3580cea1190dbda2f3c25c06bf01a45d3a3a47e36cd5,a14c8c59c5838d847d0b4936485c66c1ad25675c2e0c3635ffe1fe55b9f2e3cf,0,0,503,0.191953,main_grouped_repeated5fold|main|tgss_income|r2|f5|rf
tgss_income,smote_r_rf,2043,512,17,5bc8570d47a6c1deb1993151a92bf7664b710d4d7a67ff95542ae624eaaff30a,5187d5bea9a1965bf5db3c72de5dde07d6abba0855fdc3f73cc213ff2f145d1a,aec6cd56101b17df472f058a50dd0fb5db6f643729d9c9e459cb222d7863127c,smote_r,1561,3604,0.5,0,0,0,0,0,,,,512,21056.93182136028,12367.909179868486,0.26482606376337814,1124539860.2869725,301293044.9037728,355546509.6541066,63,449,0.123046875,48409.96106387774,29624.539865171646,13296.0037697814,9946.600197298112,main_grouped_repeated5fold,main,TGSS approximate personal monthly net income,2,5,43,50820503,100,4730172ec5c25df54a8d3580cea1190dbda2f3c25c06bf01a45d3a3a47e36cd5,a14c8c59c5838d847d0b4936485c66c1ad25675c2e0c3635ffe1fe55b9f2e3cf,0,0,503,0.571681,main_grouped_repeated5fold|main|tgss_income|r2|f5|smote_r_rf
tgss_income,smogn_rf,2043,512,17,5bc8570d47a6c1deb1993151a92bf7664b710d4d7a67ff95542ae624eaaff30a,5187d5bea9a1965bf5db3c72de5dde07d6abba0855fdc3f73cc213ff2f145d1a,aec6cd56101b17df472f058a50dd0fb5db6f643729d9c9e459cb222d7863127c,smogn,1561,3604,0.5,0,0,0,0,0,,,,512,21043.244261791013,12161.978694778483,0.2657815179206565,1132643526.05385,303478833.5946661,357015734.22677916,63,449,0.123046875,48639.072360405735,29410.255909393953,13153.204017803379,9741.841802750032,main_grouped_repeated5fold,main,TGSS approximate personal monthly net income,2,5,43,50820504,100,4730172ec5c25df54a8d3580cea1190dbda2f3c25c06bf01a45d3a3a47e36cd5,a14c8c59c5838d847d0b4936485c66c1ad25675c2e0c3635ffe1fe55b9f2e3cf,0,0,503,0.551685,main_grouped_repeated5fold|main|tgss_income|r2|f5|smogn_rf
tgss_income,relevance_weighted_rf,2043,512,17,5bc8570d47a6c1deb1993151a92bf7664b710d4d7a67ff95542ae624eaaff30a,5187d5bea9a1965bf5db3c72de5dde07d6abba0855fdc3f73cc213ff2f145d1a,aec6cd56101b17df472f058a50dd0fb5db6f643729d9c9e459cb222d7863127c,none,0,2043,0.1179637787567303,0,0,0,0,0,0.18425771556907947,1.0,3.685154311381589,512,20331.372442156695,10866.955109283197,0.31461702533765123,1207680617.1448734,323413463.56744355,342288706.695797,63,449,0.123046875,50990.386376315495,31558.227215239305,10322.365330211727,7963.7253928572845,main_grouped_repeated5fold,main,TGSS approximate personal monthly net income,2,5,43,50820505,100,4730172ec5c25df54a8d3580cea1190dbda2f3c25c06bf01a45d3a3a47e36cd5,a14c8c59c5838d847d0b4936485c66c1ad25675c2e0c3635ffe1fe55b9f2e3cf,0,0,503,0.202367,main_grouped_repeated5fold|main|tgss_income|r2|f5|relevance_weighted_rf
